{"type":"FeatureCollection","features":[{"type":"Feature","geometry":{"type":"Polygon","coordinates":[[[-74.050508,40.566422],[-74.049984,40.566396],[-74.049316,40.565888],[-74.049236,40.565363],[-74.050026,40.565318],[-74.050744,40.565887],[-74.050913,40.566134],[-74.050696,40.566361],[-74.051072,40.566722],[-74.050508,40.566422]]]},"properties":{"borough":"Staten Island"}},{"type":"Feature","geometry":{"type":"Polygon","coordinates":[[[-74.05314,40.577703],[-74.05406,40.577116],[-74.054898,40.577782],[-74.054846,40.579946],[-74.053686,40.580549],[-74.052932,40.579902],[-74.05314,40.577703]]]},"properties":{"borough":"Staten Island"}},{"type":"Feature","geometry":{"type":"Polygon","coordinates":[[[-74.159456,40.641448],[-74.161112,40.641835],[-74.161534,40.644156],[-74.158098,40.643758],[-74.157558,40.64324],[-74.158587,40.64246],[-74.158811,40.641759],[-74.159456,40.641448]]]},"properties":{"borough":"Staten Island"}},{"type":"Feature","geometry":{"type":"Polygon","coordinates":[[[-74.082213,40.64828],[-74.081422,40.648505],[-74.078995,40.648143],[-74.076507,40.646969],[-74.074453,40.645067],[-74.073958,40.645193],[-74.073591,40.644999],[-74.073857,40.645425],[-74.073338,40.645783],[-74.07369,40.645306],[-74.073239,40.644964],[-74.073025,40.645131],[-74.073056,40.644808],[-74.073426,40.645001],[-74.073122,40.644715],[-74.072799,40.64491],[-74.072588,40.644791],[-74.072698,40.644441],[-74.071658,40.645034],[-74.072309,40.644578],[-74.072018,40.644412],[-74.072292,40.644266],[-74.072185,40.64411],[-74.071861,40.644202],[-74.072001,40.643781],[-74.07165,40.643787],[-74.071417,40.643193],[-74.071131,40.643205],[-74.071503,40.643129],[-74.071649,40.64268],[-74.072184,40.642714],[-74.07211,40.642463],[-74.070374,40.642691],[-74.070329,40.642526],[-74.073238,40.642185],[-74.073144,40.641853],[-74.070247,40.642207],[-74.070194,40.642008],[-74.073087,40.641637],[-74.07289,40.640923],[-74.070018,40.641278],[-74.069984,40.641069],[-74.07285,40.640804],[-74.072777,40.640529],[-74.073077,40.640513],[-74.07309,40.638619],[-74.072379,40.638163],[-74.072606,40.638136],[-74.072573,40.637872],[-74.073484,40.637787],[-74.073373,40.636611],[-74.072095,40.636647],[-74.073358,40.636536],[-74.072908,40.633634],[-74.073328,40.632058],[-74.072985,40.630309],[-74.068022,40.628788],[-74.06813,40.628539],[-74.072912,40.629996],[-74.072295,40.627138],[-74.073527,40.626863],[-74.072705,40.626874],[-74.072255,40.624609],[-74.070027,40.621454],[-74.066493,40.618898],[-74.065961,40.619359],[-74.06641,40.618864],[-74.066199,40.618722],[-74.065446,40.619203],[-74.066682,40.618067],[-74.066416,40.617872],[-74.06605,40.618195],[-74.064962,40.617772],[-74.064257,40.618172],[-74.065099,40.617511],[-74.064437,40.617062],[-74.063909,40.617329],[-74.064327,40.616989],[-74.063761,40.616799],[-74.06144,40.614378],[-74.060337,40.611902],[-74.059854,40.612103],[-74.060198,40.612786],[-74.059999,40.612784],[-74.059769,40.612057],[-74.060272,40.61182],[-74.059476,40.611691],[-74.058922,40.611056],[-74.059086,40.610634],[-74.057164,40.608743],[-74.056496,40.607248],[-74.055521,40.606483],[-74.05516,40.60673],[-74.05506,40.606265],[-74.053811,40.605913],[-74.053607,40.605239],[-74.05402,40.604935],[-74.053033,40.601466],[-74.053422,40.600516],[-74.05223,40.599824],[-74.052872,40.599867],[-74.054474,40.598756],[-74.057194,40.596395],[-74.059727,40.593908],[-74.059641,40.593709],[-74.059767,40.593835],[-74.060554,40.59338],[-74.062153,40.592025],[-74.065033,40.588991],[-74.06436,40.588268],[-74.064778,40.588488],[-74.067223,40.586734],[-74.070963,40.583182],[-74.071492,40.582169],[-74.070658,40.581626],[-74.071467,40.582027],[-74.071776,40.581877],[-74.074994,40.579237],[-74.07332,40.578457],[-74.073361,40.578275],[-74.073551,40.578198],[-74.075083,40.57916],[-74.075798,40.578309],[-74.075235,40.577999],[-74.075346,40.577888],[-74.076016,40.578245],[-74.076882,40.577637],[-74.076737,40.577373],[-74.076939,40.577534],[-74.077375,40.577282],[-74.079263,40.575671],[-74.078679,40.575082],[-74.079336,40.575627],[-74.080503,40.57498],[-74.085953,40.570298],[-74.086913,40.568986],[-74.086216,40.568533],[-74.087251,40.569082],[-74.088304,40.56833],[-74.089249,40.567016],[-74.089983,40.56738],[-74.090999,40.566737],[-74.094071,40.562732],[-74.095424,40.563155],[-74.096614,40.562087],[-74.098198,40.559836],[-74.09829,40.559333],[-74.097821,40.559053],[-74.098764,40.559424],[-74.09938,40.558964],[-74.099869,40.559094],[-74.1008,40.558322],[-74.101846,40.556217],[-74.101354,40.555583],[-74.102651,40.556134],[-74.103098,40.555905],[-74.104659,40.55412],[-74.105089,40.553235],[-74.104844,40.553026],[-74.106428,40.553853],[-74.106482,40.554157],[-74.107348,40.554148],[-74.110285,40.551496],[-74.112788,40.547884],[-74.11301,40.54778],[-74.113383,40.548073],[-74.114738,40.547997],[-74.115462,40.547515],[-74.116545,40.547872],[-74.118041,40.547307],[-74.119778,40.54547],[-74.121601,40.545278],[-74.1225,40.544858],[-74.126382,40.540521],[-74.130712,40.534535],[-74.133564,40.531511],[-74.136908,40.529282],[-74.137285,40.52974],[-74.138251,40.529691],[-74.138929,40.530035],[-74.139151,40.53152],[-74.140611,40.534131],[-74.14037,40.535307],[-74.140041,40.535488],[-74.138437,40.535219],[-74.135768,40.535232],[-74.13381,40.535643],[-74.133026,40.53624],[-74.133369,40.536356],[-74.133012,40.536256],[-74.133161,40.536374],[-74.132943,40.536322],[-74.131195,40.537872],[-74.131526,40.537719],[-74.131293,40.537957],[-74.131814,40.538307],[-74.132112,40.538052],[-74.131698,40.537857],[-74.131846,40.537735],[-74.132136,40.538033],[-74.132424,40.537775],[-74.131912,40.537533],[-74.13208,40.537395],[-74.132453,40.53776],[-74.132755,40.537505],[-74.132236,40.537263],[-74.132398,40.537119],[-74.132776,40.537484],[-74.133074,40.537229],[-74.132558,40.536991],[-74.132736,40.536855],[-74.133095,40.537212],[-74.133392,40.536958],[-74.132874,40.53672],[-74.133035,40.536575],[-74.13341,40.53694],[-74.133861,40.536598],[-74.129969,40.539968],[-74.130209,40.539703],[-74.129684,40.539472],[-74.129846,40.539327],[-74.130228,40.539684],[-74.130522,40.539426],[-74.130003,40.539172],[-74.130169,40.539033],[-74.130542,40.539409],[-74.130839,40.539148],[-74.130322,40.5389],[-74.130485,40.538759],[-74.130859,40.539131],[-74.131153,40.538874],[-74.130654,40.538617],[-74.1308,40.538492],[-74.131174,40.538855],[-74.131474,40.538598],[-74.130975,40.538342],[-74.13112,40.538219],[-74.131497,40.538581],[-74.131794,40.538326],[-74.131165,40.5379],[-74.128133,40.540553],[-74.127563,40.541454],[-74.127393,40.542434],[-74.12767,40.543381],[-74.127928,40.543373],[-74.12763,40.543609],[-74.12799,40.543484],[-74.127819,40.543564],[-74.12823,40.544155],[-74.129649,40.545664],[-74.131107,40.546387],[-74.13347,40.546855],[-74.135857,40.546452],[-74.136412,40.546252],[-74.136516,40.545915],[-74.137096,40.545952],[-74.13718,40.545793],[-74.136115,40.54502],[-74.136384,40.544855],[-74.137193,40.545784],[-74.137508,40.545578],[-74.136589,40.544845],[-74.136873,40.544683],[-74.13795,40.546],[-74.13887,40.54513],[-74.137624,40.544254],[-74.137756,40.544145],[-74.138755,40.544934],[-74.13902,40.544716],[-74.137868,40.544053],[-74.138043,40.543905],[-74.139033,40.544705],[-74.139539,40.544295],[-74.139145,40.54451],[-74.139421,40.544206],[-74.138975,40.544376],[-74.13922,40.544067],[-74.139083,40.543968],[-74.138876,40.544244],[-74.138728,40.54413],[-74.139078,40.54396],[-74.138835,40.543791],[-74.138586,40.544105],[-74.138415,40.543978],[-74.138823,40.543784],[-74.13854,40.543588],[-74.13828,40.543867],[-74.138526,40.543579],[-74.138342,40.543552],[-74.138523,40.543402],[-74.13957,40.544272],[-74.139837,40.544052],[-74.138706,40.543291],[-74.138906,40.543132],[-74.138771,40.543291],[-74.139037,40.543227],[-74.139676,40.543889],[-74.139889,40.543752],[-74.139865,40.544027],[-74.140013,40.54383],[-74.140386,40.544033],[-74.13922,40.543166],[-74.139408,40.543017],[-74.140296,40.54364],[-74.140287,40.543385],[-74.139361,40.542826],[-74.139537,40.542682],[-74.140306,40.543367],[-74.140627,40.543113],[-74.139632,40.542541],[-74.139859,40.542357],[-74.140646,40.543094],[-74.140845,40.542939],[-74.141324,40.543094],[-74.140165,40.542366],[-74.140335,40.542228],[-74.140207,40.542365],[-74.141411,40.543022],[-74.141079,40.542791],[-74.141335,40.542589],[-74.140263,40.541962],[-74.14068,40.541909],[-74.141349,40.542578],[-74.141294,40.542336],[-74.141481,40.542468],[-74.141349,40.54229],[-74.14155,40.542411],[-74.141797,40.5422],[-74.140895,40.541571],[-74.14064,40.541695],[-74.140958,40.541432],[-74.141873,40.542167],[-74.141692,40.542348],[-74.142299,40.542252],[-74.142477,40.541334],[-74.141777,40.540088],[-74.142005,40.539568],[-74.141729,40.539339],[-74.142304,40.53907],[-74.141766,40.538542],[-74.142265,40.53814],[-74.141838,40.538422],[-74.142167,40.537933],[-74.141219,40.537254],[-74.141042,40.537347],[-74.141298,40.537138],[-74.142186,40.537918],[-74.14239,40.537753],[-74.141583,40.537088],[-74.143834,40.537137],[-74.144741,40.535801],[-74.145434,40.535823],[-74.145997,40.53539],[-74.146696,40.535414],[-74.149217,40.534242],[-74.149777,40.533888],[-74.149758,40.533424],[-74.150696,40.532546],[-74.15112,40.532741],[-74.151853,40.532164],[-74.152457,40.532068],[-74.154001,40.530832],[-74.153898,40.530674],[-74.154104,40.530761],[-74.154628,40.530354],[-74.154544,40.530062],[-74.154929,40.530225],[-74.155648,40.529643],[-74.155504,40.529438],[-74.155732,40.529601],[-74.15599,40.52942],[-74.156449,40.528932],[-74.156187,40.528611],[-74.156671,40.528993],[-74.157019,40.528978],[-74.158261,40.5283],[-74.157972,40.528067],[-74.158326,40.528278],[-74.159701,40.527296],[-74.160304,40.527556],[-74.161582,40.527013],[-74.162272,40.527194],[-74.169997,40.523046],[-74.170508,40.523049],[-74.171287,40.523458],[-74.172697,40.522969],[-74.176012,40.520876],[-74.177583,40.519231],[-74.178319,40.519946],[-74.179244,40.519984],[-74.17981,40.520552],[-74.181052,40.520663],[-74.184831,40.519341],[-74.186567,40.518116],[-74.188499,40.516313],[-74.189269,40.515345],[-74.188843,40.515087],[-74.189712,40.51532],[-74.194096,40.510641],[-74.195213,40.509978],[-74.196499,40.509924],[-74.198608,40.511197],[-74.199672,40.511427],[-74.200059,40.512619],[-74.198926,40.512777],[-74.199073,40.513084],[-74.200829,40.513031],[-74.207569,40.511856],[-74.209688,40.510797],[-74.20919,40.510499],[-74.209322,40.510399],[-74.209714,40.510778],[-74.209853,40.510672],[-74.213531,40.506397],[-74.213855,40.506607],[-74.214343,40.506519],[-74.215108,40.50606],[-74.217582,40.503341],[-74.21977,40.502743],[-74.223047,40.502478],[-74.225002,40.50177],[-74.227294,40.502297],[-74.231244,40.501827],[-74.236788,40.500001],[-74.237668,40.499123],[-74.238513,40.498896],[-74.239849,40.497583],[-74.244328,40.497547],[-74.245489,40.497045],[-74.246761,40.496134],[-74.248374,40.496331],[-74.249642,40.496838],[-74.250855,40.498006],[-74.251104,40.498934],[-74.253161,40.500125],[-74.25472,40.502965],[-74.255343,40.504302],[-74.255532,40.507861],[-74.254629,40.508675],[-74.254973,40.508806],[-74.254619,40.508684],[-74.253998,40.50897],[-74.254315,40.509414],[-74.254021,40.509273],[-74.253689,40.509426],[-74.254647,40.509826],[-74.254526,40.509973],[-74.253648,40.509471],[-74.253316,40.509862],[-74.253064,40.511055],[-74.253258,40.511089],[-74.253008,40.511194],[-74.253527,40.511678],[-74.253036,40.511433],[-74.25309,40.512122],[-74.251952,40.512997],[-74.252126,40.51371],[-74.250112,40.515045],[-74.250555,40.515716],[-74.250156,40.515361],[-74.249888,40.515522],[-74.25056,40.516107],[-74.250415,40.516188],[-74.249215,40.515085],[-74.249942,40.516137],[-74.249431,40.515688],[-74.248648,40.516113],[-74.24876,40.516356],[-74.248546,40.51617],[-74.248284,40.516487],[-74.248946,40.517195],[-74.249408,40.516981],[-74.248514,40.517476],[-74.248919,40.517208],[-74.247518,40.515736],[-74.24693,40.516066],[-74.24644,40.515965],[-74.246129,40.516137],[-74.24675,40.516496],[-74.24651,40.51667],[-74.246996,40.517182],[-74.246479,40.516687],[-74.246537,40.51696],[-74.24635,40.516753],[-74.245209,40.51729],[-74.245635,40.518076],[-74.245088,40.518067],[-74.244298,40.518515],[-74.243652,40.518295],[-74.242325,40.518327],[-74.241031,40.519543],[-74.240491,40.519192],[-74.239823,40.520091],[-74.241173,40.52106],[-74.241332,40.520895],[-74.242932,40.521227],[-74.242584,40.522199],[-74.242802,40.524007],[-74.243358,40.524819],[-74.243965,40.524905],[-74.243339,40.525854],[-74.242887,40.5282],[-74.24251,40.528446],[-74.242245,40.529823],[-74.241507,40.531041],[-74.241811,40.532563],[-74.242178,40.532576],[-74.242046,40.534346],[-74.243697,40.53608],[-74.244125,40.536196],[-74.244148,40.536881],[-74.244588,40.536933],[-74.244937,40.536664],[-74.245337,40.536906],[-74.244427,40.538016],[-74.245394,40.539552],[-74.245602,40.54095],[-74.246486,40.542213],[-74.247678,40.543125],[-74.248035,40.543093],[-74.246137,40.545696],[-74.243363,40.547865],[-74.243584,40.547624],[-74.242936,40.547113],[-74.242203,40.546949],[-74.240392,40.547663],[-74.238372,40.549142],[-74.23762,40.550123],[-74.236415,40.550508],[-74.236165,40.551429],[-74.236508,40.552027],[-74.2364,40.552335],[-74.234899,40.553005],[-74.233324,40.552509],[-74.232291,40.553364],[-74.231933,40.55415],[-74.23071,40.555558],[-74.23025,40.555387],[-74.22932,40.555492],[-74.229052,40.556107],[-74.228332,40.55639],[-74.227437,40.556039],[-74.226405,40.556256],[-74.223903,40.555897],[-74.223864,40.556098],[-74.223443,40.556047],[-74.223786,40.55588],[-74.222575,40.555406],[-74.221799,40.555417],[-74.22157,40.555649],[-74.221299,40.555366],[-74.220867,40.55594],[-74.220297,40.555598],[-74.219744,40.554613],[-74.219081,40.554847],[-74.219217,40.555797],[-74.218958,40.554858],[-74.218593,40.554674],[-74.21875,40.556028],[-74.217753,40.555005],[-74.216042,40.555544],[-74.214741,40.556242],[-74.214993,40.556795],[-74.214623,40.556913],[-74.213765,40.556397],[-74.213275,40.556625],[-74.21201,40.558357],[-74.21188,40.559597],[-74.211169,40.560486],[-74.21134,40.56123],[-74.211096,40.562131],[-74.21138,40.563492],[-74.209535,40.567928],[-74.208867,40.56891],[-74.208926,40.569624],[-74.208017,40.570518],[-74.207836,40.57261],[-74.207078,40.574266],[-74.207284,40.575255],[-74.206812,40.575922],[-74.207089,40.576306],[-74.20658,40.576653],[-74.206808,40.57718],[-74.206323,40.577539],[-74.205917,40.578617],[-74.205993,40.58041],[-74.205081,40.581599],[-74.205089,40.582208],[-74.204401,40.583713],[-74.204634,40.584323],[-74.204119,40.585896],[-74.204581,40.588218],[-74.204122,40.588881],[-74.204323,40.589137],[-74.204705,40.588772],[-74.204435,40.589218],[-74.204646,40.589286],[-74.203859,40.59025],[-74.203886,40.589786],[-74.202659,40.590722],[-74.202378,40.590645],[-74.202014,40.590896],[-74.202468,40.590839],[-74.203053,40.591141],[-74.202027,40.590999],[-74.201841,40.591636],[-74.202003,40.591781],[-74.202316,40.591524],[-74.200925,40.592866],[-74.200471,40.592812],[-74.199741,40.593565],[-74.199362,40.594094],[-74.199483,40.594321],[-74.197514,40.596799],[-74.197306,40.59806],[-74.19876,40.601712],[-74.200149,40.603683],[-74.201385,40.604637],[-74.202218,40.60597],[-74.202816,40.608271],[-74.202302,40.611876],[-74.202444,40.613285],[-74.200453,40.616328],[-74.200914,40.617799],[-74.200875,40.6181],[-74.200542,40.617998],[-74.200352,40.618342],[-74.20084,40.618804],[-74.200681,40.619168],[-74.20107,40.620382],[-74.200506,40.6203],[-74.200428,40.620495],[-74.200873,40.620591],[-74.201432,40.621613],[-74.201275,40.622688],[-74.201546,40.622698],[-74.201632,40.623122],[-74.201077,40.624078],[-74.201061,40.625895],[-74.201417,40.626071],[-74.200986,40.629344],[-74.200426,40.629821],[-74.200408,40.63025],[-74.200792,40.63035],[-74.200403,40.630292],[-74.200185,40.631329],[-74.200401,40.631459],[-74.200173,40.631361],[-74.198622,40.632738],[-74.19803,40.632771],[-74.198025,40.633029],[-74.197344,40.632998],[-74.196785,40.633392],[-74.196879,40.633761],[-74.19631,40.634054],[-74.196029,40.634996],[-74.195307,40.635234],[-74.195201,40.635708],[-74.194423,40.636582],[-74.194542,40.63707],[-74.194787,40.637132],[-74.194623,40.637391],[-74.193583,40.637469],[-74.19372,40.637567],[-74.186525,40.643389],[-74.186232,40.643187],[-74.185909,40.643631],[-74.185114,40.643806],[-74.185248,40.643944],[-74.184836,40.644128],[-74.184113,40.64353],[-74.18437,40.6431],[-74.183651,40.64224],[-74.184026,40.6431],[-74.183846,40.643266],[-74.183242,40.642964],[-74.183667,40.64461],[-74.182889,40.6448],[-74.181184,40.644586],[-74.180872,40.644851],[-74.180482,40.644279],[-74.180041,40.644288],[-74.179965,40.645267],[-74.17973,40.644381],[-74.179331,40.644401],[-74.179251,40.645042],[-74.179075,40.644647],[-74.179036,40.643395],[-74.179405,40.643129],[-74.179587,40.641918],[-74.179187,40.642988],[-74.178257,40.642129],[-74.178341,40.642589],[-74.177812,40.6426],[-74.177686,40.642949],[-74.177211,40.643123],[-74.176705,40.642417],[-74.176358,40.642327],[-74.176687,40.642552],[-74.176668,40.643387],[-74.175603,40.643311],[-74.175472,40.644123],[-74.175685,40.64471],[-74.175467,40.644647],[-74.175297,40.645075],[-74.174366,40.645136],[-74.172941,40.644205],[-74.173002,40.643585],[-74.172362,40.643256],[-74.172721,40.642948],[-74.171963,40.642858],[-74.171508,40.643134],[-74.171336,40.642856],[-74.17186,40.642523],[-74.171479,40.641703],[-74.171587,40.64103],[-74.17298,40.640486],[-74.17157,40.641012],[-74.17105,40.642594],[-74.171193,40.64174],[-74.170286,40.641775],[-74.170079,40.642086],[-74.169153,40.641873],[-74.169064,40.64213],[-74.166534,40.641423],[-74.1661,40.642407],[-74.166319,40.641437],[-74.165801,40.641225],[-74.165443,40.642281],[-74.164941,40.642209],[-74.16519,40.640642],[-74.164734,40.640391],[-74.164415,40.641397],[-74.164597,40.640316],[-74.164169,40.639994],[-74.164002,40.641066],[-74.164047,40.639947],[-74.16385,40.639892],[-74.163454,40.639857],[-74.163246,40.640957],[-74.162805,40.641038],[-74.161675,40.640611],[-74.162285,40.638766],[-74.161819,40.638646],[-74.161449,40.639428],[-74.16166,40.638665],[-74.16124,40.638595],[-74.160905,40.639386],[-74.161082,40.638568],[-74.160348,40.638444],[-74.159864,40.639928],[-74.160225,40.638339],[-74.159857,40.638729],[-74.15932,40.63781],[-74.159056,40.638039],[-74.15901,40.638823],[-74.158933,40.638264],[-74.157893,40.637965],[-74.157734,40.638879],[-74.157774,40.637957],[-74.156103,40.63794],[-74.156115,40.637531],[-74.155699,40.637518],[-74.155685,40.637787],[-74.154829,40.637724],[-74.154693,40.639194],[-74.154597,40.637343],[-74.152797,40.637133],[-74.152697,40.637642],[-74.152218,40.637693],[-74.152298,40.638274],[-74.152046,40.637667],[-74.151195,40.637731],[-74.151395,40.639397],[-74.15113,40.638501],[-74.150556,40.638559],[-74.149447,40.637405],[-74.149419,40.638292],[-74.149194,40.638668],[-74.148882,40.638705],[-74.148558,40.637438],[-74.148778,40.638876],[-74.146022,40.639095],[-74.145193,40.639378],[-74.143862,40.638888],[-74.143361,40.63971],[-74.142388,40.639641],[-74.142298,40.640306],[-74.141556,40.640367],[-74.14148,40.640092],[-74.140763,40.640589],[-74.137576,40.641001],[-74.13737,40.641295],[-74.134353,40.641887],[-74.132992,40.641417],[-74.132403,40.641704],[-74.131256,40.641597],[-74.131462,40.64131],[-74.130325,40.640778],[-74.130123,40.641017],[-74.130184,40.640724],[-74.129491,40.641355],[-74.129977,40.64073],[-74.129307,40.640337],[-74.128933,40.640414],[-74.128907,40.641195],[-74.128812,40.640227],[-74.127527,40.640155],[-74.127027,40.639319],[-74.127054,40.640242],[-74.12607,40.640254],[-74.126368,40.641332],[-74.12564,40.641418],[-74.126133,40.641264],[-74.125995,40.640231],[-74.124156,40.640135],[-74.122856,40.640821],[-74.122604,40.640597],[-74.122826,40.641294],[-74.121841,40.641406],[-74.121991,40.641555],[-74.121807,40.641412],[-74.121779,40.641593],[-74.121553,40.641612],[-74.121724,40.641429],[-74.121326,40.641607],[-74.121312,40.641453],[-74.121172,40.641669],[-74.121281,40.641432],[-74.121077,40.641607],[-74.12118,40.641383],[-74.120713,40.641046],[-74.119935,40.641198],[-74.119607,40.64138],[-74.119957,40.642209],[-74.11953,40.64147],[-74.119097,40.641473],[-74.1194,40.642379],[-74.119003,40.641465],[-74.118616,40.64153],[-74.118836,40.642542],[-74.118402,40.64153],[-74.117917,40.641826],[-74.117699,40.641543],[-74.117121,40.641668],[-74.117224,40.641844],[-74.116722,40.642032],[-74.117225,40.643027],[-74.116666,40.642107],[-74.1163,40.642203],[-74.11667,40.64319],[-74.116142,40.642216],[-74.115351,40.642471],[-74.113797,40.64361],[-74.113951,40.644137],[-74.112888,40.644532],[-74.113857,40.644076],[-74.113654,40.643688],[-74.11333,40.643723],[-74.111161,40.645096],[-74.111725,40.644659],[-74.109739,40.645464],[-74.104722,40.645564],[-74.104124,40.64574],[-74.100132,40.645064],[-74.098801,40.645047],[-74.0985,40.64537],[-74.096046,40.645373],[-74.092988,40.645973],[-74.085708,40.648881],[-74.084844,40.648891],[-74.082213,40.64828]]]},"properties":{"borough":"Staten Island"}},{"type":"Feature","geometry":{"type":"Polygon","coordinates":[[[-73.863275,40.583877],[-73.863812,40.583604],[-73.864492,40.583615],[-73.867728,40.581663],[-73.868963,40.581694],[-73.870506,40.583342],[-73.870615,40.584915],[-73.871159,40.586874],[-73.869814,40.589461],[-73.868497,40.59009],[-73.866351,40.591893],[-73.864308,40.591415],[-73.863273,40.590908],[-73.861253,40.587988],[-73.861674,40.586145],[-73.863275,40.583877]]]},"properties":{"borough":"Brooklyn"}},{"type":"Feature","geometry":{"type":"Polygon","coordinates":[[[-73.869527,40.598714],[-73.869671,40.596689],[-73.870209,40.596954],[-73.869527,40.598714]]]},"properties":{"borough":"Brooklyn"}},{"type":"Feature","geometry":{"type":"Polygon","coordinates":[[[-73.919901,40.599601],[-73.918659,40.599472],[-73.918435,40.599166],[-73.916264,40.598161],[-73.916032,40.597527],[-73.914415,40.596045],[-73.913076,40.594145],[-73.913263,40.59225],[-73.913009,40.592019],[-73.914394,40.591512],[-73.915245,40.591588],[-73.91605,40.592203],[-73.916441,40.593127],[-73.917875,40.594722],[-73.9202,40.596183],[-73.920829,40.596335],[-73.921823,40.597333],[-73.922272,40.598377],[-73.92213,40.598663],[-73.920849,40.599541],[-73.919901,40.599601]]]},"properties":{"borough":"Brooklyn"}},{"type":"Feature","geometry":{"type":"Polygon","coordinates":[[[-73.870195,40.598996],[-73.871081,40.598901],[-73.870494,40.602604],[-73.870195,40.598996]]]},"properties":{"borough":"Brooklyn"}},{"type":"Feature","geometry":{"type":"Polygon","coordinates":[[[-73.852433,40.597333],[-73.854659,40.596578],[-73.854926,40.596302],[-73.856734,40.596076],[-73.860444,40.596472],[-73.86055,40.597063],[-73.862748,40.599071],[-73.86336,40.600322],[-73.861872,40.602164],[-73.861128,40.60255],[-73.859059,40.602061],[-73.854826,40.601867],[-73.854274,40.60143],[-73.853721,40.601401],[-73.852768,40.600949],[-73.850767,40.598839],[-73.851531,40.598434],[-73.852433,40.597333]]]},"properties":{"borough":"Brooklyn"}},{"type":"Feature","geometry":{"type":"Polygon","coordinates":[[[-73.867029,40.603743],[-73.867682,40.603071],[-73.868308,40.603139],[-73.867935,40.603961],[-73.867026,40.604172],[-73.867029,40.603743]]]},"properties":{"borough":"Brooklyn"}},{"type":"Feature","geometry":{"type":"Polygon","coordinates":[[[-73.846737,40.604853],[-73.846409,40.604485],[-73.846081,40.604545],[-73.846414,40.604187],[-73.845783,40.604822],[-73.844953,40.604773],[-73.845571,40.604544],[-73.845186,40.604469],[-73.845175,40.604699],[-73.844549,40.604798],[-73.844963,40.604376],[-73.844922,40.603682],[-73.845502,40.603853],[-73.845154,40.603731],[-73.845623,40.603519],[-73.846196,40.604181],[-73.846666,40.604178],[-73.846382,40.60441],[-73.846646,40.604581],[-73.847453,40.604456],[-73.84777,40.60462],[-73.847765,40.604908],[-73.846737,40.604853]]]},"properties":{"borough":"Brooklyn"}},{"type":"Feature","geometry":{"type":"Polygon","coordinates":[[[-73.84828,40.605433],[-73.847837,40.605085],[-73.848249,40.605142],[-73.84828,40.605433]]]},"properties":{"borough":"Brooklyn"}},{"type":"Feature","geometry":{"type":"Polygon","coordinates":[[[-73.848403,40.605921],[-73.848269,40.605775],[-73.84872,40.60589],[-73.848403,40.605921]]]},"properties":{"borough":"Brooklyn"}},{"type":"Feature","geometry":{"type":"Polygon","coordinates":[[[-73.834463,40.607193],[-73.835736,40.605793],[-73.835281,40.606905],[-73.834374,40.607852],[-73.834463,40.607193]]]},"properties":{"borough":"Brooklyn"}},{"type":"Feature","geometry":{"type":"Polygon","coordinates":[[[-73.867024,40.608068],[-73.868743,40.607035],[-73.868685,40.608241],[-73.867775,40.608539],[-73.867024,40.608068]]]},"properties":{"borough":"Brooklyn"}},{"type":"Feature","geometry":{"type":"Polygon","coordinates":[[[-73.869664,40.60654],[-73.871093,40.604694],[-73.871057,40.606285],[-73.872456,40.608186],[-73.873001,40.610555],[-73.871801,40.61028],[-73.871039,40.609724],[-73.869664,40.60654]]]},"properties":{"borough":"Brooklyn"}},{"type":"Feature","geometry":{"type":"Polygon","coordinates":[[[-73.850476,40.612342],[-73.849671,40.61211],[-73.849861,40.61196],[-73.84955,40.611457],[-73.849857,40.611013],[-73.849496,40.610329],[-73.850093,40.610162],[-73.849421,40.609822],[-73.849869,40.609823],[-73.849932,40.609429],[-73.850392,40.609647],[-73.851348,40.609267],[-73.851699,40.608612],[-73.852078,40.608689],[-73.852953,40.607963],[-73.853368,40.608011],[-73.853242,40.607731],[-73.853451,40.607922],[-73.854459,40.607896],[-73.853626,40.607265],[-73.85442,40.607168],[-73.854775,40.607491],[-73.855066,40.60746],[-73.85464,40.607695],[-73.854803,40.608596],[-73.85555,40.608983],[-73.855249,40.609543],[-73.855947,40.609537],[-73.85589,40.60991],[-73.8566,40.610834],[-73.856187,40.611046],[-73.855361,40.610414],[-73.855417,40.610115],[-73.853223,40.610138],[-73.852704,40.610418],[-73.851964,40.610244],[-73.851992,40.610557],[-73.852653,40.611174],[-73.852452,40.610941],[-73.851723,40.61095],[-73.851965,40.611197],[-73.85174,40.611569],[-73.851421,40.611775],[-73.851057,40.61147],[-73.850958,40.611964],[-73.850476,40.612342]]]},"properties":{"borough":"Brooklyn"}},{"type":"Feature","geometry":{"type":"Polygon","coordinates":[[[-73.844735,40.613969],[-73.84357,40.613672],[-73.843431,40.612972],[-73.842642,40.613173],[-73.841837,40.612688],[-73.841509,40.612319],[-73.841578,40.611826],[-73.840708,40.611634],[-73.840675,40.611446],[-73.840341,40.612042],[-73.839802,40.612362],[-73.839112,40.612466],[-73.838714,40.611995],[-73.838796,40.612796],[-73.838177,40.61308],[-73.83708,40.61288],[-73.836228,40.61219],[-73.836971,40.611111],[-73.837522,40.610859],[-73.837461,40.610157],[-73.838519,40.609235],[-73.838871,40.607906],[-73.839101,40.608313],[-73.839602,40.608064],[-73.840043,40.608234],[-73.840096,40.608962],[-73.840497,40.608555],[-73.840434,40.608267],[-73.839359,40.607615],[-73.839994,40.607536],[-73.840513,40.606959],[-73.841013,40.607034],[-73.841363,40.606794],[-73.841267,40.606252],[-73.840969,40.606079],[-73.84061,40.606273],[-73.840612,40.606066],[-73.840419,40.606154],[-73.840598,40.605403],[-73.840752,40.605643],[-73.841228,40.605528],[-73.84113,40.60469],[-73.841584,40.604477],[-73.841948,40.604777],[-73.842958,40.604214],[-73.843266,40.604424],[-73.843973,40.604104],[-73.844427,40.604156],[-73.844494,40.60436],[-73.843619,40.604397],[-73.843392,40.604682],[-73.842706,40.604639],[-73.842667,40.605078],[-73.842437,40.604844],[-73.841936,40.60493],[-73.842431,40.605286],[-73.842966,40.605069],[-73.842824,40.604726],[-73.843348,40.605175],[-73.843382,40.604986],[-73.843823,40.605429],[-73.843565,40.605849],[-73.843901,40.606416],[-73.843708,40.605823],[-73.844054,40.605446],[-73.843622,40.605057],[-73.843796,40.604503],[-73.844606,40.605036],[-73.844692,40.606145],[-73.844331,40.605815],[-73.844112,40.605891],[-73.844577,40.606603],[-73.844624,40.606331],[-73.845297,40.606268],[-73.84505,40.60586],[-73.845395,40.60571],[-73.845051,40.605527],[-73.845307,40.60539],[-73.844939,40.605033],[-73.845815,40.605161],[-73.84627,40.604712],[-73.846746,40.605105],[-73.847467,40.605082],[-73.847273,40.605823],[-73.846672,40.606038],[-73.846832,40.605798],[-73.846585,40.605831],[-73.846612,40.606093],[-73.84591,40.606292],[-73.846249,40.606411],[-73.846178,40.606762],[-73.846634,40.606756],[-73.84639,40.607298],[-73.846633,40.606595],[-73.846843,40.606728],[-73.846891,40.606574],[-73.8462,40.606627],[-73.846444,40.606223],[-73.846966,40.606065],[-73.847661,40.605919],[-73.848844,40.606368],[-73.849636,40.606028],[-73.849699,40.606564],[-73.849347,40.606743],[-73.848757,40.606518],[-73.8483,40.606887],[-73.848061,40.60673],[-73.848235,40.607091],[-73.847546,40.60698],[-73.846981,40.607513],[-73.846824,40.608063],[-73.846204,40.60792],[-73.845598,40.608323],[-73.844862,40.608088],[-73.845501,40.608512],[-73.846279,40.608279],[-73.845828,40.608618],[-73.845954,40.608826],[-73.845553,40.609335],[-73.845742,40.609733],[-73.845388,40.609784],[-73.845678,40.609954],[-73.845421,40.610133],[-73.845736,40.610428],[-73.84553,40.610473],[-73.845752,40.610768],[-73.845525,40.610797],[-73.845733,40.611441],[-73.844856,40.61103],[-73.845258,40.611492],[-73.845075,40.612334],[-73.845709,40.612877],[-73.845257,40.61327],[-73.845644,40.613692],[-73.844735,40.613969]]]},"properties":{"borough":"Brooklyn"}},{"type":"Feature","geometry":{"type":"Polygon","coordinates":[[[-73.833702,40.620979],[-73.834019,40.614381],[-73.834342,40.614365],[-73.835423,40.61461],[-73.835856,40.615209],[-73.836344,40.615119],[-73.836508,40.615296],[-73.836636,40.615146],[-73.837788,40.6156],[-73.83691,40.616151],[-73.83644,40.61617],[-73.835274,40.617247],[-73.834962,40.61778],[-73.835169,40.618037],[-73.834961,40.618533],[-73.835357,40.618713],[-73.835707,40.619729],[-73.835229,40.619958],[-73.834958,40.619839],[-73.835133,40.619513],[-73.834889,40.619607],[-73.834797,40.619924],[-73.835312,40.620145],[-73.834904,40.620469],[-73.834546,40.620374],[-73.834723,40.62022],[-73.834391,40.619854],[-73.833801,40.619646],[-73.834072,40.620026],[-73.83423,40.619895],[-73.834473,40.620122],[-73.834199,40.620321],[-73.83428,40.620648],[-73.833702,40.620979]]]},"properties":{"borough":"Brooklyn"}},{"type":"Feature","geometry":{"type":"Polygon","coordinates":[[[-73.83478,40.622625],[-73.834139,40.622352],[-73.833622,40.622603],[-73.833682,40.621381],[-73.834123,40.620984],[-73.834987,40.621011],[-73.834644,40.621997],[-73.83502,40.622672],[-73.83478,40.622625]]]},"properties":{"borough":"Brooklyn"}},{"type":"Feature","geometry":{"type":"Polygon","coordinates":[[[-73.850231,40.623321],[-73.849395,40.62248],[-73.848464,40.622366],[-73.849023,40.621482],[-73.849823,40.621299],[-73.85019,40.620834],[-73.850489,40.620892],[-73.850851,40.620247],[-73.853467,40.620198],[-73.854022,40.619868],[-73.854914,40.620034],[-73.855456,40.619797],[-73.856143,40.619831],[-73.856552,40.619567],[-73.856763,40.620406],[-73.857402,40.620304],[-73.857374,40.620647],[-73.856604,40.621143],[-73.856568,40.621479],[-73.85635,40.621416],[-73.855963,40.621797],[-73.85533,40.621688],[-73.855171,40.621959],[-73.854644,40.621594],[-73.854512,40.620796],[-73.853589,40.620462],[-73.851853,40.620565],[-73.851403,40.620803],[-73.851293,40.621837],[-73.85236,40.622975],[-73.851898,40.622794],[-73.851796,40.623346],[-73.851333,40.623467],[-73.850898,40.623274],[-73.850248,40.623585],[-73.850231,40.623321]]]},"properties":{"borough":"Brooklyn"}},{"type":"Feature","geometry":{"type":"Polygon","coordinates":[[[-73.862124,40.62399],[-73.862234,40.623816],[-73.86249,40.623916],[-73.862711,40.623425],[-73.863039,40.623303],[-73.863507,40.62341],[-73.863777,40.623951],[-73.863433,40.623897],[-73.863435,40.624204],[-73.86315,40.623951],[-73.862649,40.623958],[-73.862065,40.624322],[-73.862124,40.62399]]]},"properties":{"borough":"Brooklyn"}},{"type":"Feature","geometry":{"type":"Polygon","coordinates":[[[-73.845895,40.624972],[-73.844765,40.624855],[-73.844779,40.624237],[-73.843836,40.624292],[-73.843892,40.623812],[-73.843222,40.623654],[-73.842939,40.623324],[-73.84334,40.623369],[-73.844283,40.622955],[-73.845367,40.623049],[-73.845099,40.623423],[-73.84554,40.624075],[-73.84521,40.624074],[-73.845206,40.624354],[-73.845801,40.624596],[-73.845895,40.624972]]]},"properties":{"borough":"Brooklyn"}},{"type":"Feature","geometry":{"type":"Polygon","coordinates":[[[-73.857774,40.624824],[-73.857655,40.62531],[-73.857329,40.625117],[-73.857774,40.624824]]]},"properties":{"borough":"Brooklyn"}},{"type":"Feature","geometry":{"type":"Polygon","coordinates":[[[-73.840485,40.627495],[-73.839788,40.627324],[-73.839774,40.627498],[-73.839467,40.627294],[-73.840147,40.626791],[-73.840721,40.625865],[-73.840844,40.626138],[-73.841687,40.626397],[-73.841791,40.626589],[-73.841507,40.626781],[-73.842382,40.627441],[-73.840446,40.626586],[-73.840145,40.626986],[-73.840669,40.627414],[-73.840485,40.627495]]]},"properties":{"borough":"Brooklyn"}},{"type":"Feature","geometry":{"type":"Polygon","coordinates":[[[-73.868729,40.617357],[-73.873953,40.615839],[-73.877981,40.615798],[-73.878622,40.615935],[-73.879516,40.616562],[-73.879735,40.618926],[-73.878882,40.620574],[-73.877791,40.621652],[-73.876626,40.622231],[-73.874814,40.623587],[-73.866455,40.628255],[-73.865188,40.627663],[-73.864728,40.626526],[-73.864982,40.625661],[-73.865536,40.625242],[-73.865866,40.62439],[-73.866509,40.623754],[-73.866376,40.623004],[-73.865229,40.621888],[-73.865008,40.620547],[-73.865758,40.618501],[-73.866849,40.617809],[-73.868729,40.617357]]]},"properties":{"borough":"Brooklyn"}},{"type":"Feature","geometry":{"type":"Polygon","coordinates":[[[-73.84814,40.628543],[-73.848434,40.628599],[-73.848368,40.628872],[-73.848126,40.62884],[-73.84814,40.628543]]]},"properties":{"borough":"Brooklyn"}},{"type":"Feature","geometry":{"type":"Polygon","coordinates":[[[-73.853,40.632023],[-73.852567,40.631244],[-73.851667,40.630871],[-73.852186,40.630359],[-73.853662,40.630876],[-73.855093,40.63011],[-73.856797,40.629841],[-73.85776,40.629941],[-73.858558,40.630458],[-73.858096,40.63125],[-73.858164,40.631974],[-73.857585,40.632716],[-73.855355,40.632812],[-73.854967,40.633417],[-73.854346,40.633723],[-73.853278,40.633852],[-73.852412,40.633643],[-73.852313,40.63322],[-73.853,40.632023]]]},"properties":{"borough":"Brooklyn"}},{"type":"Feature","geometry":{"type":"Polygon","coordinates":[[[-73.846385,40.635286],[-73.847827,40.63278],[-73.84904,40.632138],[-73.849994,40.63212],[-73.849882,40.634097],[-73.848905,40.63534],[-73.84844,40.637119],[-73.847743,40.6382],[-73.846814,40.638695],[-73.846286,40.638641],[-73.845529,40.637447],[-73.844273,40.636692],[-73.845018,40.635681],[-73.846385,40.635286]]]},"properties":{"borough":"Brooklyn"}},{"type":"Feature","geometry":{"type":"Polygon","coordinates":[[[-73.954396,40.739115],[-73.951988,40.738748],[-73.946524,40.736927],[-73.9472,40.735355],[-73.947065,40.734402],[-73.946598,40.734442],[-73.946739,40.735283],[-73.946247,40.736166],[-73.945873,40.736102],[-73.94557,40.736612],[-73.944999,40.736437],[-73.945185,40.735479],[-73.944515,40.736284],[-73.942394,40.735426],[-73.941147,40.734153],[-73.941156,40.733749],[-73.940569,40.733058],[-73.939813,40.731153],[-73.938103,40.729729],[-73.936931,40.729108],[-73.934929,40.728544],[-73.932004,40.728145],[-73.929243,40.727398],[-73.927872,40.725854],[-73.927797,40.724926],[-73.925615,40.720062],[-73.924818,40.720265],[-73.924579,40.719163],[-73.924992,40.718385],[-73.928379,40.717578],[-73.92888,40.71772],[-73.929705,40.717049],[-73.92932,40.716112],[-73.929474,40.715721],[-73.932198,40.714972],[-73.93215,40.714687],[-73.931754,40.714742],[-73.931426,40.714382],[-73.931241,40.713725],[-73.931645,40.713343],[-73.932639,40.713053],[-73.932033,40.71159],[-73.933385,40.711234],[-73.933283,40.710979],[-73.931901,40.711338],[-73.930932,40.709165],[-73.930361,40.708718],[-73.93025,40.708928],[-73.931546,40.711855],[-73.930779,40.71216],[-73.93161,40.712038],[-73.931849,40.712565],[-73.930423,40.713173],[-73.931052,40.71461],[-73.930852,40.714903],[-73.928439,40.715531],[-73.928906,40.716619],[-73.928233,40.717106],[-73.924645,40.717953],[-73.92364,40.717321],[-73.923055,40.716343],[-73.924313,40.715847],[-73.924886,40.715267],[-73.924336,40.714123],[-73.922235,40.712856],[-73.921546,40.711043],[-73.920749,40.710534],[-73.921892,40.709396],[-73.911807,40.703435],[-73.912904,40.702362],[-73.910679,40.701046],[-73.911807,40.699947],[-73.90426,40.6957],[-73.905796,40.694127],[-73.901398,40.69159],[-73.901888,40.691078],[-73.900425,40.688184],[-73.901162,40.687878],[-73.896466,40.682336],[-73.895779,40.683497],[-73.894175,40.685283],[-73.892583,40.683492],[-73.890154,40.685004],[-73.889628,40.684236],[-73.888083,40.685294],[-73.884523,40.686685],[-73.883777,40.687863],[-73.879506,40.691147],[-73.874021,40.694191],[-73.868918,40.695147],[-73.868405,40.694731],[-73.868685,40.694035],[-73.86602,40.68192],[-73.864101,40.682373],[-73.863283,40.679079],[-73.862346,40.679165],[-73.860385,40.671252],[-73.857633,40.671656],[-73.855685,40.663867],[-73.85843,40.663453],[-73.857615,40.660119],[-73.860305,40.659635],[-73.863171,40.658277],[-73.862698,40.657618],[-73.863276,40.656941],[-73.863002,40.656654],[-73.863198,40.656339],[-73.862641,40.655668],[-73.860869,40.655078],[-73.857223,40.650279],[-73.857553,40.649933],[-73.857835,40.648302],[-73.858376,40.647274],[-73.85717,40.643679],[-73.858941,40.643217],[-73.862013,40.642887],[-73.863311,40.642299],[-73.865312,40.640751],[-73.866704,40.640022],[-73.866285,40.639473],[-73.866815,40.639964],[-73.867323,40.639872],[-73.868673,40.640925],[-73.869912,40.643278],[-73.870017,40.644071],[-73.870615,40.644857],[-73.871192,40.645305],[-73.87257,40.645576],[-73.879332,40.654622],[-73.87972,40.654376],[-73.873186,40.645445],[-73.873443,40.644672],[-73.87327,40.643903],[-73.872973,40.643839],[-73.870845,40.640557],[-73.870085,40.639844],[-73.869896,40.638935],[-73.867997,40.638115],[-73.86961,40.637086],[-73.869208,40.637466],[-73.869559,40.637947],[-73.872934,40.636365],[-73.873479,40.636286],[-73.874449,40.636659],[-73.877114,40.638641],[-73.878564,40.639044],[-73.87931,40.640067],[-73.880484,40.640978],[-73.880736,40.641566],[-73.880292,40.641405],[-73.880067,40.642003],[-73.881529,40.642452],[-73.882241,40.643453],[-73.882148,40.643744],[-73.88342,40.644524],[-73.884808,40.643946],[-73.885578,40.644041],[-73.887434,40.645937],[-73.887712,40.647874],[-73.888636,40.648024],[-73.890068,40.649324],[-73.890335,40.649348],[-73.890137,40.64917],[-73.890347,40.649034],[-73.891003,40.649351],[-73.891083,40.648793],[-73.889451,40.647174],[-73.888797,40.64605],[-73.889414,40.646938],[-73.888896,40.647219],[-73.88861,40.647081],[-73.888516,40.647361],[-73.888201,40.647141],[-73.88819,40.646774],[-73.88845,40.646729],[-73.888535,40.646968],[-73.888642,40.646785],[-73.888081,40.646621],[-73.88829,40.646044],[-73.888001,40.646028],[-73.88741,40.645329],[-73.888056,40.64512],[-73.887913,40.645003],[-73.887344,40.645224],[-73.886236,40.643817],[-73.883736,40.64245],[-73.880789,40.639757],[-73.880551,40.639159],[-73.879539,40.638218],[-73.878967,40.63846],[-73.878639,40.638294],[-73.878384,40.637904],[-73.87858,40.637519],[-73.877144,40.635976],[-73.878206,40.634573],[-73.879988,40.633515],[-73.881271,40.632369],[-73.883014,40.631626],[-73.883645,40.630943],[-73.883769,40.630222],[-73.883454,40.629908],[-73.884047,40.62956],[-73.882632,40.628274],[-73.883692,40.627559],[-73.88513,40.628827],[-73.885722,40.628447],[-73.886307,40.628678],[-73.887527,40.628332],[-73.890423,40.626279],[-73.891487,40.624482],[-73.893006,40.623356],[-73.893519,40.623353],[-73.895485,40.622486],[-73.914461,40.630995],[-73.916061,40.632034],[-73.916818,40.631977],[-73.917484,40.631464],[-73.917411,40.631093],[-73.916687,40.630737],[-73.916592,40.630452],[-73.903961,40.624834],[-73.903867,40.624969],[-73.90533,40.625865],[-73.902547,40.624444],[-73.90327,40.624484],[-73.902693,40.624213],[-73.902833,40.624051],[-73.902287,40.62441],[-73.902644,40.623925],[-73.902916,40.623955],[-73.902866,40.623649],[-73.902225,40.623582],[-73.901867,40.622962],[-73.90105,40.622708],[-73.900525,40.621682],[-73.898118,40.621852],[-73.896475,40.621428],[-73.895614,40.619801],[-73.89561,40.619351],[-73.896643,40.617348],[-73.89646,40.61613],[-73.896171,40.616001],[-73.895734,40.614888],[-73.896029,40.614805],[-73.895861,40.614518],[-73.894276,40.613883],[-73.892499,40.613792],[-73.89134,40.613256],[-73.890954,40.612834],[-73.891414,40.612125],[-73.893932,40.611537],[-73.893964,40.611214],[-73.893549,40.611001],[-73.891894,40.611535],[-73.890997,40.612052],[-73.891078,40.612277],[-73.890334,40.612011],[-73.889696,40.611454],[-73.890302,40.610318],[-73.891945,40.609102],[-73.891787,40.609523],[-73.892267,40.609165],[-73.892223,40.608627],[-73.892423,40.608558],[-73.89217,40.608545],[-73.892729,40.607227],[-73.893346,40.606743],[-73.894862,40.606405],[-73.895913,40.605845],[-73.898339,40.605304],[-73.900136,40.605603],[-73.901099,40.607068],[-73.900778,40.607543],[-73.900625,40.609243],[-73.90028,40.610074],[-73.901406,40.611088],[-73.901366,40.611702],[-73.902291,40.611961],[-73.902494,40.611815],[-73.90133,40.610481],[-73.902651,40.611781],[-73.90236,40.61198],[-73.902719,40.611826],[-73.903044,40.612095],[-73.902629,40.611926],[-73.90256,40.612164],[-73.905871,40.615063],[-73.905735,40.614883],[-73.906033,40.614953],[-73.905879,40.615077],[-73.906963,40.616114],[-73.907173,40.61601],[-73.906738,40.616296],[-73.907257,40.616088],[-73.907083,40.616221],[-73.907443,40.616259],[-73.907106,40.61661],[-73.907527,40.616344],[-73.907242,40.616552],[-73.907679,40.616695],[-73.907617,40.616896],[-73.908791,40.617436],[-73.908633,40.617168],[-73.908837,40.617312],[-73.909071,40.61716],[-73.908354,40.616531],[-73.908794,40.616873],[-73.909139,40.616532],[-73.907973,40.615737],[-73.908157,40.615601],[-73.909177,40.616522],[-73.908815,40.61689],[-73.908957,40.616991],[-73.909644,40.616575],[-73.909597,40.616393],[-73.908616,40.615493],[-73.907776,40.615243],[-73.905358,40.61304],[-73.904216,40.612357],[-73.904286,40.612017],[-73.90351,40.611406],[-73.90331,40.611547],[-73.903494,40.611389],[-73.903136,40.610968],[-73.902745,40.610931],[-73.902259,40.610423],[-73.901642,40.605763],[-73.905243,40.60491],[-73.905975,40.606384],[-73.908098,40.606279],[-73.90864,40.606659],[-73.909338,40.606478],[-73.909852,40.606],[-73.908857,40.60506],[-73.908325,40.604073],[-73.910923,40.603505],[-73.913651,40.603983],[-73.916736,40.606815],[-73.916322,40.608676],[-73.916784,40.608774],[-73.916626,40.609437],[-73.91684,40.60876],[-73.916509,40.60863],[-73.91689,40.60871],[-73.916828,40.608906],[-73.917088,40.608821],[-73.91682,40.608931],[-73.9168,40.609494],[-73.916566,40.609438],[-73.916165,40.610516],[-73.914495,40.611653],[-73.914934,40.613958],[-73.913861,40.614642],[-73.914222,40.614932],[-73.916421,40.613569],[-73.915915,40.613845],[-73.915768,40.61354],[-73.915972,40.613808],[-73.916248,40.613626],[-73.915746,40.613385],[-73.915966,40.613236],[-73.916265,40.613606],[-73.916396,40.613447],[-73.915871,40.61291],[-73.916628,40.613444],[-73.915732,40.611831],[-73.916747,40.611178],[-73.916673,40.611006],[-73.916829,40.611118],[-73.91811,40.610208],[-73.917732,40.609783],[-73.917866,40.609327],[-73.917679,40.609663],[-73.917963,40.608786],[-73.917874,40.609311],[-73.91803,40.608847],[-73.918557,40.608498],[-73.918005,40.60815],[-73.918187,40.608025],[-73.918574,40.608488],[-73.919007,40.608267],[-73.918138,40.607645],[-73.918362,40.607501],[-73.919023,40.608257],[-73.919354,40.608043],[-73.918253,40.607229],[-73.918503,40.607071],[-73.919371,40.608033],[-73.919522,40.607739],[-73.914428,40.602864],[-73.913894,40.602704],[-73.913687,40.60285],[-73.913855,40.60269],[-73.913641,40.602524],[-73.913327,40.602764],[-73.913471,40.602912],[-73.913297,40.602766],[-73.913661,40.602469],[-73.913498,40.602367],[-73.913017,40.602754],[-73.913475,40.602349],[-73.913117,40.60222],[-73.912707,40.602695],[-73.91306,40.602206],[-73.911584,40.602135],[-73.912542,40.602364],[-73.911652,40.602278],[-73.911544,40.602439],[-73.912611,40.602532],[-73.912573,40.602683],[-73.912519,40.60254],[-73.910865,40.60249],[-73.910877,40.602342],[-73.91152,40.602397],[-73.911542,40.602225],[-73.91094,40.602128],[-73.911555,40.602155],[-73.910758,40.602028],[-73.910751,40.602437],[-73.909037,40.602677],[-73.909018,40.602525],[-73.910712,40.602419],[-73.910706,40.602145],[-73.909409,40.602191],[-73.910731,40.602021],[-73.909847,40.60204],[-73.909041,40.601625],[-73.907843,40.60227],[-73.9043,40.602671],[-73.903728,40.602415],[-73.901929,40.603183],[-73.90042,40.603242],[-73.899326,40.603551],[-73.89833,40.603208],[-73.897765,40.603305],[-73.895623,40.603009],[-73.894974,40.603215],[-73.894063,40.603086],[-73.893516,40.603386],[-73.892413,40.603299],[-73.891357,40.603518],[-73.890979,40.603917],[-73.889099,40.60451],[-73.888921,40.60478],[-73.887731,40.605268],[-73.884776,40.605141],[-73.883964,40.605549],[-73.882718,40.604179],[-73.883364,40.602877],[-73.881806,40.599365],[-73.881642,40.597796],[-73.880845,40.596343],[-73.8808,40.594789],[-73.879907,40.592048],[-73.879416,40.592132],[-73.879899,40.592021],[-73.879715,40.591399],[-73.879357,40.590844],[-73.878969,40.590897],[-73.878924,40.590713],[-73.879293,40.590661],[-73.878788,40.58803],[-73.876717,40.584914],[-73.879702,40.580135],[-73.881743,40.579592],[-73.881747,40.579159],[-73.883067,40.579041],[-73.883906,40.578629],[-73.886138,40.578134],[-73.888714,40.578136],[-73.889755,40.577788],[-73.891184,40.577872],[-73.894548,40.57684],[-73.895524,40.57677],[-73.896513,40.579007],[-73.896746,40.58319],[-73.897273,40.584321],[-73.898162,40.58535],[-73.89794,40.585881],[-73.898263,40.586785],[-73.898916,40.587537],[-73.899733,40.587165],[-73.89903,40.58767],[-73.899811,40.588014],[-73.899906,40.587794],[-73.899943,40.587983],[-73.901218,40.587383],[-73.900031,40.58787],[-73.899952,40.588042],[-73.900715,40.588084],[-73.9021,40.587357],[-73.902856,40.587366],[-73.904269,40.586912],[-73.905879,40.587498],[-73.905887,40.587877],[-73.906519,40.588025],[-73.907125,40.58753],[-73.906494,40.587345],[-73.906439,40.587034],[-73.908109,40.586797],[-73.910886,40.585948],[-73.911528,40.586106],[-73.911973,40.586697],[-73.911751,40.587268],[-73.912055,40.588738],[-73.911437,40.59108],[-73.911947,40.592548],[-73.912029,40.594368],[-73.912508,40.595398],[-73.913117,40.595872],[-73.91355,40.596722],[-73.915066,40.597998],[-73.915111,40.598591],[-73.915738,40.599206],[-73.917011,40.599587],[-73.918654,40.600686],[-73.919872,40.600852],[-73.921705,40.601744],[-73.922155,40.6017],[-73.922968,40.601106],[-73.923295,40.600742],[-73.923256,40.600361],[-73.92394,40.599714],[-73.92466,40.599726],[-73.927998,40.601928],[-73.928525,40.602212],[-73.928836,40.602122],[-73.928883,40.602427],[-73.929541,40.602749],[-73.929641,40.603087],[-73.929088,40.603654],[-73.929166,40.603866],[-73.929503,40.603927],[-73.929996,40.603644],[-73.930134,40.603998],[-73.930567,40.603736],[-73.931003,40.603936],[-73.932123,40.60271],[-73.931762,40.602596],[-73.931089,40.601722],[-73.930307,40.601172],[-73.929649,40.601204],[-73.929227,40.600488],[-73.928653,40.600386],[-73.928603,40.600615],[-73.927421,40.600057],[-73.922902,40.596448],[-73.921775,40.595031],[-73.920341,40.59473],[-73.918182,40.593107],[-73.916412,40.591142],[-73.914878,40.590314],[-73.915067,40.590081],[-73.914568,40.5896],[-73.914544,40.588897],[-73.917255,40.587478],[-73.918056,40.586437],[-73.919172,40.585955],[-73.9196,40.586165],[-73.920171,40.58594],[-73.920405,40.58609],[-73.920811,40.585984],[-73.920739,40.58573],[-73.920929,40.585873],[-73.920906,40.585591],[-73.921012,40.585754],[-73.9219,40.585693],[-73.922353,40.586024],[-73.92493,40.585668],[-73.927208,40.587723],[-73.927651,40.587459],[-73.927249,40.58775],[-73.927357,40.588022],[-73.927916,40.587549],[-73.928079,40.587702],[-73.927405,40.588206],[-73.927902,40.587953],[-73.928022,40.588069],[-73.927455,40.5883],[-73.927761,40.588661],[-73.923953,40.59114],[-73.9242,40.591364],[-73.924601,40.591199],[-73.928159,40.588825],[-73.928419,40.588934],[-73.928216,40.588784],[-73.928631,40.588573],[-73.928377,40.588981],[-73.92862,40.58912],[-73.928951,40.58891],[-73.928666,40.589143],[-73.92922,40.588813],[-73.928757,40.589153],[-73.930034,40.589426],[-73.930577,40.589891],[-73.930103,40.589606],[-73.930298,40.590035],[-73.930589,40.589953],[-73.930652,40.590291],[-73.93046,40.591001],[-73.930696,40.591019],[-73.93045,40.59108],[-73.930726,40.59109],[-73.930372,40.591211],[-73.930604,40.591186],[-73.930405,40.591731],[-73.930606,40.591541],[-73.930364,40.59248],[-73.930362,40.592312],[-73.930176,40.592406],[-73.930354,40.592555],[-73.93019,40.592454],[-73.930052,40.593],[-73.929891,40.592871],[-73.929713,40.59312],[-73.930042,40.593061],[-73.929956,40.593309],[-73.929741,40.593144],[-73.930039,40.593348],[-73.929781,40.593437],[-73.929961,40.594006],[-73.930215,40.593973],[-73.930082,40.593595],[-73.930228,40.593931],[-73.930525,40.59388],[-73.930547,40.594199],[-73.930299,40.593938],[-73.93004,40.594105],[-73.930432,40.594403],[-73.930761,40.594382],[-73.930623,40.594204],[-73.930834,40.594414],[-73.930663,40.594464],[-73.930935,40.59446],[-73.931221,40.594183],[-73.930955,40.594466],[-73.931367,40.594529],[-73.931764,40.594284],[-73.931613,40.594504],[-73.930819,40.594529],[-73.932308,40.594916],[-73.932563,40.594763],[-73.932604,40.59493],[-73.932827,40.594804],[-73.932677,40.594236],[-73.93114,40.592009],[-73.9314,40.591805],[-73.93101,40.591931],[-73.931353,40.591791],[-73.931426,40.591604],[-73.931076,40.591598],[-73.931305,40.59136],[-73.931246,40.591637],[-73.931423,40.591589],[-73.931559,40.591293],[-73.931213,40.589531],[-73.930686,40.588822],[-73.930091,40.588989],[-73.93065,40.58867],[-73.9304,40.588466],[-73.929728,40.588614],[-73.930385,40.588442],[-73.929722,40.58756],[-73.931349,40.587328],[-73.931252,40.58685],[-73.928574,40.587062],[-73.928082,40.586698],[-73.92815,40.586178],[-73.927919,40.586136],[-73.928277,40.586107],[-73.928157,40.585865],[-73.92737,40.586007],[-73.927516,40.586398],[-73.927304,40.585866],[-73.925494,40.585019],[-73.926345,40.585276],[-73.925291,40.584641],[-73.92345,40.584818],[-73.920196,40.584635],[-73.915661,40.586223],[-73.9135,40.586096],[-73.912586,40.585567],[-73.912368,40.584526],[-73.912711,40.5837],[-73.91246,40.583352],[-73.913047,40.583008],[-73.913054,40.583187],[-73.914632,40.582758],[-73.914987,40.583153],[-73.916142,40.582857],[-73.916563,40.583152],[-73.917299,40.583191],[-73.916811,40.582762],[-73.916326,40.582819],[-73.915962,40.582436],[-73.915413,40.582364],[-73.914387,40.582383],[-73.914464,40.582609],[-73.914173,40.582801],[-73.913726,40.582729],[-73.913359,40.582954],[-73.912969,40.582973],[-73.912994,40.582707],[-73.912854,40.583012],[-73.911911,40.582963],[-73.911286,40.582314],[-73.911542,40.581794],[-73.915055,40.581544],[-73.922213,40.583251],[-73.924436,40.583558],[-73.929632,40.583399],[-73.930597,40.583197],[-73.930888,40.582941],[-73.930741,40.582759],[-73.93118,40.582716],[-73.931714,40.582812],[-73.931944,40.583109],[-73.931928,40.58287],[-73.932377,40.582919],[-73.932014,40.582926],[-73.932018,40.583111],[-73.932599,40.582919],[-73.93421,40.58298],[-73.935691,40.583275],[-73.935824,40.583021],[-73.935767,40.583278],[-73.936132,40.583314],[-73.936287,40.583001],[-73.936097,40.582949],[-73.936566,40.582958],[-73.9363,40.583003],[-73.936576,40.583241],[-73.936974,40.58323],[-73.936988,40.583016],[-73.936633,40.582972],[-73.937633,40.583096],[-73.937006,40.583016],[-73.937125,40.583347],[-73.938119,40.58334],[-73.938094,40.583117],[-73.938553,40.583338],[-73.938628,40.583067],[-73.939296,40.583167],[-73.939302,40.583333],[-73.939825,40.583331],[-73.939829,40.583171],[-73.939859,40.583331],[-73.940577,40.583328],[-73.940566,40.583087],[-73.940109,40.583075],[-73.940677,40.583066],[-73.9407,40.583328],[-73.940916,40.583302],[-73.940738,40.583076],[-73.941025,40.58307],[-73.940934,40.583302],[-73.941202,40.58309],[-73.941574,40.583608],[-73.942551,40.583514],[-73.94202,40.58311],[-73.942702,40.583509],[-73.943047,40.583492],[-73.942563,40.583127],[-73.943545,40.583471],[-73.943228,40.583131],[-73.943692,40.583468],[-73.944068,40.583472],[-73.943765,40.583145],[-73.944618,40.583497],[-73.944321,40.583159],[-73.944775,40.583508],[-73.945175,40.583521],[-73.944845,40.583164],[-73.94573,40.583545],[-73.945376,40.583182],[-73.946286,40.583569],[-73.945799,40.583195],[-73.946434,40.583563],[-73.946789,40.58355],[-73.946316,40.583207],[-73.946918,40.583546],[-73.947268,40.583533],[-73.946822,40.583191],[-73.947469,40.583528],[-73.953493,40.582988],[-73.953301,40.582003],[-73.949697,40.582319],[-73.942741,40.580996],[-73.93258,40.581265],[-73.93106,40.576266],[-73.931503,40.575661],[-73.934861,40.575528],[-73.934894,40.575222],[-73.935079,40.575509],[-73.936471,40.57586],[-73.936708,40.575418],[-73.936831,40.57556],[-73.942509,40.575374],[-73.942557,40.575564],[-73.944279,40.575801],[-73.944633,40.575691],[-73.944601,40.575235],[-73.944744,40.575514],[-73.945724,40.575559],[-73.946182,40.575299],[-73.945924,40.575115],[-73.952578,40.574204],[-73.953743,40.574297],[-73.954083,40.574073],[-73.954134,40.574333],[-73.955695,40.574327],[-73.956345,40.574207],[-73.956345,40.573798],[-73.956568,40.574171],[-73.958435,40.574089],[-73.958966,40.573947],[-73.958987,40.573431],[-73.959096,40.573864],[-73.959829,40.573929],[-73.967203,40.573326],[-73.967426,40.572985],[-73.967531,40.573191],[-73.968185,40.573178],[-73.969451,40.572857],[-73.969246,40.572304],[-73.969756,40.572847],[-73.97133,40.572644],[-73.971183,40.571942],[-73.971607,40.572628],[-73.972497,40.572576],[-73.973345,40.572321],[-73.97325,40.571627],[-73.973448,40.572272],[-73.973732,40.572287],[-73.975471,40.571969],[-73.975406,40.571421],[-73.975926,40.572019],[-73.977271,40.571864],[-73.977664,40.571729],[-73.977671,40.571171],[-73.978076,40.57123],[-73.977715,40.571252],[-73.977808,40.571756],[-73.978455,40.571892],[-73.979847,40.571539],[-73.979425,40.571221],[-73.979772,40.57124],[-73.980008,40.571709],[-73.982041,40.57148],[-73.981572,40.57125],[-73.982027,40.571276],[-73.982177,40.571561],[-73.982827,40.571542],[-73.983673,40.571407],[-73.983404,40.570166],[-73.983043,40.570146],[-73.983392,40.570095],[-73.983361,40.56953],[-73.983485,40.570089],[-73.983839,40.570112],[-73.983488,40.570156],[-73.983758,40.571396],[-73.988037,40.570985],[-73.98862,40.570896],[-73.988578,40.570698],[-73.988721,40.570884],[-73.990263,40.570708],[-73.990773,40.570599],[-73.990793,40.570249],[-73.990864,40.570602],[-73.991193,40.570612],[-73.992729,40.570434],[-73.992981,40.570197],[-73.993157,40.57038],[-73.994938,40.570355],[-73.995187,40.570022],[-73.995293,40.570321],[-73.997195,40.570349],[-73.997369,40.570137],[-73.998468,40.570497],[-74.000779,40.570491],[-74.002012,40.570209],[-74.002085,40.569586],[-74.002487,40.571738],[-74.004799,40.572879],[-74.011157,40.574167],[-74.012015,40.574885],[-74.013027,40.577851],[-74.01235,40.579222],[-74.011479,40.580078],[-74.00812,40.581622],[-74.006047,40.581984],[-74.002944,40.581433],[-74.00056,40.581297],[-73.999642,40.581317],[-73.998183,40.581725],[-73.997765,40.581454],[-73.997718,40.580707],[-73.991829,40.579247],[-73.990362,40.579425],[-73.988991,40.578835],[-73.988428,40.578816],[-73.987391,40.579087],[-73.986695,40.579815],[-73.987021,40.580023],[-73.985886,40.581144],[-73.986045,40.581721],[-73.986945,40.581136],[-73.988036,40.579634],[-73.989955,40.580662],[-73.99163,40.58108],[-73.991825,40.581739],[-73.990262,40.584619],[-73.995472,40.58221],[-73.996055,40.582129],[-74.000179,40.583074],[-74.00036,40.584186],[-73.998085,40.585365],[-73.999706,40.58569],[-73.999565,40.586244],[-73.998145,40.586532],[-73.994173,40.588383],[-73.995661,40.587936],[-73.994079,40.588693],[-73.994216,40.588869],[-73.995552,40.588265],[-73.995099,40.588593],[-73.997956,40.58727],[-73.994877,40.588772],[-73.995347,40.589331],[-74.000114,40.586952],[-74.000109,40.586561],[-74.000374,40.586475],[-74.000382,40.587133],[-73.997883,40.588343],[-73.998673,40.589196],[-73.999237,40.588935],[-73.999464,40.589233],[-73.998378,40.58977],[-73.998836,40.589625],[-73.998444,40.58986],[-73.998778,40.590314],[-73.998443,40.59024],[-73.997112,40.591278],[-73.99719,40.591606],[-73.998064,40.591209],[-73.997283,40.591715],[-73.997549,40.591918],[-73.999463,40.591103],[-73.999987,40.591173],[-74.000231,40.591478],[-73.999031,40.592313],[-73.999483,40.592969],[-73.998388,40.593531],[-74.001096,40.592519],[-74.002843,40.595154],[-74.004114,40.59645],[-74.005573,40.597569],[-74.010655,40.600597],[-74.014728,40.602066],[-74.019136,40.602613],[-74.020857,40.603522],[-74.030051,40.604759],[-74.032707,40.606331],[-74.034273,40.607717],[-74.03487,40.608582],[-74.03604,40.609296],[-74.036955,40.611256],[-74.039025,40.613159],[-74.040131,40.614792],[-74.041617,40.620563],[-74.041894,40.624318],[-74.041065,40.630192],[-74.036807,40.638984],[-74.038763,40.639588],[-74.038688,40.639738],[-74.036725,40.639141],[-74.035713,40.64064],[-74.03674,40.641476],[-74.036703,40.641686],[-74.034073,40.644314],[-74.032875,40.643583],[-74.032641,40.643787],[-74.032297,40.643581],[-74.032542,40.643825],[-74.032269,40.644074],[-74.031897,40.643889],[-74.030518,40.645274],[-74.029081,40.644404],[-74.028862,40.644866],[-74.029087,40.644583],[-74.028501,40.644178],[-74.028191,40.644414],[-74.028457,40.644156],[-74.028206,40.644016],[-74.026049,40.646261],[-74.029741,40.648486],[-74.02939,40.648804],[-74.025718,40.646615],[-74.025381,40.646912],[-74.025071,40.646726],[-74.024146,40.647615],[-74.025129,40.648323],[-74.024968,40.648606],[-74.025539,40.649782],[-74.024844,40.6506],[-74.025206,40.650818],[-74.025416,40.650619],[-74.026051,40.650994],[-74.02553,40.651479],[-74.024911,40.651106],[-74.025103,40.650893],[-74.024772,40.650688],[-74.02424,40.651134],[-74.025416,40.651934],[-74.024178,40.651192],[-74.023594,40.651316],[-74.02306,40.650974],[-74.022851,40.651169],[-74.025369,40.652721],[-74.025227,40.65283],[-74.021541,40.650672],[-74.021247,40.650835],[-74.021392,40.650968],[-74.021052,40.651098],[-74.022337,40.651911],[-74.020899,40.651247],[-74.023807,40.653045],[-74.023594,40.653216],[-74.021959,40.652223],[-74.021187,40.65284],[-74.023205,40.654096],[-74.023062,40.654233],[-74.022102,40.653588],[-74.021629,40.653645],[-74.02115,40.654211],[-74.021825,40.654656],[-74.021645,40.654879],[-74.020475,40.654217],[-74.019192,40.654023],[-74.018622,40.653491],[-74.018119,40.653885],[-74.020256,40.655118],[-74.020052,40.655336],[-74.017874,40.654062],[-74.017153,40.654775],[-74.019801,40.656487],[-74.017267,40.655194],[-74.016916,40.655483],[-74.01665,40.655339],[-74.016394,40.655621],[-74.019108,40.657369],[-74.018606,40.657846],[-74.015854,40.656213],[-74.015436,40.656632],[-74.017742,40.658099],[-74.017685,40.658453],[-74.015047,40.65695],[-74.014421,40.657608],[-74.017458,40.65945],[-74.015542,40.660758],[-74.014004,40.659812],[-74.013663,40.660029],[-74.011839,40.658913],[-74.011108,40.659706],[-74.014022,40.66153],[-74.013156,40.661982],[-74.012654,40.661982],[-74.0086,40.659521],[-74.007459,40.660558],[-74.010372,40.662399],[-74.010463,40.662642],[-74.009551,40.663268],[-74.008684,40.663372],[-74.006161,40.661845],[-74.005686,40.662275],[-74.004284,40.661445],[-74.004146,40.661562],[-74.006227,40.662788],[-74.005924,40.663108],[-74.003808,40.661908],[-74.003488,40.662241],[-74.004555,40.662816],[-74.004733,40.662497],[-74.005358,40.662869],[-74.004972,40.663068],[-74.005192,40.663202],[-74.00538,40.662884],[-74.005997,40.663259],[-74.005613,40.663458],[-74.007674,40.664791],[-74.007305,40.664598],[-74.007125,40.664915],[-74.006525,40.664547],[-74.006882,40.66434],[-74.006629,40.664188],[-74.00645,40.664506],[-74.005842,40.664138],[-74.006203,40.66393],[-74.006046,40.66384],[-74.005758,40.663923],[-74.005849,40.664503],[-74.005641,40.664531],[-74.00565,40.6639],[-74.003629,40.662735],[-74.003403,40.662986],[-74.004592,40.663735],[-74.004323,40.664052],[-74.005281,40.664657],[-74.004862,40.665065],[-74.001135,40.662902],[-73.999532,40.664397],[-74.002925,40.666462],[-74.00224,40.666794],[-74.00162,40.666766],[-74.001206,40.667018],[-74.001465,40.66717],[-74.000688,40.667546],[-73.999981,40.66745],[-73.999026,40.668443],[-73.999026,40.669008],[-73.99924,40.668306],[-73.999079,40.669038],[-73.998656,40.669515],[-73.998912,40.669649],[-73.998558,40.671336],[-73.998769,40.671602],[-74.000303,40.668717],[-74.001057,40.668946],[-74.001415,40.668359],[-74.002215,40.668579],[-74.002895,40.667348],[-74.003191,40.667263],[-74.005102,40.667976],[-74.005864,40.667994],[-74.006964,40.666051],[-74.004754,40.670721],[-74.005439,40.670921],[-74.007548,40.667052],[-74.007797,40.66716],[-74.007087,40.668591],[-74.009854,40.668524],[-74.01154,40.665086],[-74.015749,40.664568],[-74.016903,40.664847],[-74.017887,40.66585],[-74.018576,40.670392],[-74.018763,40.671076],[-74.019339,40.671625],[-74.01751,40.671035],[-74.016487,40.664931],[-74.016026,40.664863],[-74.015937,40.665471],[-74.01228,40.665732],[-74.010877,40.668602],[-74.010357,40.668643],[-74.010338,40.669078],[-74.01091,40.66919],[-74.010873,40.66971],[-74.011543,40.669784],[-74.011625,40.670581],[-74.014249,40.669729],[-74.011754,40.670658],[-74.012078,40.670934],[-74.01262,40.670842],[-74.014274,40.671379],[-74.0152,40.670754],[-74.013873,40.671881],[-74.014233,40.67213],[-74.015686,40.671039],[-74.012976,40.673328],[-74.013364,40.673592],[-74.015119,40.672157],[-74.016321,40.672908],[-74.014579,40.674414],[-74.014964,40.674678],[-74.018168,40.671939],[-74.018801,40.672251],[-74.017271,40.673609],[-74.017752,40.674048],[-74.018011,40.673913],[-74.017802,40.674095],[-74.018176,40.674464],[-74.017834,40.675258],[-74.018298,40.675459],[-74.018387,40.675097],[-74.018522,40.675269],[-74.018885,40.675088],[-74.01841,40.675519],[-74.018504,40.675837],[-74.018018,40.675884],[-74.01792,40.676515],[-74.019769,40.676613],[-74.019952,40.677103],[-74.019083,40.67714],[-74.019177,40.677827],[-74.01843,40.677908],[-74.018411,40.678407],[-74.019662,40.678386],[-74.01827,40.678554],[-74.018579,40.678983],[-74.01954,40.678968],[-74.019281,40.679648],[-74.015201,40.681979],[-74.015321,40.682111],[-74.01282,40.683622],[-74.012135,40.682906],[-74.014105,40.681713],[-74.013609,40.681222],[-74.013874,40.68101],[-74.013018,40.680412],[-74.009671,40.683269],[-74.010773,40.684359],[-74.011783,40.68376],[-74.011933,40.683888],[-74.007982,40.686276],[-74.00702,40.686526],[-74.005882,40.686196],[-74.002976,40.690427],[-74.001963,40.690136],[-74.001853,40.690388],[-74.000962,40.690129],[-74.000699,40.690612],[-74.001326,40.691463],[-74.001969,40.691843],[-74.001744,40.692407],[-74.000959,40.694069],[-73.999413,40.696358],[-73.999474,40.696704],[-73.998872,40.696924],[-73.997499,40.699639],[-73.997161,40.699793],[-73.997245,40.700141],[-73.994663,40.703431],[-73.994995,40.703651],[-73.99457,40.704376],[-73.992127,40.70469],[-73.991862,40.704087],[-73.990948,40.704032],[-73.990227,40.704934],[-73.988303,40.70454],[-73.98829,40.705071],[-73.987957,40.705134],[-73.986873,40.705157],[-73.98653,40.704979],[-73.986434,40.705349],[-73.983438,40.705644],[-73.983368,40.705461],[-73.982742,40.705572],[-73.980925,40.705369],[-73.980909,40.705908],[-73.979559,40.705744],[-73.97905,40.705967],[-73.979243,40.705551],[-73.978964,40.705502],[-73.978819,40.705862],[-73.978928,40.705496],[-73.978738,40.705463],[-73.978639,40.705831],[-73.978684,40.705454],[-73.978392,40.705971],[-73.978853,40.706066],[-73.978345,40.706],[-73.978532,40.704877],[-73.978021,40.704291],[-73.977212,40.704214],[-73.977512,40.703197],[-73.977136,40.703006],[-73.976239,40.704776],[-73.975961,40.704716],[-73.976927,40.702798],[-73.976159,40.702171],[-73.975535,40.703043],[-73.97533,40.702952],[-73.976006,40.701946],[-73.97455,40.70159],[-73.975718,40.699571],[-73.97536,40.699581],[-73.974115,40.701305],[-73.972926,40.700295],[-73.972392,40.700166],[-73.973757,40.701534],[-73.973187,40.70167],[-73.971138,40.699918],[-73.970782,40.699979],[-73.973325,40.702413],[-73.972835,40.702729],[-73.969826,40.700245],[-73.969487,40.700519],[-73.972839,40.703346],[-73.972669,40.703501],[-73.969245,40.701365],[-73.968985,40.701747],[-73.972312,40.703845],[-73.972158,40.70397],[-73.971103,40.70346],[-73.97102,40.703816],[-73.974656,40.706074],[-73.974391,40.706326],[-73.973392,40.705733],[-73.972549,40.706204],[-73.97463,40.707681],[-73.974236,40.708024],[-73.971097,40.70585],[-73.971057,40.706946],[-73.972758,40.708831],[-73.97232,40.709083],[-73.970262,40.706888],[-73.970489,40.705401],[-73.970169,40.705362],[-73.970181,40.704929],[-73.967515,40.703437],[-73.967477,40.70395],[-73.969297,40.705088],[-73.969293,40.707093],[-73.969849,40.708003],[-73.969942,40.709302],[-73.969605,40.710271],[-73.970069,40.710454],[-73.969662,40.7105],[-73.969769,40.710788],[-73.969374,40.711021],[-73.969908,40.711268],[-73.96931,40.711108],[-73.969235,40.711241],[-73.968872,40.712579],[-73.968442,40.712938],[-73.968849,40.713213],[-73.967251,40.716987],[-73.966313,40.718317],[-73.96512,40.719227],[-73.965394,40.719582],[-73.965278,40.720118],[-73.965033,40.720377],[-73.964479,40.720036],[-73.964397,40.720442],[-73.962757,40.722399],[-73.96166,40.72486],[-73.962115,40.725148],[-73.961902,40.725321],[-73.961537,40.725109],[-73.961164,40.725265],[-73.958331,40.724412],[-73.957942,40.724649],[-73.957951,40.725036],[-73.958426,40.725401],[-73.960125,40.72532],[-73.960285,40.725948],[-73.961615,40.725866],[-73.961017,40.728704],[-73.961428,40.730946],[-73.962263,40.732916],[-73.962285,40.734048],[-73.961575,40.73518],[-73.959829,40.737061],[-73.958375,40.738097],[-73.95693,40.738887],[-73.954396,40.739115]]]},"properties":{"borough":"Brooklyn"}},{"type":"Feature","geometry":{"type":"Polygon","coordinates":[[[-73.826447,40.590527],[-73.826904,40.589929],[-73.827374,40.589764],[-73.827602,40.589971],[-73.827689,40.590569],[-73.827054,40.590978],[-73.8273,40.591457],[-73.825536,40.591996],[-73.825576,40.59174],[-73.826372,40.591393],[-73.826447,40.590527]]]},"properties":{"borough":"Queens"}},{"type":"Feature","geometry":{"type":"Polygon","coordinates":[[[-73.831933,40.593448],[-73.831169,40.591488],[-73.833574,40.589035],[-73.834587,40.589122],[-73.835191,40.589382],[-73.836879,40.58952],[-73.838068,40.590302],[-73.838147,40.590734],[-73.838801,40.591198],[-73.838416,40.590387],[-73.840576,40.591527],[-73.840505,40.591207],[-73.841798,40.592008],[-73.842379,40.592478],[-73.84279,40.593327],[-73.843365,40.59347],[-73.843501,40.595084],[-73.84057,40.597301],[-73.837458,40.596863],[-73.83476,40.593944],[-73.834,40.59362],[-73.831933,40.593448]]]},"properties":{"borough":"Queens"}},{"type":"Feature","geometry":{"type":"Polygon","coordinates":[[[-73.809971,40.600068],[-73.810488,40.598779],[-73.811316,40.59855],[-73.811576,40.598141],[-73.812221,40.598554],[-73.815015,40.602056],[-73.814841,40.603999],[-73.814287,40.604456],[-73.813209,40.604355],[-73.812666,40.603889],[-73.81017,40.6028],[-73.809863,40.601896],[-73.809971,40.600068]]]},"properties":{"borough":"Queens"}},{"type":"Feature","geometry":{"type":"Polygon","coordinates":[[[-73.800318,40.607064],[-73.797927,40.606579],[-73.798409,40.60601],[-73.798266,40.60549],[-73.798677,40.605704],[-73.799581,40.605312],[-73.800053,40.605465],[-73.800109,40.605319],[-73.799525,40.605243],[-73.798707,40.605621],[-73.797811,40.60516],[-73.798037,40.604837],[-73.798624,40.604806],[-73.798769,40.605016],[-73.799938,40.60461],[-73.800206,40.604835],[-73.800486,40.604763],[-73.800047,40.604562],[-73.797901,40.60472],[-73.797663,40.605308],[-73.798216,40.605936],[-73.797661,40.606358],[-73.796348,40.605788],[-73.796694,40.605106],[-73.796152,40.604639],[-73.796404,40.604719],[-73.797319,40.604067],[-73.800375,40.604377],[-73.800789,40.604213],[-73.801069,40.60438],[-73.801714,40.60411],[-73.80322,40.604566],[-73.803381,40.604304],[-73.803728,40.604302],[-73.803695,40.604625],[-73.803377,40.604699],[-73.803936,40.605644],[-73.803389,40.60587],[-73.803143,40.606367],[-73.801817,40.606423],[-73.800773,40.607076],[-73.800581,40.606837],[-73.800997,40.606591],[-73.800644,40.606329],[-73.801074,40.606411],[-73.800339,40.606279],[-73.800855,40.606635],[-73.800318,40.607064]]]},"properties":{"borough":"Queens"}},{"type":"Feature","geometry":{"type":"Polygon","coordinates":[[[-73.796657,40.608961],[-73.796009,40.608217],[-73.796478,40.608002],[-73.796261,40.607625],[-73.796549,40.607288],[-73.796113,40.607409],[-73.79582,40.608134],[-73.795517,40.607355],[-73.795278,40.605814],[-73.795727,40.605231],[-73.796032,40.6053],[-73.795605,40.605892],[-73.795701,40.606461],[-73.796749,40.606226],[-73.797897,40.606869],[-73.79902,40.606868],[-73.800526,40.607226],[-73.801071,40.607179],[-73.801928,40.606637],[-73.803265,40.606572],[-73.804015,40.606132],[-73.803084,40.607465],[-73.801821,40.607959],[-73.801403,40.608227],[-73.801624,40.608355],[-73.800994,40.608672],[-73.796657,40.608961]]]},"properties":{"borough":"Queens"}},{"type":"Feature","geometry":{"type":"Polygon","coordinates":[[[-73.827302,40.609485],[-73.82635,40.609289],[-73.825814,40.608918],[-73.826047,40.608292],[-73.825768,40.607854],[-73.826254,40.608018],[-73.826791,40.60791],[-73.825667,40.607786],[-73.825407,40.6067],[-73.824537,40.605078],[-73.824633,40.604724],[-73.827707,40.605238],[-73.829086,40.605821],[-73.829403,40.606582],[-73.82904,40.607355],[-73.82777,40.607765],[-73.827472,40.608225],[-73.82708,40.608333],[-73.827602,40.609298],[-73.827302,40.609485]]]},"properties":{"borough":"Queens"}},{"type":"Feature","geometry":{"type":"Polygon","coordinates":[[[-73.832129,40.609517],[-73.831223,40.60883],[-73.831307,40.608412],[-73.830827,40.608474],[-73.830056,40.607925],[-73.829779,40.607116],[-73.829877,40.606323],[-73.830923,40.605365],[-73.831775,40.605094],[-73.83195,40.605273],[-73.835082,40.605254],[-73.835742,40.605782],[-73.834463,40.607193],[-73.834304,40.607953],[-73.83247,40.609462],[-73.832129,40.609517]]]},"properties":{"borough":"Queens"}},{"type":"Feature","geometry":{"type":"Polygon","coordinates":[[[-73.766691,40.614255],[-73.765164,40.613754],[-73.76506,40.612035],[-73.762299,40.611359],[-73.761724,40.611847],[-73.760236,40.610821],[-73.761782,40.609152],[-73.761551,40.609031],[-73.759984,40.610879],[-73.759491,40.610816],[-73.759721,40.610152],[-73.759197,40.61037],[-73.756561,40.610139],[-73.755871,40.610307],[-73.755607,40.610077],[-73.755874,40.610385],[-73.755564,40.610118],[-73.754995,40.610132],[-73.754732,40.610405],[-73.753458,40.61052],[-73.750088,40.611641],[-73.748216,40.612011],[-73.747993,40.61231],[-73.747614,40.611998],[-73.747216,40.612179],[-73.746855,40.611574],[-73.745762,40.611992],[-73.743109,40.607716],[-73.743397,40.607472],[-73.740291,40.604598],[-73.739207,40.60404],[-73.738404,40.603121],[-73.738356,40.5976],[-73.73872,40.596949],[-73.738626,40.597266],[-73.738788,40.596975],[-73.73938,40.597239],[-73.739927,40.597055],[-73.740118,40.596728],[-73.739799,40.596429],[-73.740097,40.596209],[-73.740392,40.596182],[-73.74036,40.596775],[-73.740644,40.597001],[-73.741831,40.596696],[-73.741512,40.596529],[-73.740521,40.596572],[-73.740547,40.59612],[-73.739928,40.596062],[-73.739464,40.596878],[-73.739497,40.59702],[-73.739883,40.596771],[-73.739747,40.596543],[-73.739796,40.596883],[-73.739398,40.597046],[-73.738929,40.596875],[-73.73944,40.596897],[-73.738947,40.596763],[-73.738384,40.597117],[-73.738412,40.595924],[-73.73799,40.594556],[-73.738487,40.594352],[-73.738772,40.594525],[-73.738778,40.594355],[-73.739002,40.594586],[-73.739588,40.594427],[-73.73962,40.59458],[-73.740136,40.594512],[-73.740628,40.594722],[-73.740902,40.594488],[-73.741318,40.594793],[-73.741698,40.594642],[-73.742226,40.594906],[-73.742387,40.594729],[-73.74335,40.594795],[-73.743484,40.594591],[-73.744625,40.594662],[-73.746655,40.594296],[-73.749125,40.593216],[-73.751694,40.591312],[-73.753448,40.590964],[-73.755955,40.590874],[-73.757892,40.591357],[-73.761343,40.591727],[-73.76797,40.590729],[-73.768727,40.59087],[-73.770826,40.590553],[-73.775918,40.590178],[-73.775837,40.590325],[-73.779185,40.589593],[-73.78043,40.589597],[-73.784533,40.588478],[-73.787684,40.587923],[-73.788784,40.58745],[-73.789415,40.587628],[-73.792008,40.587217],[-73.801829,40.585352],[-73.803258,40.584893],[-73.803721,40.585018],[-73.805843,40.584458],[-73.806792,40.58442],[-73.807992,40.584004],[-73.813524,40.583473],[-73.833869,40.57765],[-73.837785,40.575924],[-73.857203,40.569101],[-73.862869,40.566831],[-73.862694,40.566502],[-73.863005,40.566876],[-73.863559,40.567027],[-73.865576,40.56656],[-73.866611,40.566094],[-73.866309,40.565546],[-73.86663,40.56609],[-73.866861,40.566086],[-73.868487,40.565527],[-73.868251,40.565069],[-73.868528,40.565545],[-73.86925,40.565385],[-73.870622,40.564813],[-73.870276,40.564175],[-73.870641,40.56481],[-73.870913,40.564765],[-73.87264,40.564084],[-73.872379,40.563575],[-73.872746,40.564105],[-73.873206,40.56406],[-73.876246,40.563101],[-73.88029,40.561375],[-73.881282,40.561372],[-73.882416,40.560911],[-73.882374,40.56076],[-73.883247,40.560856],[-73.884859,40.560043],[-73.886111,40.559922],[-73.886975,40.5594],[-73.887893,40.559511],[-73.889639,40.558664],[-73.890217,40.558812],[-73.890796,40.558619],[-73.891924,40.55816],[-73.892139,40.557872],[-73.892527,40.558119],[-73.893471,40.557946],[-73.894951,40.557294],[-73.894918,40.557079],[-73.895512,40.557414],[-73.896995,40.556892],[-73.89708,40.556657],[-73.897357,40.556998],[-73.897995,40.557102],[-73.899117,40.5568],[-73.89913,40.556641],[-73.900586,40.556422],[-73.90124,40.55676],[-73.902794,40.556733],[-73.906914,40.555604],[-73.919481,40.550625],[-73.936119,40.544516],[-73.938898,40.54324],[-73.940472,40.542863],[-73.940735,40.541834],[-73.94013,40.548005],[-73.940274,40.552408],[-73.939909,40.553836],[-73.939254,40.55498],[-73.938656,40.555677],[-73.936473,40.556933],[-73.935094,40.55727],[-73.93314,40.557364],[-73.931776,40.5579],[-73.926157,40.561553],[-73.924215,40.562001],[-73.921078,40.56208],[-73.920368,40.562219],[-73.92026,40.562612],[-73.920331,40.562226],[-73.917661,40.562826],[-73.914553,40.564353],[-73.911883,40.56499],[-73.911955,40.565811],[-73.912162,40.565836],[-73.91197,40.565869],[-73.911736,40.565873],[-73.911926,40.565814],[-73.911858,40.564995],[-73.910798,40.565111],[-73.910038,40.564794],[-73.909717,40.565287],[-73.910023,40.56478],[-73.909763,40.564285],[-73.908725,40.563931],[-73.907919,40.564148],[-73.907986,40.563442],[-73.906647,40.562786],[-73.904695,40.562827],[-73.902871,40.563515],[-73.902448,40.5629],[-73.901611,40.562751],[-73.900004,40.563216],[-73.896133,40.565358],[-73.895337,40.566332],[-73.895672,40.567032],[-73.895187,40.566914],[-73.89413,40.56782],[-73.89261,40.568587],[-73.889111,40.567916],[-73.888368,40.568145],[-73.887862,40.568038],[-73.886547,40.568471],[-73.884897,40.5685],[-73.88431,40.568696],[-73.884887,40.56847],[-73.884756,40.568289],[-73.884299,40.568437],[-73.884737,40.568269],[-73.88446,40.567893],[-73.884166,40.568002],[-73.884256,40.568157],[-73.884148,40.568009],[-73.884072,40.568195],[-73.883791,40.568124],[-73.884023,40.568503],[-73.883781,40.568127],[-73.883577,40.56821],[-73.883479,40.568473],[-73.883904,40.568906],[-73.883369,40.568332],[-73.88263,40.568369],[-73.881923,40.568731],[-73.878675,40.56864],[-73.877606,40.568861],[-73.865543,40.574642],[-73.853055,40.581255],[-73.850444,40.58213],[-73.848611,40.582188],[-73.845206,40.58158],[-73.839354,40.581857],[-73.838957,40.582574],[-73.838553,40.582792],[-73.835841,40.582879],[-73.828525,40.584854],[-73.828037,40.586053],[-73.824813,40.587151],[-73.822937,40.587492],[-73.82146,40.58677],[-73.817416,40.588917],[-73.817638,40.589286],[-73.816742,40.589319],[-73.815248,40.589989],[-73.814701,40.590611],[-73.813632,40.590794],[-73.813257,40.591046],[-73.813589,40.591698],[-73.813235,40.591071],[-73.811703,40.591594],[-73.811494,40.592901],[-73.811335,40.591745],[-73.811008,40.591768],[-73.810818,40.59209],[-73.81095,40.592503],[-73.811386,40.592442],[-73.811408,40.592871],[-73.811073,40.593022],[-73.811373,40.592703],[-73.81075,40.592792],[-73.811373,40.592684],[-73.811358,40.592463],[-73.81094,40.592547],[-73.810805,40.592092],[-73.809899,40.592271],[-73.810039,40.593078],[-73.809778,40.592399],[-73.809807,40.59271],[-73.809631,40.592492],[-73.809612,40.593577],[-73.806028,40.592009],[-73.805749,40.590758],[-73.805824,40.591889],[-73.804339,40.591311],[-73.804166,40.591855],[-73.807838,40.59338],[-73.807977,40.594161],[-73.80711,40.595286],[-73.80606,40.595558],[-73.804906,40.595088],[-73.804042,40.594189],[-73.804126,40.593514],[-73.803809,40.592891],[-73.803032,40.592577],[-73.802438,40.59264],[-73.80251,40.593948],[-73.803135,40.593758],[-73.803181,40.593945],[-73.802513,40.593967],[-73.802568,40.594272],[-73.803243,40.594087],[-73.803288,40.594282],[-73.802604,40.594288],[-73.802345,40.594496],[-73.803186,40.594663],[-73.80344,40.594434],[-73.803197,40.594678],[-73.803378,40.594869],[-73.803725,40.594817],[-73.8032,40.594873],[-73.803391,40.595007],[-73.803215,40.595146],[-73.803908,40.595005],[-73.803315,40.59518],[-73.803685,40.595198],[-73.805085,40.597101],[-73.804692,40.597691],[-73.803933,40.597943],[-73.802922,40.598873],[-73.801671,40.598896],[-73.800949,40.599152],[-73.800915,40.599391],[-73.800777,40.599162],[-73.800474,40.599332],[-73.800451,40.599183],[-73.799129,40.599373],[-73.798431,40.599174],[-73.795546,40.599497],[-73.794573,40.599421],[-73.793309,40.599981],[-73.792331,40.599969],[-73.78779,40.603136],[-73.786503,40.60325],[-73.786169,40.603047],[-73.787162,40.602326],[-73.788072,40.600854],[-73.790295,40.599271],[-73.791241,40.596787],[-73.790863,40.595013],[-73.79042,40.594753],[-73.790806,40.596093],[-73.790594,40.596108],[-73.790539,40.594981],[-73.790153,40.594768],[-73.790425,40.596054],[-73.790178,40.596071],[-73.790131,40.594823],[-73.789755,40.594737],[-73.789999,40.596209],[-73.789699,40.596228],[-73.789674,40.59486],[-73.789173,40.595192],[-73.789068,40.59802],[-73.785971,40.600316],[-73.785794,40.600569],[-73.786144,40.600649],[-73.78578,40.600593],[-73.785642,40.600797],[-73.785984,40.600918],[-73.785633,40.600816],[-73.785394,40.601518],[-73.784482,40.6018],[-73.783506,40.602563],[-73.783128,40.603761],[-73.783948,40.604824],[-73.783667,40.605324],[-73.780408,40.608426],[-73.778568,40.609644],[-73.777279,40.609849],[-73.776265,40.609649],[-73.775352,40.609737],[-73.774222,40.608893],[-73.774223,40.608601],[-73.774814,40.6084],[-73.774217,40.607637],[-73.774603,40.607418],[-73.775239,40.608551],[-73.776008,40.609189],[-73.774946,40.608065],[-73.77459,40.607298],[-73.775187,40.6045],[-73.774688,40.604325],[-73.774914,40.604113],[-73.775376,40.604157],[-73.775881,40.603472],[-73.776054,40.602753],[-73.775689,40.603042],[-73.775688,40.602815],[-73.776479,40.602448],[-73.77649,40.602172],[-73.777803,40.600967],[-73.778369,40.600839],[-73.778076,40.600701],[-73.778181,40.600386],[-73.780109,40.600727],[-73.781907,40.599114],[-73.781936,40.598531],[-73.78133,40.597753],[-73.780183,40.597213],[-73.780057,40.596877],[-73.779671,40.597372],[-73.777422,40.598812],[-73.777199,40.599577],[-73.776002,40.601394],[-73.774972,40.601744],[-73.774742,40.600963],[-73.774481,40.600988],[-73.774743,40.600744],[-73.77412,40.599881],[-73.774223,40.599005],[-73.773744,40.59867],[-73.773585,40.59812],[-73.772486,40.597894],[-73.771679,40.597982],[-73.771128,40.598299],[-73.770373,40.59809],[-73.769477,40.598258],[-73.768123,40.597824],[-73.767936,40.59814],[-73.768265,40.598332],[-73.770336,40.598984],[-73.770931,40.598858],[-73.771161,40.599422],[-73.770839,40.601811],[-73.770186,40.602749],[-73.77042,40.602942],[-73.770161,40.603087],[-73.770565,40.60484],[-73.770009,40.605337],[-73.770012,40.607229],[-73.769784,40.607927],[-73.769225,40.608445],[-73.769001,40.609392],[-73.769818,40.610088],[-73.771251,40.61039],[-73.772235,40.611502],[-73.773404,40.61109],[-73.772963,40.610153],[-73.773768,40.611256],[-73.773928,40.612109],[-73.774172,40.61183],[-73.773386,40.613675],[-73.772968,40.613559],[-73.771742,40.613961],[-73.766691,40.614255]]]},"properties":{"borough":"Queens"}},{"type":"Feature","geometry":{"type":"Polygon","coordinates":[[[-73.766719,40.615004],[-73.770875,40.615864],[-73.768549,40.62056],[-73.767459,40.620511],[-73.766719,40.615004]]]},"properties":{"borough":"Queens"}},{"type":"Feature","geometry":{"type":"Polygon","coordinates":[[[-73.83191,40.624176],[-73.832279,40.623735],[-73.832416,40.622925],[-73.833097,40.622415],[-73.833108,40.621681],[-73.833682,40.621381],[-73.833622,40.622603],[-73.833084,40.622761],[-73.833229,40.623357],[-73.832676,40.623908],[-73.832771,40.624031],[-73.833063,40.623691],[-73.833259,40.623831],[-73.833409,40.623548],[-73.833559,40.623936],[-73.8327,40.624228],[-73.832156,40.624692],[-73.831793,40.624474],[-73.83191,40.624176]]]},"properties":{"borough":"Queens"}},{"type":"Feature","geometry":{"type":"Polygon","coordinates":[[[-73.812234,40.6253],[-73.812438,40.624396],[-73.811681,40.62365],[-73.812083,40.623392],[-73.812516,40.623539],[-73.813013,40.62226],[-73.813251,40.622558],[-73.813032,40.623857],[-73.813862,40.625044],[-73.814429,40.625187],[-73.814479,40.625471],[-73.812491,40.626541],[-73.811988,40.626022],[-73.812234,40.6253]]]},"properties":{"borough":"Queens"}},{"type":"Feature","geometry":{"type":"Polygon","coordinates":[[[-73.79882,40.625328],[-73.797816,40.624453],[-73.798209,40.624457],[-73.798755,40.625078],[-73.800373,40.624108],[-73.800363,40.623935],[-73.799227,40.624193],[-73.798677,40.623435],[-73.800163,40.619627],[-73.800741,40.619485],[-73.801122,40.619699],[-73.801814,40.620831],[-73.802064,40.620791],[-73.80131,40.618543],[-73.801871,40.616769],[-73.803474,40.614401],[-73.803621,40.616021],[-73.804535,40.616984],[-73.804479,40.617553],[-73.804926,40.618588],[-73.805899,40.619619],[-73.805643,40.619892],[-73.806409,40.621113],[-73.806153,40.621826],[-73.80641,40.62234],[-73.80595,40.62338],[-73.805416,40.623792],[-73.80466,40.623843],[-73.803654,40.624681],[-73.802946,40.624718],[-73.801627,40.625596],[-73.799564,40.62612],[-73.79906,40.626581],[-73.798317,40.626182],[-73.797592,40.626101],[-73.79882,40.625328]]]},"properties":{"borough":"Queens"}},{"type":"Feature","geometry":{"type":"Polygon","coordinates":[[[-73.814294,40.629142],[-73.814669,40.627503],[-73.815315,40.627759],[-73.816174,40.628901],[-73.816446,40.629836],[-73.81597,40.630379],[-73.814674,40.629985],[-73.814294,40.629142]]]},"properties":{"borough":"Queens"}},{"type":"Feature","geometry":{"type":"Polygon","coordinates":[[[-73.835976,40.632217],[-73.835048,40.631795],[-73.835741,40.631305],[-73.836173,40.631539],[-73.835976,40.632217]]]},"properties":{"borough":"Queens"}},{"type":"Feature","geometry":{"type":"Polygon","coordinates":[[[-73.823376,40.638988],[-73.822771,40.635577],[-73.821982,40.633626],[-73.821846,40.63204],[-73.820672,40.628915],[-73.8201,40.627817],[-73.818256,40.626996],[-73.818237,40.626387],[-73.817889,40.625908],[-73.816231,40.62469],[-73.816175,40.624413],[-73.816753,40.623948],[-73.817953,40.624093],[-73.818643,40.623375],[-73.818662,40.622883],[-73.817549,40.622087],[-73.817579,40.621756],[-73.816722,40.621568],[-73.816624,40.621967],[-73.816207,40.622088],[-73.815387,40.621498],[-73.815432,40.620117],[-73.817181,40.619267],[-73.817774,40.617501],[-73.817119,40.615282],[-73.816527,40.614947],[-73.816432,40.614282],[-73.814718,40.614496],[-73.81444,40.614749],[-73.814081,40.614558],[-73.814683,40.613975],[-73.814857,40.614299],[-73.815495,40.61404],[-73.814796,40.613194],[-73.815036,40.612976],[-73.815469,40.613343],[-73.816156,40.612942],[-73.815404,40.610385],[-73.814503,40.611058],[-73.815207,40.609817],[-73.814763,40.608464],[-73.815061,40.607317],[-73.815742,40.606465],[-73.815461,40.606428],[-73.815528,40.606163],[-73.815525,40.606407],[-73.81596,40.606262],[-73.815888,40.605929],[-73.816425,40.605224],[-73.817392,40.605158],[-73.817254,40.60394],[-73.81772,40.602225],[-73.818311,40.60134],[-73.818491,40.59939],[-73.819281,40.59753],[-73.820337,40.596649],[-73.820673,40.595196],[-73.8212,40.594712],[-73.824135,40.594633],[-73.825478,40.595081],[-73.833217,40.594218],[-73.834252,40.59466],[-73.834721,40.595056],[-73.834847,40.595543],[-73.834201,40.596657],[-73.83349,40.596916],[-73.833361,40.597236],[-73.832394,40.597803],[-73.831541,40.597951],[-73.830629,40.597433],[-73.829483,40.598134],[-73.829098,40.597763],[-73.828062,40.59768],[-73.82598,40.599472],[-73.825568,40.598548],[-73.824654,40.598149],[-73.823959,40.598877],[-73.824523,40.598951],[-73.824771,40.598392],[-73.824526,40.599129],[-73.824078,40.598909],[-73.824166,40.599299],[-73.823766,40.60004],[-73.821944,40.599801],[-73.821469,40.599994],[-73.824436,40.600345],[-73.824452,40.600797],[-73.82354,40.601559],[-73.823616,40.602286],[-73.823067,40.602342],[-73.822945,40.602583],[-73.822903,40.604687],[-73.822467,40.605525],[-73.822905,40.605851],[-73.82236,40.606469],[-73.821265,40.607003],[-73.820032,40.608924],[-73.819618,40.610479],[-73.820576,40.612233],[-73.820878,40.612257],[-73.821284,40.611097],[-73.820549,40.610431],[-73.820558,40.609952],[-73.820859,40.609231],[-73.821615,40.60848],[-73.821862,40.609869],[-73.822331,40.610288],[-73.822892,40.610337],[-73.823195,40.610938],[-73.824004,40.611632],[-73.824103,40.612326],[-73.824675,40.61242],[-73.824686,40.613076],[-73.825558,40.614132],[-73.825936,40.614163],[-73.827256,40.613379],[-73.827875,40.613698],[-73.827242,40.614065],[-73.827502,40.614205],[-73.828455,40.614216],[-73.83092,40.615005],[-73.834019,40.614381],[-73.833702,40.620979],[-73.832548,40.621751],[-73.831588,40.622033],[-73.832677,40.621864],[-73.832888,40.622227],[-73.832589,40.622681],[-73.832262,40.622755],[-73.831404,40.622404],[-73.831016,40.622776],[-73.830387,40.622391],[-73.830074,40.623044],[-73.830204,40.623399],[-73.829956,40.623705],[-73.829869,40.623397],[-73.829188,40.624201],[-73.829662,40.624193],[-73.830113,40.623829],[-73.830414,40.622632],[-73.830878,40.622862],[-73.830462,40.624072],[-73.830767,40.62368],[-73.830653,40.623261],[-73.831095,40.622929],[-73.831532,40.622878],[-73.831929,40.623196],[-73.831742,40.622877],[-73.832134,40.623177],[-73.830965,40.624576],[-73.83092,40.62483],[-73.831345,40.625006],[-73.830769,40.625304],[-73.830952,40.625528],[-73.830628,40.626178],[-73.830824,40.626811],[-73.831669,40.627134],[-73.832303,40.627079],[-73.832289,40.628134],[-73.831776,40.628172],[-73.831617,40.628752],[-73.831877,40.628881],[-73.831633,40.628523],[-73.831886,40.628178],[-73.832626,40.628265],[-73.833012,40.62792],[-73.833041,40.628261],[-73.832895,40.628903],[-73.831961,40.629653],[-73.831147,40.632844],[-73.831331,40.633618],[-73.831939,40.634236],[-73.831958,40.634979],[-73.832491,40.635579],[-73.833406,40.638501],[-73.8329,40.638863],[-73.832217,40.638928],[-73.828668,40.636615],[-73.828086,40.63588],[-73.825917,40.635747],[-73.82443,40.636217],[-73.824136,40.638788],[-73.824574,40.639354],[-73.824193,40.639954],[-73.823376,40.638988]]]},"properties":{"borough":"Queens"}},{"type":"Feature","geometry":{"type":"Polygon","coordinates":[[[-73.857223,40.650279],[-73.860989,40.65521],[-73.860455,40.655067],[-73.859792,40.654476],[-73.85898,40.652675],[-73.857319,40.651237],[-73.856959,40.650587],[-73.857223,40.650279]]]},"properties":{"borough":"Queens"}},{"type":"Feature","geometry":{"type":"Polygon","coordinates":[[[-73.830327,40.655133],[-73.830266,40.655429],[-73.829889,40.655523],[-73.830327,40.655133]]]},"properties":{"borough":"Queens"}},{"type":"Feature","geometry":{"type":"Polygon","coordinates":[[[-73.744614,40.778947],[-73.744293,40.778747],[-73.744546,40.778855],[-73.744812,40.778557],[-73.74506,40.779143],[-73.744614,40.778947]]]},"properties":{"borough":"Queens"}},{"type":"Feature","geometry":{"type":"Polygon","coordinates":[[[-73.746725,40.780307],[-73.745592,40.779581],[-73.746821,40.779374],[-73.747245,40.780076],[-73.746725,40.780307]]]},"properties":{"borough":"Queens"}},{"type":"Feature","geometry":{"type":"Polygon","coordinates":[[[-73.820499,40.801011],[-73.820405,40.80064],[-73.819805,40.800802],[-73.819216,40.800594],[-73.817208,40.799207],[-73.816839,40.799106],[-73.816571,40.799413],[-73.816819,40.7991],[-73.816459,40.799346],[-73.816681,40.799062],[-73.816114,40.798608],[-73.815774,40.799023],[-73.816079,40.798572],[-73.813679,40.797546],[-73.8137,40.797079],[-73.813353,40.797669],[-73.813503,40.796944],[-73.813246,40.797212],[-73.812874,40.797177],[-73.812548,40.798047],[-73.812242,40.798126],[-73.81179,40.798026],[-73.811822,40.797459],[-73.811608,40.797372],[-73.806363,40.796394],[-73.806231,40.796817],[-73.806331,40.796393],[-73.805886,40.796475],[-73.805396,40.796171],[-73.805317,40.796506],[-73.805339,40.796164],[-73.804672,40.796167],[-73.804628,40.796365],[-73.804624,40.796143],[-73.804348,40.796214],[-73.804274,40.796641],[-73.804165,40.796229],[-73.804115,40.796681],[-73.804136,40.796234],[-73.803955,40.796649],[-73.803874,40.796314],[-73.803606,40.796632],[-73.803483,40.796471],[-73.803434,40.796912],[-73.803464,40.796474],[-73.803205,40.797077],[-73.803261,40.796706],[-73.802579,40.796295],[-73.801011,40.796522],[-73.800294,40.796255],[-73.800129,40.796447],[-73.800182,40.796267],[-73.799681,40.796175],[-73.799605,40.796332],[-73.797898,40.795559],[-73.797583,40.795967],[-73.79787,40.795552],[-73.796736,40.795209],[-73.796487,40.795646],[-73.796706,40.795198],[-73.796499,40.795118],[-73.794598,40.794938],[-73.794382,40.794793],[-73.79456,40.794746],[-73.794317,40.793582],[-73.794944,40.791751],[-73.793751,40.789062],[-73.79338,40.789578],[-73.79362,40.788997],[-73.792807,40.788783],[-73.790282,40.790317],[-73.785681,40.790341],[-73.783179,40.790866],[-73.782523,40.791352],[-73.784342,40.791749],[-73.781747,40.791133],[-73.781078,40.791677],[-73.780775,40.792991],[-73.780839,40.793277],[-73.781589,40.793464],[-73.781639,40.79331],[-73.78166,40.793482],[-73.780724,40.793334],[-73.780792,40.794036],[-73.781904,40.794901],[-73.783318,40.794758],[-73.783259,40.794924],[-73.782003,40.794975],[-73.781542,40.79566],[-73.779803,40.796206],[-73.779362,40.796685],[-73.778271,40.796725],[-73.776871,40.796445],[-73.776179,40.796096],[-73.774314,40.794425],[-73.773632,40.79275],[-73.772363,40.791538],[-73.772133,40.790179],[-73.770631,40.788463],[-73.770823,40.787983],[-73.771738,40.787464],[-73.774268,40.786757],[-73.77423,40.787065],[-73.775019,40.787394],[-73.776337,40.788487],[-73.774265,40.786651],[-73.774076,40.785917],[-73.768201,40.779444],[-73.767162,40.779783],[-73.767024,40.780086],[-73.766776,40.779812],[-73.768162,40.779397],[-73.767091,40.776845],[-73.765104,40.773799],[-73.758935,40.768334],[-73.758643,40.767357],[-73.75787,40.766946],[-73.75739,40.767167],[-73.756411,40.766514],[-73.756505,40.766346],[-73.756022,40.766464],[-73.754937,40.766093],[-73.752193,40.76383],[-73.751074,40.761764],[-73.748612,40.760928],[-73.747535,40.759857],[-73.74656,40.759339],[-73.746289,40.759059],[-73.746277,40.757797],[-73.74576,40.757837],[-73.744636,40.756891],[-73.744657,40.756558],[-73.744576,40.756907],[-73.744866,40.757204],[-73.74576,40.757914],[-73.746047,40.75781],[-73.746312,40.758055],[-73.746062,40.758762],[-73.746359,40.759291],[-73.747494,40.759977],[-73.748541,40.761386],[-73.748873,40.761668],[-73.749222,40.76158],[-73.749174,40.761378],[-73.75004,40.761576],[-73.751231,40.762522],[-73.751695,40.763652],[-73.753046,40.764817],[-73.755072,40.767533],[-73.754859,40.768404],[-73.754394,40.768753],[-73.754714,40.768795],[-73.754706,40.769742],[-73.755333,40.770998],[-73.755535,40.770986],[-73.755342,40.771022],[-73.755573,40.771529],[-73.754381,40.772041],[-73.75357,40.772695],[-73.753367,40.773208],[-73.754241,40.775267],[-73.755186,40.776498],[-73.754858,40.776896],[-73.754813,40.777619],[-73.755517,40.777704],[-73.754695,40.777736],[-73.754026,40.779604],[-73.752316,40.782],[-73.75072,40.782627],[-73.750208,40.782399],[-73.748956,40.781067],[-73.748249,40.780765],[-73.748145,40.78024],[-73.747358,40.779383],[-73.747779,40.779115],[-73.747166,40.778856],[-73.746794,40.779035],[-73.746866,40.778878],[-73.745641,40.777829],[-73.745348,40.777153],[-73.745688,40.778153],[-73.74611,40.778455],[-73.74601,40.778877],[-73.745291,40.778864],[-73.745077,40.778249],[-73.744617,40.777919],[-73.74524,40.777402],[-73.745017,40.776598],[-73.745075,40.777452],[-73.744665,40.777683],[-73.744718,40.777487],[-73.744431,40.777456],[-73.744416,40.778123],[-73.744084,40.778255],[-73.744334,40.778431],[-73.744041,40.77859],[-73.74008,40.776209],[-73.739376,40.776014],[-73.721533,40.764823],[-73.720976,40.76476],[-73.707825,40.756216],[-73.702178,40.752886],[-73.701633,40.752493],[-73.701347,40.750781],[-73.70002,40.739237],[-73.701471,40.737512],[-73.707662,40.727831],[-73.7105,40.727227],[-73.716933,40.726386],[-73.725672,40.724038],[-73.730326,40.722157],[-73.729176,40.719167],[-73.726895,40.709979],[-73.72679,40.701945],[-73.72563,40.679588],[-73.726294,40.677058],[-73.727556,40.674162],[-73.728241,40.668024],[-73.727818,40.663117],[-73.728331,40.663044],[-73.727931,40.661749],[-73.726444,40.659162],[-73.725568,40.656725],[-73.725503,40.655517],[-73.724985,40.654253],[-73.725226,40.652001],[-73.730515,40.65031],[-73.735135,40.649732],[-73.739045,40.648201],[-73.741437,40.646889],[-73.741661,40.642198],[-73.742051,40.641474],[-73.741423,40.640503],[-73.742274,40.640123],[-73.741259,40.638897],[-73.739471,40.635706],[-73.73996,40.635144],[-73.740004,40.635309],[-73.741706,40.635038],[-73.741465,40.634943],[-73.741702,40.634882],[-73.742537,40.635175],[-73.742391,40.63563],[-73.742585,40.635453],[-73.74125,40.63694],[-73.741118,40.637468],[-73.740965,40.637305],[-73.741217,40.637816],[-73.74273,40.63827],[-73.743971,40.63788],[-73.743522,40.638889],[-73.743766,40.63902],[-73.744796,40.637075],[-73.744713,40.637307],[-73.745195,40.637192],[-73.746264,40.636442],[-73.746612,40.636582],[-73.746794,40.63685],[-73.746454,40.63726],[-73.745162,40.638112],[-73.74538,40.638292],[-73.745673,40.638125],[-73.745511,40.637944],[-73.746914,40.636916],[-73.747158,40.637061],[-73.746171,40.640396],[-73.746315,40.641394],[-73.747292,40.643187],[-73.748751,40.644471],[-73.74885,40.645169],[-73.749453,40.644931],[-73.751713,40.646501],[-73.753271,40.647334],[-73.753233,40.647052],[-73.753542,40.647196],[-73.753292,40.647343],[-73.754278,40.647886],[-73.754756,40.647812],[-73.754928,40.647573],[-73.754612,40.6472],[-73.753793,40.646706],[-73.753738,40.64696],[-73.753402,40.646807],[-73.753761,40.646686],[-73.748707,40.643343],[-73.747421,40.641414],[-73.747529,40.639324],[-73.748555,40.635412],[-73.749354,40.634947],[-73.750696,40.634628],[-73.752438,40.633677],[-73.753484,40.633514],[-73.754791,40.632882],[-73.75901,40.631489],[-73.760532,40.630663],[-73.762194,40.630259],[-73.763088,40.629659],[-73.76453,40.629221],[-73.765009,40.629412],[-73.764753,40.629159],[-73.766496,40.62825],[-73.768604,40.624733],[-73.768843,40.623939],[-73.768553,40.623189],[-73.768668,40.622732],[-73.769723,40.621762],[-73.769615,40.621147],[-73.770188,40.619791],[-73.771093,40.619978],[-73.771655,40.620416],[-73.771717,40.620962],[-73.770811,40.62295],[-73.77086,40.623331],[-73.771439,40.623285],[-73.771728,40.623585],[-73.77518,40.619265],[-73.77221,40.623005],[-73.772363,40.623147],[-73.772169,40.623056],[-73.77217,40.62336],[-73.771819,40.623499],[-73.771988,40.623598],[-73.771739,40.623606],[-73.773235,40.624994],[-73.77381,40.624926],[-73.773495,40.625143],[-73.774075,40.625783],[-73.776542,40.627652],[-73.779469,40.627316],[-73.784195,40.620893],[-73.785215,40.620063],[-73.785159,40.618647],[-73.784781,40.618336],[-73.784785,40.617981],[-73.784356,40.617764],[-73.784461,40.617028],[-73.783226,40.615579],[-73.78249,40.615568],[-73.782295,40.615168],[-73.781717,40.615177],[-73.780794,40.614588],[-73.780709,40.614027],[-73.781149,40.613998],[-73.780884,40.61364],[-73.783552,40.611924],[-73.784975,40.61193],[-73.785778,40.610993],[-73.78647,40.610679],[-73.787199,40.610656],[-73.787415,40.610262],[-73.787707,40.610365],[-73.788659,40.610091],[-73.78876,40.609638],[-73.789082,40.609553],[-73.789018,40.609222],[-73.789954,40.608982],[-73.790013,40.608685],[-73.790473,40.608456],[-73.79038,40.608245],[-73.790856,40.608048],[-73.790877,40.607696],[-73.791397,40.607611],[-73.791511,40.608155],[-73.791158,40.608252],[-73.791173,40.608475],[-73.791733,40.608759],[-73.792749,40.608646],[-73.793651,40.608986],[-73.793897,40.609469],[-73.794542,40.609749],[-73.794806,40.610378],[-73.797457,40.611318],[-73.798985,40.611482],[-73.799173,40.612026],[-73.800257,40.611597],[-73.800801,40.611934],[-73.800239,40.612082],[-73.799934,40.613144],[-73.799317,40.613358],[-73.799685,40.613777],[-73.799039,40.615551],[-73.798545,40.61589],[-73.798163,40.615716],[-73.798061,40.616327],[-73.797276,40.61666],[-73.797243,40.617594],[-73.796783,40.617705],[-73.797005,40.61838],[-73.796356,40.618455],[-73.796188,40.61961],[-73.795595,40.620211],[-73.79554,40.620913],[-73.795023,40.621292],[-73.795234,40.621607],[-73.794467,40.621786],[-73.794707,40.622181],[-73.794576,40.622519],[-73.793684,40.622702],[-73.792266,40.622339],[-73.790758,40.622328],[-73.789163,40.623],[-73.785941,40.625847],[-73.785363,40.626707],[-73.784879,40.626631],[-73.783631,40.628143],[-73.783284,40.628954],[-73.78349,40.630165],[-73.784348,40.631373],[-73.785703,40.632095],[-73.786907,40.632262],[-73.789497,40.63427],[-73.790769,40.633849],[-73.790793,40.634282],[-73.798119,40.631038],[-73.798276,40.631252],[-73.790811,40.63431],[-73.791309,40.634401],[-73.791229,40.634857],[-73.792223,40.63589],[-73.793434,40.636087],[-73.794744,40.636629],[-73.797257,40.638008],[-73.799237,40.63842],[-73.801772,40.63976],[-73.804659,40.640905],[-73.805659,40.641602],[-73.806702,40.641776],[-73.808646,40.642815],[-73.810757,40.643492],[-73.812033,40.644304],[-73.813644,40.644691],[-73.815651,40.64563],[-73.818303,40.646268],[-73.821229,40.648975],[-73.822151,40.650135],[-73.822606,40.652786],[-73.823466,40.655313],[-73.822468,40.65916],[-73.821536,40.659972],[-73.821747,40.660118],[-73.821512,40.659982],[-73.819714,40.660874],[-73.819657,40.660742],[-73.818695,40.661105],[-73.81457,40.660635],[-73.812621,40.660157],[-73.811499,40.660226],[-73.811301,40.660628],[-73.818672,40.662133],[-73.823476,40.66006],[-73.824929,40.655442],[-73.823475,40.650476],[-73.823422,40.649464],[-73.822907,40.648093],[-73.823113,40.648003],[-73.82396,40.649194],[-73.824588,40.649483],[-73.824998,40.649377],[-73.825341,40.649665],[-73.825889,40.649486],[-73.826145,40.650082],[-73.826407,40.649289],[-73.82622,40.648361],[-73.82846,40.649119],[-73.829597,40.649828],[-73.83001,40.650328],[-73.830008,40.650903],[-73.830937,40.651626],[-73.831288,40.653479],[-73.831613,40.653749],[-73.829014,40.656108],[-73.829667,40.655599],[-73.830443,40.655519],[-73.830602,40.654807],[-73.831708,40.653931],[-73.832054,40.654046],[-73.832001,40.654441],[-73.832217,40.65446],[-73.831493,40.65498],[-73.831161,40.655919],[-73.830033,40.656567],[-73.829376,40.656506],[-73.828968,40.657205],[-73.829179,40.6578],[-73.83013,40.658403],[-73.8296,40.658657],[-73.830162,40.659804],[-73.829695,40.658656],[-73.830244,40.65835],[-73.829224,40.657707],[-73.829094,40.657334],[-73.829503,40.656647],[-73.830092,40.656736],[-73.831271,40.656003],[-73.831852,40.654885],[-73.832182,40.654895],[-73.832903,40.657484],[-73.831944,40.656171],[-73.8326,40.657827],[-73.831127,40.658319],[-73.833384,40.658052],[-73.830799,40.648977],[-73.831487,40.647887],[-73.834535,40.648025],[-73.835566,40.648427],[-73.835972,40.649349],[-73.838453,40.659362],[-73.838807,40.660942],[-73.838627,40.661082],[-73.838929,40.66127],[-73.838076,40.661588],[-73.838141,40.66207],[-73.838724,40.662407],[-73.839696,40.662238],[-73.839624,40.661996],[-73.839979,40.661904],[-73.835923,40.6455],[-73.836331,40.645321],[-73.838609,40.645348],[-73.840392,40.644888],[-73.845795,40.644102],[-73.849507,40.644134],[-73.852076,40.646176],[-73.852432,40.647159],[-73.851726,40.648912],[-73.851372,40.64918],[-73.850906,40.649168],[-73.850587,40.650338],[-73.850377,40.650274],[-73.850423,40.650477],[-73.849257,40.651032],[-73.849398,40.651435],[-73.849923,40.651658],[-73.850785,40.651533],[-73.852509,40.650551],[-73.854033,40.65066],[-73.855251,40.65127],[-73.855919,40.651309],[-73.856713,40.652802],[-73.857054,40.652967],[-73.857723,40.652726],[-73.858281,40.652995],[-73.859327,40.654941],[-73.861364,40.656415],[-73.86136,40.656594],[-73.860617,40.656465],[-73.860208,40.65701],[-73.860068,40.65678],[-73.859834,40.656977],[-73.860075,40.657049],[-73.85981,40.657322],[-73.859939,40.65772],[-73.859572,40.658035],[-73.859636,40.658458],[-73.860258,40.65863],[-73.860232,40.658897],[-73.860512,40.658498],[-73.860981,40.658381],[-73.86049,40.658994],[-73.860612,40.659327],[-73.861249,40.658721],[-73.861273,40.658265],[-73.860959,40.658061],[-73.859768,40.658282],[-73.860576,40.657836],[-73.860342,40.657248],[-73.860876,40.656908],[-73.861614,40.656997],[-73.861703,40.658025],[-73.862698,40.657618],[-73.863171,40.658277],[-73.860305,40.659635],[-73.857615,40.660119],[-73.85843,40.663453],[-73.855685,40.663867],[-73.857633,40.671656],[-73.860385,40.671252],[-73.862346,40.679165],[-73.863283,40.679079],[-73.864101,40.682373],[-73.86602,40.68192],[-73.868685,40.694035],[-73.868405,40.694731],[-73.868918,40.695147],[-73.874021,40.694191],[-73.879506,40.691147],[-73.883777,40.687863],[-73.884523,40.686685],[-73.888083,40.685294],[-73.889628,40.684236],[-73.890154,40.685004],[-73.892583,40.683492],[-73.894175,40.685283],[-73.895779,40.683497],[-73.896466,40.682336],[-73.901162,40.687878],[-73.900425,40.688184],[-73.901888,40.691078],[-73.901398,40.69159],[-73.905796,40.694127],[-73.90426,40.6957],[-73.911807,40.699947],[-73.910679,40.701046],[-73.912904,40.702362],[-73.911807,40.703435],[-73.921892,40.709396],[-73.920749,40.710534],[-73.921546,40.711043],[-73.922235,40.712856],[-73.92404,40.714008],[-73.923684,40.714083],[-73.924122,40.715138],[-73.923525,40.715617],[-73.92233,40.716077],[-73.920643,40.715773],[-73.920569,40.716004],[-73.922238,40.716382],[-73.923939,40.719043],[-73.923836,40.720148],[-73.924244,40.721429],[-73.9252,40.72244],[-73.924423,40.72359],[-73.922143,40.723708],[-73.920734,40.72331],[-73.920371,40.723681],[-73.922286,40.724181],[-73.924192,40.724276],[-73.924903,40.724507],[-73.926557,40.725669],[-73.928557,40.727845],[-73.929235,40.72826],[-73.934532,40.729105],[-73.936446,40.729672],[-73.938045,40.73051],[-73.939111,40.73138],[-73.940165,40.733486],[-73.940067,40.733762],[-73.941625,40.735841],[-73.945941,40.737505],[-73.942579,40.738816],[-73.942804,40.738862],[-73.942556,40.739021],[-73.941462,40.739249],[-73.940509,40.740114],[-73.940362,40.740335],[-73.940561,40.740418],[-73.939109,40.742617],[-73.93867,40.742534],[-73.938588,40.742931],[-73.940019,40.743208],[-73.940149,40.742832],[-73.939653,40.742731],[-73.941188,40.74029],[-73.941835,40.739693],[-73.942597,40.739395],[-73.942706,40.739115],[-73.945482,40.738207],[-73.947151,40.7379],[-73.951381,40.739336],[-73.953799,40.73982],[-73.957415,40.739557],[-73.960726,40.73808],[-73.962165,40.738273],[-73.962608,40.738796],[-73.962209,40.740006],[-73.96179,40.740013],[-73.961247,40.740424],[-73.961938,40.740795],[-73.961804,40.741098],[-73.961219,40.741108],[-73.961074,40.741695],[-73.961365,40.741837],[-73.961108,40.741828],[-73.961553,40.741993],[-73.96119,40.742645],[-73.960543,40.743466],[-73.959775,40.743505],[-73.959706,40.743859],[-73.960569,40.74403],[-73.959632,40.743935],[-73.959391,40.744283],[-73.960126,40.744444],[-73.959234,40.74431],[-73.958775,40.744556],[-73.959442,40.744604],[-73.958879,40.744624],[-73.958759,40.744945],[-73.959666,40.74517],[-73.958494,40.744988],[-73.959338,40.745508],[-73.959059,40.745753],[-73.958502,40.745765],[-73.959144,40.746001],[-73.957041,40.74892],[-73.954854,40.748041],[-73.953184,40.747735],[-73.953054,40.748087],[-73.954784,40.748428],[-73.956322,40.749082],[-73.956012,40.749374],[-73.956222,40.749517],[-73.956001,40.749384],[-73.95576,40.749597],[-73.956201,40.749686],[-73.955464,40.749674],[-73.955349,40.750014],[-73.955067,40.749633],[-73.954516,40.750587],[-73.954499,40.751226],[-73.951314,40.75458],[-73.943503,40.764499],[-73.941312,40.766918],[-73.939836,40.767988],[-73.939366,40.76816],[-73.938955,40.767958],[-73.938197,40.7687],[-73.937888,40.768558],[-73.937958,40.768785],[-73.937471,40.768952],[-73.936815,40.768904],[-73.936404,40.769475],[-73.93574,40.769367],[-73.934895,40.770042],[-73.934695,40.770425],[-73.935147,40.770542],[-73.935008,40.771162],[-73.934527,40.771177],[-73.934435,40.771462],[-73.937466,40.772531],[-73.937813,40.773563],[-73.937655,40.775086],[-73.93638,40.776921],[-73.935082,40.777944],[-73.933811,40.7781],[-73.931788,40.777871],[-73.93105,40.777442],[-73.930629,40.776591],[-73.929881,40.776222],[-73.928605,40.776593],[-73.926318,40.778242],[-73.924873,40.778626],[-73.922957,40.780441],[-73.9221,40.780852],[-73.91909,40.783368],[-73.918189,40.783933],[-73.917171,40.784193],[-73.916833,40.785191],[-73.915752,40.786108],[-73.91526,40.786192],[-73.915587,40.78643],[-73.9126,40.789376],[-73.912408,40.789274],[-73.912667,40.789004],[-73.911838,40.789681],[-73.910943,40.789755],[-73.910905,40.790041],[-73.909859,40.790945],[-73.900326,40.789008],[-73.89694,40.786625],[-73.896512,40.786069],[-73.896353,40.786179],[-73.896503,40.786057],[-73.896044,40.7858],[-73.89614,40.785607],[-73.89593,40.785649],[-73.896126,40.785593],[-73.895829,40.785222],[-73.898762,40.782749],[-73.901146,40.782711],[-73.902178,40.781781],[-73.902579,40.780289],[-73.902343,40.780187],[-73.902183,40.780359],[-73.902036,40.781203],[-73.901291,40.781858],[-73.90035,40.782164],[-73.898654,40.781995],[-73.894378,40.784243],[-73.894295,40.784118],[-73.896064,40.783157],[-73.894774,40.782254],[-73.895358,40.781658],[-73.894601,40.782253],[-73.895344,40.781586],[-73.894165,40.782472],[-73.893061,40.781848],[-73.892308,40.782466],[-73.892749,40.782966],[-73.891655,40.782195],[-73.892242,40.782411],[-73.89301,40.781798],[-73.892279,40.7813],[-73.892111,40.781395],[-73.892218,40.781205],[-73.891671,40.780855],[-73.891592,40.780581],[-73.89254,40.779552],[-73.891669,40.779493],[-73.891196,40.778563],[-73.892523,40.777405],[-73.891416,40.776339],[-73.891832,40.77488],[-73.89112,40.777125],[-73.890563,40.777404],[-73.890352,40.7778],[-73.890087,40.777784],[-73.889471,40.775536],[-73.890192,40.773647],[-73.889852,40.773753],[-73.889455,40.773533],[-73.885808,40.774022],[-73.88567,40.774433],[-73.885785,40.774025],[-73.883916,40.774133],[-73.884552,40.774361],[-73.884837,40.774953],[-73.884774,40.775332],[-73.884288,40.775483],[-73.88525,40.778613],[-73.88512,40.779511],[-73.885413,40.77966],[-73.885109,40.779522],[-73.885193,40.779786],[-73.885009,40.779565],[-73.884881,40.779987],[-73.883852,40.780264],[-73.882744,40.780223],[-73.881391,40.780602],[-73.879735,40.780655],[-73.879607,40.78085],[-73.878706,40.780586],[-73.879051,40.781731],[-73.879309,40.781854],[-73.878858,40.782398],[-73.879702,40.782883],[-73.878831,40.782431],[-73.878339,40.783026],[-73.875158,40.781509],[-73.871249,40.786038],[-73.869781,40.785338],[-73.868099,40.787459],[-73.867884,40.787361],[-73.86987,40.785086],[-73.869438,40.783638],[-73.868605,40.783809],[-73.868498,40.783671],[-73.869423,40.783591],[-73.87048,40.782306],[-73.871463,40.782126],[-73.872323,40.781101],[-73.872017,40.780956],[-73.870219,40.781247],[-73.872028,40.780933],[-73.872336,40.781085],[-73.872557,40.780821],[-73.864711,40.776733],[-73.855051,40.772195],[-73.855086,40.771831],[-73.856463,40.770273],[-73.857883,40.77066],[-73.858039,40.770204],[-73.857347,40.770184],[-73.85685,40.769542],[-73.856213,40.769196],[-73.856246,40.768886],[-73.857048,40.76914],[-73.857678,40.768276],[-73.859375,40.767075],[-73.860855,40.766932],[-73.861103,40.767272],[-73.861314,40.766941],[-73.862755,40.766765],[-73.859491,40.762563],[-73.858921,40.762406],[-73.858923,40.762122],[-73.858645,40.762514],[-73.858844,40.762059],[-73.858619,40.761936],[-73.857655,40.76308],[-73.858501,40.763376],[-73.858343,40.763563],[-73.857639,40.763099],[-73.856964,40.764074],[-73.856675,40.76393],[-73.857583,40.763073],[-73.856587,40.762723],[-73.856782,40.762508],[-73.857604,40.763053],[-73.858176,40.762396],[-73.856612,40.76165],[-73.858194,40.762374],[-73.858585,40.761917],[-73.857121,40.761189],[-73.855303,40.76065],[-73.854664,40.760171],[-73.853724,40.760246],[-73.852794,40.759972],[-73.852974,40.760217],[-73.851586,40.759355],[-73.850691,40.759449],[-73.84994,40.759698],[-73.849301,40.760243],[-73.849875,40.761104],[-73.851974,40.760249],[-73.852072,40.760393],[-73.849812,40.761271],[-73.849167,40.760297],[-73.848588,40.76018],[-73.843594,40.763371],[-73.843688,40.763613],[-73.843436,40.763433],[-73.84307,40.763593],[-73.843042,40.764321],[-73.842728,40.764629],[-73.840526,40.765388],[-73.839578,40.765252],[-73.839132,40.765991],[-73.839698,40.766393],[-73.839591,40.767111],[-73.839939,40.767064],[-73.840312,40.766295],[-73.844489,40.76546],[-73.8462,40.766196],[-73.847231,40.766313],[-73.847806,40.766773],[-73.848623,40.768114],[-73.848271,40.768202],[-73.848193,40.76848],[-73.848745,40.768712],[-73.848997,40.769148],[-73.848466,40.769726],[-73.848672,40.770762],[-73.849942,40.771927],[-73.850304,40.771938],[-73.850338,40.771744],[-73.851301,40.771806],[-73.85127,40.771986],[-73.850361,40.771831],[-73.850334,40.772018],[-73.849952,40.771958],[-73.850041,40.772225],[-73.848976,40.773562],[-73.849215,40.774655],[-73.84893,40.775557],[-73.849192,40.77579],[-73.848968,40.778022],[-73.849747,40.778414],[-73.849469,40.778664],[-73.849934,40.778769],[-73.849572,40.779193],[-73.84964,40.779483],[-73.851476,40.778964],[-73.851013,40.779122],[-73.851079,40.779298],[-73.85014,40.779391],[-73.849817,40.77963],[-73.852353,40.779481],[-73.852357,40.779169],[-73.852388,40.779529],[-73.849821,40.779651],[-73.849563,40.779879],[-73.850315,40.780042],[-73.85169,40.779868],[-73.851671,40.780035],[-73.849494,40.780066],[-73.849889,40.781089],[-73.850936,40.78112],[-73.849887,40.781122],[-73.849837,40.7816],[-73.849187,40.781642],[-73.849548,40.781841],[-73.849247,40.782256],[-73.850285,40.782459],[-73.85315,40.782324],[-73.853223,40.782061],[-73.85368,40.781986],[-73.855282,40.781975],[-73.855451,40.783143],[-73.856454,40.783351],[-73.85665,40.782892],[-73.856841,40.783371],[-73.858083,40.783724],[-73.857902,40.78449],[-73.858525,40.785214],[-73.859002,40.785187],[-73.859056,40.785432],[-73.859075,40.785237],[-73.859107,40.785462],[-73.859236,40.785307],[-73.859463,40.785495],[-73.859349,40.785027],[-73.859508,40.785535],[-73.85899,40.785492],[-73.859125,40.78585],[-73.858588,40.786148],[-73.858683,40.786531],[-73.858144,40.787044],[-73.856811,40.786673],[-73.855939,40.787689],[-73.853452,40.787826],[-73.852842,40.788211],[-73.854384,40.78832],[-73.854801,40.788608],[-73.854472,40.790259],[-73.852654,40.791122],[-73.85377,40.792336],[-73.853686,40.794018],[-73.852766,40.794389],[-73.852631,40.794945],[-73.851591,40.794087],[-73.849062,40.793363],[-73.848849,40.793502],[-73.849078,40.794145],[-73.84871,40.795416],[-73.846244,40.796163],[-73.845578,40.796021],[-73.844599,40.794912],[-73.843547,40.794914],[-73.843306,40.795501],[-73.842849,40.795213],[-73.843285,40.796174],[-73.842809,40.795418],[-73.84226,40.795585],[-73.842867,40.796922],[-73.842167,40.795613],[-73.841421,40.795147],[-73.841299,40.79622],[-73.8406,40.796807],[-73.840139,40.796879],[-73.840415,40.797678],[-73.839209,40.797844],[-73.8379,40.798509],[-73.83919,40.797777],[-73.840259,40.797589],[-73.839971,40.796906],[-73.839037,40.797052],[-73.838401,40.796755],[-73.837065,40.793851],[-73.836591,40.792083],[-73.836616,40.791763],[-73.837321,40.791393],[-73.837516,40.791012],[-73.837504,40.790462],[-73.836818,40.79047],[-73.837482,40.790434],[-73.83728,40.78901],[-73.837134,40.789564],[-73.835658,40.789573],[-73.835332,40.789213],[-73.834136,40.789066],[-73.833813,40.788523],[-73.832929,40.788518],[-73.832118,40.788772],[-73.831743,40.789234],[-73.831438,40.789178],[-73.831951,40.789415],[-73.832149,40.790043],[-73.831374,40.791369],[-73.83066,40.79165],[-73.829973,40.791564],[-73.82895,40.792014],[-73.828519,40.792494],[-73.829232,40.793002],[-73.828397,40.792552],[-73.827914,40.792894],[-73.827972,40.794794],[-73.82881,40.796184],[-73.829452,40.796659],[-73.830033,40.796135],[-73.829471,40.796668],[-73.829766,40.796833],[-73.830288,40.796242],[-73.830522,40.796395],[-73.829957,40.796912],[-73.82906,40.796463],[-73.827424,40.796749],[-73.826971,40.797128],[-73.827182,40.79761],[-73.826739,40.797796],[-73.826118,40.797271],[-73.825065,40.797376],[-73.823994,40.79801],[-73.824233,40.798695],[-73.823859,40.798154],[-73.823433,40.798407],[-73.823723,40.798899],[-73.823254,40.79847],[-73.823096,40.798683],[-73.823306,40.798963],[-73.823003,40.798642],[-73.822611,40.798893],[-73.822793,40.79934],[-73.822412,40.799089],[-73.822678,40.799486],[-73.822388,40.799113],[-73.821618,40.799992],[-73.820432,40.800628],[-73.820499,40.801011]]]},"properties":{"borough":"Queens"}},{"type":"Feature","geometry":{"type":"Polygon","coordinates":[[[-74.010928,40.684491],[-74.011933,40.683888],[-74.012176,40.684095],[-74.008354,40.6864],[-74.008164,40.686175],[-74.010928,40.684491]]]},"properties":{"borough":"Manhattan"}},{"type":"Feature","geometry":{"type":"Polygon","coordinates":[[[-74.005004,40.687606],[-74.00563,40.686784],[-74.007833,40.687385],[-74.00742,40.688206],[-74.005004,40.687606]]]},"properties":{"borough":"Manhattan"}},{"type":"Feature","geometry":{"type":"Polygon","coordinates":[[[-74.00382,40.68893],[-74.004593,40.688215],[-74.006784,40.688827],[-74.006365,40.68967],[-74.00382,40.68893]]]},"properties":{"borough":"Manhattan"}},{"type":"Feature","geometry":{"type":"Polygon","coordinates":[[[-74.002976,40.690427],[-74.003409,40.689613],[-74.005759,40.690236],[-74.005342,40.691092],[-74.002976,40.690427]]]},"properties":{"borough":"Manhattan"}},{"type":"Feature","geometry":{"type":"Polygon","coordinates":[[[-74.043878,40.690188],[-74.043506,40.689687],[-74.042704,40.690155],[-74.042554,40.689963],[-74.043468,40.689637],[-74.043641,40.688767],[-74.044385,40.688516],[-74.046275,40.689327],[-74.046803,40.689953],[-74.047477,40.689611],[-74.04773,40.689915],[-74.047431,40.689804],[-74.046892,40.690059],[-74.0472,40.690425],[-74.04717,40.690991],[-74.046147,40.691123],[-74.043878,40.690188]]]},"properties":{"borough":"Manhattan"}},{"type":"Feature","geometry":{"type":"Polygon","coordinates":[[[-74.001993,40.692329],[-74.001811,40.692238],[-74.002161,40.692238],[-74.001993,40.692329]]]},"properties":{"borough":"Manhattan"}},{"type":"Feature","geometry":{"type":"Polygon","coordinates":[[[-74.001326,40.691463],[-74.000699,40.690612],[-74.004794,40.691762],[-74.004409,40.692529],[-74.001969,40.691843],[-74.001326,40.691463]]]},"properties":{"borough":"Manhattan"}},{"type":"Feature","geometry":{"type":"Polygon","coordinates":[[[-74.016748,40.693343],[-74.015404,40.693066],[-74.015389,40.693298],[-74.015175,40.693257],[-74.01526,40.693037],[-74.015129,40.693244],[-74.014943,40.693141],[-74.015156,40.693016],[-74.014221,40.692823],[-74.013436,40.692115],[-74.012503,40.692304],[-74.012297,40.692568],[-74.011849,40.692518],[-74.011903,40.692091],[-74.012461,40.692213],[-74.013335,40.692012],[-74.012609,40.691364],[-74.012034,40.691503],[-74.012598,40.691334],[-74.012528,40.691146],[-74.011826,40.691065],[-74.012195,40.691029],[-74.011981,40.690606],[-74.012231,40.690461],[-74.012307,40.68928],[-74.013169,40.688155],[-74.014881,40.687255],[-74.016047,40.687338],[-74.01705,40.686876],[-74.016647,40.686416],[-74.015144,40.686437],[-74.016674,40.686305],[-74.017121,40.686843],[-74.020544,40.685272],[-74.020207,40.684834],[-74.019398,40.685087],[-74.020953,40.684384],[-74.020278,40.684809],[-74.020613,40.68524],[-74.022241,40.684518],[-74.022119,40.684352],[-74.022594,40.68436],[-74.022133,40.683768],[-74.023056,40.682917],[-74.022368,40.68378],[-74.022759,40.684284],[-74.024215,40.683944],[-74.025672,40.684236],[-74.026576,40.685242],[-74.026426,40.686175],[-74.020205,40.692034],[-74.019733,40.693114],[-74.016748,40.693343]]]},"properties":{"borough":"Manhattan"}},{"type":"Feature","geometry":{"type":"Polygon","coordinates":[[[-74.001542,40.692786],[-74.001744,40.692407],[-74.004008,40.693208],[-74.003453,40.694052],[-74.00127,40.693296],[-74.001542,40.692786]]]},"properties":{"borough":"Manhattan"}},{"type":"Feature","geometry":{"type":"Polygon","coordinates":[[[-74.000783,40.694287],[-74.000959,40.694069],[-74.003014,40.694778],[-74.002398,40.695712],[-74.000269,40.694966],[-74.000783,40.694287]]]},"properties":{"borough":"Manhattan"}},{"type":"Feature","geometry":{"type":"Polygon","coordinates":[[[-73.998378,40.698063],[-73.998871,40.697158],[-74.001049,40.697908],[-74.000488,40.698758],[-73.998378,40.698063]]]},"properties":{"borough":"Manhattan"}},{"type":"Feature","geometry":{"type":"Polygon","coordinates":[[[-73.998,40.698798],[-74.000018,40.699466],[-73.999475,40.700323],[-73.997499,40.699639],[-73.998,40.698798]]]},"properties":{"borough":"Manhattan"}},{"type":"Feature","geometry":{"type":"Polygon","coordinates":[[[-74.03995,40.700891],[-74.037711,40.699344],[-74.038098,40.69904],[-74.03823,40.698369],[-74.039,40.69837],[-74.03934,40.698116],[-74.041243,40.699537],[-74.041748,40.699148],[-74.039912,40.697702],[-74.041661,40.696453],[-74.043674,40.69802],[-74.042704,40.698801],[-74.042965,40.698999],[-74.041099,40.700493],[-74.040801,40.700269],[-74.03995,40.700891]]]},"properties":{"borough":"Manhattan"}},{"type":"Feature","geometry":{"type":"Polygon","coordinates":[[[-73.99629,40.701425],[-73.996698,40.700877],[-73.998139,40.701519],[-73.996192,40.703377],[-73.995138,40.702974],[-73.99629,40.701425]]]},"properties":{"borough":"Manhattan"}},{"type":"Feature","geometry":{"type":"Polygon","coordinates":[[[-73.995021,40.703148],[-73.995446,40.703275],[-73.995293,40.703554],[-73.9948,40.703292],[-73.995021,40.703148]]]},"properties":{"borough":"Manhattan"}},{"type":"Feature","geometry":{"type":"Polygon","coordinates":[[[-73.982373,40.705543],[-73.982423,40.705822],[-73.981024,40.705899],[-73.982302,40.705737],[-73.982373,40.705543]]]},"properties":{"borough":"Manhattan"}},{"type":"Feature","geometry":{"type":"Polygon","coordinates":[[[-73.966443,40.719243],[-73.96576,40.718689],[-73.966636,40.71913],[-73.966515,40.719431],[-73.966443,40.719243]]]},"properties":{"borough":"Manhattan"}},{"type":"Feature","geometry":{"type":"Polygon","coordinates":[[[-73.96197,40.731577],[-73.961674,40.731481],[-73.963659,40.73125],[-73.963699,40.731437],[-73.96197,40.731577]]]},"properties":{"borough":"Manhattan"}},{"type":"Feature","geometry":{"type":"Polygon","coordinates":[[[-73.964212,40.746604],[-73.964583,40.746454],[-73.96416,40.746866],[-73.964212,40.746604]]]},"properties":{"borough":"Manhattan"}},{"type":"Feature","geometry":{"type":"Polygon","coordinates":[[[-73.935568,40.771919],[-73.935566,40.771629],[-73.935852,40.771716],[-73.935568,40.771919]]]},"properties":{"borough":"Manhattan"}},{"type":"Feature","geometry":{"type":"Polygon","coordinates":[[[-73.9418,40.769047],[-73.942855,40.768303],[-73.949432,40.760549],[-73.951778,40.758403],[-73.95322,40.756427],[-73.957915,40.75211],[-73.960906,40.749802],[-73.961328,40.749601],[-73.961539,40.749723],[-73.959016,40.753595],[-73.958458,40.753949],[-73.953391,40.759797],[-73.952086,40.760862],[-73.950937,40.76257],[-73.949086,40.764264],[-73.945704,40.768328],[-73.945563,40.768802],[-73.945245,40.768773],[-73.944725,40.769786],[-73.942127,40.772035],[-73.940887,40.772373],[-73.94018,40.772959],[-73.94028,40.770671],[-73.941118,40.769414],[-73.9418,40.769047]]]},"properties":{"borough":"Manhattan"}},{"type":"Feature","geometry":{"type":"Polygon","coordinates":[[[-73.938046,40.78083],[-73.937794,40.780781],[-73.937646,40.781001],[-73.937599,40.780468],[-73.938612,40.780339],[-73.93953,40.779528],[-73.939493,40.779874],[-73.938728,40.780511],[-73.938744,40.781044],[-73.938082,40.781418],[-73.938046,40.78083]]]},"properties":{"borough":"Manhattan"}},{"type":"Feature","geometry":{"type":"Polygon","coordinates":[[[-73.921338,40.800852],[-73.920315,40.799375],[-73.91663,40.797858],[-73.915455,40.797063],[-73.914438,40.795666],[-73.913804,40.794512],[-73.913784,40.793836],[-73.915141,40.792012],[-73.916306,40.791117],[-73.916171,40.791014],[-73.916865,40.790362],[-73.917106,40.790469],[-73.918563,40.789695],[-73.918509,40.789425],[-73.922191,40.785511],[-73.922852,40.783556],[-73.924481,40.78232],[-73.925718,40.782177],[-73.927324,40.781091],[-73.928101,40.78092],[-73.931054,40.782397],[-73.935023,40.783006],[-73.936071,40.784217],[-73.935713,40.78568],[-73.932401,40.78972],[-73.930842,40.790991],[-73.929724,40.791366],[-73.928073,40.790823],[-73.926104,40.790732],[-73.926159,40.791715],[-73.926568,40.791858],[-73.925587,40.791821],[-73.926738,40.791928],[-73.926367,40.791661],[-73.926488,40.791022],[-73.927869,40.790955],[-73.927136,40.791929],[-73.927801,40.791997],[-73.928267,40.792329],[-73.928323,40.793102],[-73.926936,40.795497],[-73.927118,40.797204],[-73.927707,40.797299],[-73.927203,40.797387],[-73.927476,40.798123],[-73.926696,40.800147],[-73.927248,40.800393],[-73.927115,40.800564],[-73.927169,40.800406],[-73.926666,40.800183],[-73.926552,40.800605],[-73.926869,40.800784],[-73.927046,40.800652],[-73.926886,40.800841],[-73.92651,40.800657],[-73.925776,40.801731],[-73.925275,40.801999],[-73.922634,40.801869],[-73.921911,40.801503],[-73.921338,40.800852]]]},"properties":{"borough":"Manhattan"}},{"type":"Feature","geometry":{"type":"Polygon","coordinates":[[[-73.926406,40.877621],[-73.926458,40.877258],[-73.926193,40.877064],[-73.92457,40.877429],[-73.923295,40.877264],[-73.922398,40.87678],[-73.922614,40.874407],[-73.922177,40.873675],[-73.921255,40.873082],[-73.920556,40.872999],[-73.919793,40.873607],[-73.920803,40.874194],[-73.921182,40.875138],[-73.920806,40.875477],[-73.918875,40.874679],[-73.919274,40.873652],[-73.918929,40.873317],[-73.918391,40.873209],[-73.918612,40.873473],[-73.917577,40.874549],[-73.917871,40.873905],[-73.916436,40.87451],[-73.915224,40.874487],[-73.912611,40.873757],[-73.911426,40.873182],[-73.910649,40.872296],[-73.910426,40.871485],[-73.910925,40.869437],[-73.911474,40.869455],[-73.911076,40.869043],[-73.912732,40.866605],[-73.912548,40.866515],[-73.913919,40.864746],[-73.914924,40.86458],[-73.914411,40.864174],[-73.915086,40.864448],[-73.915899,40.864308],[-73.915871,40.864129],[-73.915196,40.863945],[-73.915387,40.863084],[-73.917295,40.861679],[-73.919439,40.858855],[-73.920479,40.859104],[-73.921271,40.860188],[-73.92159,40.860073],[-73.921866,40.859181],[-73.921307,40.858899],[-73.920915,40.858219],[-73.921144,40.857551],[-73.922377,40.856584],[-73.922376,40.855978],[-73.922345,40.855682],[-73.921698,40.856672],[-73.921519,40.856601],[-73.924441,40.85284],[-73.929719,40.845232],[-73.930895,40.842538],[-73.934915,40.835231],[-73.935157,40.832682],[-73.93383,40.81972],[-73.933865,40.814153],[-73.934339,40.809562],[-73.933561,40.807601],[-73.930309,40.803786],[-73.929035,40.801081],[-73.929036,40.796763],[-73.929279,40.795853],[-73.930197,40.794593],[-73.933485,40.792774],[-73.935831,40.791095],[-73.937081,40.789366],[-73.936127,40.788927],[-73.936243,40.788796],[-73.93715,40.789168],[-73.938116,40.787185],[-73.939826,40.785257],[-73.94324,40.783328],[-73.943881,40.781532],[-73.9436,40.780159],[-73.943439,40.779763],[-73.942402,40.780026],[-73.942112,40.779447],[-73.94273,40.779257],[-73.943002,40.778853],[-73.942457,40.777407],[-73.942281,40.777347],[-73.942335,40.777769],[-73.94212,40.777256],[-73.942434,40.7773],[-73.942074,40.776918],[-73.942003,40.776185],[-73.94293,40.774676],[-73.948664,40.768858],[-73.954418,40.762184],[-73.959181,40.757856],[-73.960656,40.755923],[-73.962231,40.754522],[-73.968943,40.746518],[-73.970941,40.744471],[-73.971114,40.744204],[-73.970703,40.74399],[-73.971173,40.744108],[-73.971358,40.743838],[-73.971889,40.742725],[-73.972217,40.740308],[-73.972657,40.739223],[-73.97249,40.735803],[-73.972869,40.735771],[-73.974414,40.736414],[-73.974027,40.736126],[-73.974466,40.736278],[-73.974504,40.736065],[-73.974141,40.735956],[-73.974505,40.736042],[-73.974515,40.735895],[-73.97425,40.735797],[-73.974465,40.735667],[-73.973057,40.735177],[-73.97293,40.735608],[-73.972763,40.735505],[-73.972945,40.735065],[-73.973299,40.735242],[-73.973545,40.734944],[-73.974441,40.735317],[-73.973959,40.733421],[-73.973676,40.733206],[-73.973868,40.733066],[-73.973413,40.731282],[-73.971963,40.73],[-73.97148,40.72925],[-73.971685,40.727406],[-73.97149,40.72735],[-73.973572,40.718597],[-73.974909,40.715112],[-73.976712,40.711536],[-73.977997,40.710561],[-73.981286,40.710218],[-73.981246,40.709826],[-73.988391,40.709127],[-73.988797,40.709967],[-73.998084,40.70851],[-74.001187,40.70686],[-74.000983,40.706417],[-74.001407,40.706179],[-74.000592,40.70541],[-74.001454,40.704873],[-74.002061,40.705417],[-74.00257,40.705524],[-74.001971,40.704738],[-74.002431,40.704678],[-74.003323,40.705629],[-74.003833,40.705303],[-74.002629,40.704223],[-74.002867,40.704075],[-74.004057,40.705147],[-74.006596,40.703686],[-74.005304,40.70256],[-74.005494,40.702431],[-74.006785,40.703568],[-74.009291,40.70193],[-74.0087,40.70114],[-74.007755,40.701548],[-74.007591,40.701328],[-74.008536,40.70092],[-74.008349,40.700669],[-74.00862,40.700552],[-74.009585,40.701837],[-74.011181,40.701451],[-74.010815,40.7002],[-74.01115,40.700898],[-74.011334,40.700568],[-74.011729,40.70077],[-74.011631,40.700458],[-74.011854,40.700739],[-74.012087,40.700681],[-74.011962,40.700038],[-74.012392,40.700621],[-74.012614,40.700108],[-74.013107,40.700507],[-74.013113,40.699774],[-74.013273,40.700497],[-74.013675,40.700126],[-74.013558,40.70094],[-74.013952,40.700991],[-74.014221,40.700111],[-74.014289,40.700644],[-74.014671,40.70021],[-74.014324,40.700661],[-74.014643,40.700817],[-74.015068,40.700318],[-74.014674,40.700835],[-74.015021,40.700993],[-74.015142,40.700843],[-74.015794,40.701347],[-74.017145,40.702705],[-74.017669,40.703591],[-74.017878,40.703539],[-74.01757,40.704184],[-74.017795,40.704235],[-74.017818,40.703938],[-74.017844,40.704242],[-74.018447,40.704162],[-74.018659,40.704429],[-74.017481,40.704667],[-74.018113,40.704554],[-74.018887,40.704729],[-74.019343,40.706094],[-74.019123,40.706976],[-74.018631,40.70714],[-74.018849,40.70697],[-74.018535,40.706918],[-74.01819,40.707822],[-74.018855,40.708048],[-74.01777,40.712835],[-74.0178,40.712345],[-74.016624,40.712157],[-74.01632,40.713408],[-74.01758,40.713595],[-74.017725,40.71307],[-74.01671,40.718624],[-74.013213,40.718316],[-74.013068,40.718922],[-74.012909,40.719735],[-74.013455,40.719802],[-74.013414,40.720019],[-74.016378,40.720377],[-74.016306,40.720727],[-74.013,40.720333],[-74.012897,40.720868],[-74.015695,40.721206],[-74.015622,40.721543],[-74.013161,40.721254],[-74.013117,40.721474],[-74.013616,40.721586],[-74.012539,40.721503],[-74.011653,40.725872],[-74.015204,40.726362],[-74.015124,40.726794],[-74.011542,40.726447],[-74.011383,40.728229],[-74.014391,40.728463],[-74.014038,40.730694],[-74.011162,40.730451],[-74.010941,40.733008],[-74.014002,40.733068],[-74.014,40.733332],[-74.010904,40.733298],[-74.010734,40.733443],[-74.010833,40.734007],[-74.012018,40.734064],[-74.012001,40.734338],[-74.010814,40.734283],[-74.010477,40.738064],[-74.011087,40.738093],[-74.011139,40.73839],[-74.010454,40.738365],[-74.010393,40.739174],[-74.01158,40.739265],[-74.011461,40.740584],[-74.012659,40.740748],[-74.009492,40.740743],[-74.009619,40.741364],[-74.010208,40.741608],[-74.010384,40.741398],[-74.011396,40.741823],[-74.01084,40.742597],[-74.009192,40.742293],[-74.009092,40.742886],[-74.00962,40.742951],[-74.009585,40.743264],[-74.012148,40.743559],[-74.012021,40.74394],[-74.009512,40.743676],[-74.009438,40.743971],[-74.0089,40.743918],[-74.00873,40.744882],[-74.009612,40.744998],[-74.009558,40.745289],[-74.009917,40.745327],[-74.009872,40.744917],[-74.010168,40.744942],[-74.009974,40.745323],[-74.010469,40.745387],[-74.010419,40.744977],[-74.010764,40.745005],[-74.010531,40.745382],[-74.011104,40.745448],[-74.011045,40.745046],[-74.011388,40.745073],[-74.011154,40.745446],[-74.01174,40.74552],[-74.011836,40.745126],[-74.011783,40.745602],[-74.011679,40.745979],[-74.009464,40.74575],[-74.009364,40.746336],[-74.011591,40.746602],[-74.011484,40.746991],[-74.009243,40.746763],[-74.009137,40.74736],[-74.011407,40.747631],[-74.011304,40.748015],[-74.009058,40.747786],[-74.008946,40.748412],[-74.011216,40.748678],[-74.011109,40.74905],[-74.009948,40.748932],[-74.009562,40.74997],[-74.009253,40.749985],[-74.009105,40.750371],[-74.010677,40.751023],[-74.010565,40.751321],[-74.009001,40.750648],[-74.008533,40.751884],[-74.009341,40.752356],[-74.008479,40.752019],[-74.008426,40.752158],[-74.009971,40.752934],[-74.008792,40.752352],[-74.008688,40.752494],[-74.008354,40.752351],[-74.007744,40.754337],[-74.004804,40.75781],[-74.005279,40.758029],[-74.005031,40.758357],[-74.007004,40.759232],[-74.006507,40.759892],[-74.004505,40.759085],[-74.004206,40.759502],[-74.003807,40.759511],[-74.004319,40.759911],[-74.003669,40.759706],[-74.003573,40.759847],[-74.003929,40.760003],[-74.003133,40.761078],[-74.002787,40.760929],[-74.002335,40.761544],[-74.004556,40.762524],[-74.0044,40.762671],[-74.002201,40.761728],[-74.001533,40.762645],[-74.003757,40.763582],[-74.003612,40.763777],[-74.001386,40.76285],[-74.000973,40.76342],[-74.00315,40.764333],[-74.002948,40.764617],[-74.003147,40.764736],[-73.999927,40.763407],[-73.999623,40.763559],[-73.999151,40.764205],[-74.002288,40.765562],[-74.002025,40.765893],[-73.998885,40.764569],[-73.998689,40.765209],[-73.998271,40.765552],[-74.001562,40.766996],[-74.001315,40.767251],[-73.998067,40.765872],[-73.997378,40.766823],[-74.00065,40.768245],[-74.000386,40.768504],[-73.997156,40.767129],[-73.996457,40.768099],[-73.999736,40.769506],[-73.999473,40.769764],[-73.997072,40.768733],[-73.996571,40.769425],[-73.999027,40.770463],[-73.998762,40.770825],[-73.996313,40.769799],[-73.995425,40.771032],[-73.996002,40.771307],[-73.9959,40.77145],[-73.995306,40.771196],[-73.994935,40.771468],[-73.994977,40.771659],[-73.997073,40.772543],[-73.996873,40.772817],[-73.994774,40.77193],[-73.994445,40.772377],[-73.99623,40.773129],[-73.996121,40.773275],[-73.994163,40.772487],[-73.993831,40.772932],[-73.996241,40.77379],[-73.996179,40.773987],[-73.993937,40.77318],[-73.992623,40.774974],[-73.992267,40.775116],[-73.992059,40.775498],[-73.992386,40.775557],[-73.990927,40.777567],[-73.990396,40.777585],[-73.988869,40.779693],[-73.991551,40.779575],[-73.99142,40.779755],[-73.988886,40.779879],[-73.988919,40.780226],[-73.988076,40.781651],[-73.985466,40.785361],[-73.986173,40.786068],[-73.987119,40.78521],[-73.986128,40.786239],[-73.985429,40.785414],[-73.985081,40.785922],[-73.985766,40.786196],[-73.985017,40.786014],[-73.984655,40.786535],[-73.98595,40.786487],[-73.984619,40.786586],[-73.972051,40.80453],[-73.968557,40.809073],[-73.964141,40.815772],[-73.959999,40.820383],[-73.959815,40.820298],[-73.959131,40.821169],[-73.959426,40.821252],[-73.959147,40.821571],[-73.95909,40.821206],[-73.958819,40.821519],[-73.959,40.82241],[-73.95923,40.822287],[-73.95991,40.822571],[-73.959603,40.822995],[-73.958926,40.822712],[-73.95905,40.822541],[-73.958527,40.821844],[-73.9582,40.822283],[-73.957939,40.822774],[-73.958143,40.823021],[-73.959556,40.823694],[-73.957259,40.827117],[-73.956949,40.827001],[-73.956318,40.827944],[-73.955039,40.827413],[-73.954542,40.827861],[-73.951192,40.832639],[-73.950212,40.834303],[-73.948429,40.839861],[-73.946124,40.843892],[-73.946172,40.845393],[-73.946517,40.845995],[-73.946351,40.84624],[-73.946824,40.847134],[-73.946636,40.848912],[-73.946964,40.850466],[-73.946502,40.850976],[-73.946275,40.850841],[-73.946117,40.851173],[-73.945653,40.851211],[-73.944667,40.851921],[-73.944325,40.851823],[-73.94348,40.852282],[-73.94187,40.853868],[-73.940293,40.856642],[-73.934017,40.865036],[-73.932663,40.867237],[-73.93284,40.867415],[-73.932598,40.867311],[-73.932425,40.867568],[-73.932268,40.868562],[-73.932492,40.868678],[-73.932651,40.868465],[-73.932524,40.868722],[-73.932254,40.868683],[-73.932568,40.869044],[-73.932189,40.869367],[-73.932469,40.869476],[-73.932354,40.869755],[-73.932359,40.869507],[-73.932133,40.869416],[-73.932053,40.869601],[-73.932206,40.870096],[-73.931914,40.871129],[-73.929977,40.874339],[-73.929013,40.875739],[-73.926406,40.877621]],[[-74.009371,40.742185],[-74.010088,40.742488],[-74.010198,40.742334],[-74.009822,40.742166],[-74.010166,40.741672],[-74.009362,40.741424],[-74.009371,40.742185]]]},"properties":{"borough":"Manhattan"}},{"type":"Feature","geometry":{"type":"Polygon","coordinates":[[[-73.906651,40.875753],[-73.907743,40.872846],[-73.908464,40.872621],[-73.908932,40.872157],[-73.909717,40.873205],[-73.910921,40.874146],[-73.915785,40.875717],[-73.914846,40.876667],[-73.912058,40.878119],[-73.911489,40.879019],[-73.910332,40.879038],[-73.909498,40.878777],[-73.907037,40.876895],[-73.906651,40.875753]]]},"properties":{"borough":"Manhattan"}},{"type":"Feature","geometry":{"type":"Polygon","coordinates":[[[-73.896809,40.795808],[-73.896939,40.795636],[-73.897968,40.795645],[-73.899194,40.796502],[-73.897883,40.797117],[-73.897131,40.796798],[-73.896785,40.796329],[-73.896809,40.795808]]]},"properties":{"borough":"Bronx"}},{"type":"Feature","geometry":{"type":"Polygon","coordinates":[[[-73.888851,40.798706],[-73.888213,40.798665],[-73.888234,40.798243],[-73.88756,40.798369],[-73.886651,40.798038],[-73.883716,40.79569],[-73.883655,40.795967],[-73.883204,40.795545],[-73.882096,40.79516],[-73.879757,40.794884],[-73.877975,40.79436],[-73.875831,40.79315],[-73.874853,40.792261],[-73.872219,40.791037],[-73.871212,40.790036],[-73.870786,40.787996],[-73.871631,40.786798],[-73.873428,40.785762],[-73.876291,40.785848],[-73.878307,40.785357],[-73.885374,40.786669],[-73.887701,40.786872],[-73.889052,40.787373],[-73.890301,40.789877],[-73.8908,40.790208],[-73.891606,40.790161],[-73.892182,40.790394],[-73.892823,40.792817],[-73.891793,40.796775],[-73.890731,40.797661],[-73.890874,40.79783],[-73.890621,40.797749],[-73.890795,40.798022],[-73.890608,40.797768],[-73.890169,40.797965],[-73.889213,40.797801],[-73.888352,40.798139],[-73.888513,40.798591],[-73.888851,40.798706]]]},"properties":{"borough":"Bronx"}},{"type":"Feature","geometry":{"type":"Polygon","coordinates":[[[-73.89833,40.802413],[-73.896467,40.80079],[-73.89864,40.799101],[-73.90021,40.799264],[-73.899787,40.79951],[-73.899716,40.800799],[-73.900037,40.800909],[-73.899489,40.800901],[-73.899387,40.801936],[-73.89833,40.802413]]]},"properties":{"borough":"Bronx"}},{"type":"Feature","geometry":{"type":"Polygon","coordinates":[[[-73.788333,40.834667],[-73.789312,40.834465],[-73.78951,40.835364],[-73.788457,40.83531],[-73.788333,40.834667]]]},"properties":{"borough":"Bronx"}},{"type":"Feature","geometry":{"type":"Polygon","coordinates":[[[-73.802223,40.841635],[-73.802638,40.841081],[-73.805295,40.841135],[-73.806946,40.841462],[-73.806808,40.842489],[-73.803931,40.842594],[-73.803676,40.842258],[-73.802223,40.841635]]]},"properties":{"borough":"Bronx"}},{"type":"Feature","geometry":{"type":"Polygon","coordinates":[[[-73.780689,40.854929],[-73.781205,40.855068],[-73.781102,40.855492],[-73.78068,40.855344],[-73.780689,40.854929]]]},"properties":{"borough":"Bronx"}},{"type":"Feature","geometry":{"type":"Polygon","coordinates":[[[-73.782852,40.855486],[-73.782597,40.854823],[-73.783859,40.854832],[-73.783304,40.855849],[-73.782852,40.855486]]]},"properties":{"borough":"Bronx"}},{"type":"Feature","geometry":{"type":"Polygon","coordinates":[[[-73.789222,40.858743],[-73.788767,40.858402],[-73.788784,40.857421],[-73.788028,40.857515],[-73.788779,40.857401],[-73.788897,40.856573],[-73.788359,40.855626],[-73.788477,40.854401],[-73.788347,40.854154],[-73.787348,40.854386],[-73.788345,40.854132],[-73.786907,40.854064],[-73.787928,40.853738],[-73.788001,40.853525],[-73.785882,40.851789],[-73.785292,40.851621],[-73.784132,40.851833],[-73.784314,40.851768],[-73.783961,40.851487],[-73.783382,40.851587],[-73.783602,40.85132],[-73.784601,40.851096],[-73.784455,40.850773],[-73.783841,40.850693],[-73.7842,40.850061],[-73.783535,40.849221],[-73.783035,40.849072],[-73.78245,40.849341],[-73.782158,40.849116],[-73.781544,40.8494],[-73.782141,40.849101],[-73.781432,40.8488],[-73.781494,40.84858],[-73.782675,40.84814],[-73.780978,40.848458],[-73.782637,40.848073],[-73.782504,40.847913],[-73.781584,40.848037],[-73.781484,40.847882],[-73.781429,40.847456],[-73.782078,40.847131],[-73.782164,40.846636],[-73.780462,40.8471],[-73.780403,40.846931],[-73.78106,40.846803],[-73.781152,40.846246],[-73.781107,40.846747],[-73.781688,40.846639],[-73.781743,40.846412],[-73.781715,40.846657],[-73.781093,40.846798],[-73.782513,40.846409],[-73.782496,40.845662],[-73.783094,40.845518],[-73.783146,40.84531],[-73.783075,40.84551],[-73.781816,40.845765],[-73.783051,40.845497],[-73.78306,40.845086],[-73.781815,40.845481],[-73.783075,40.845056],[-73.783152,40.845296],[-73.782976,40.844681],[-73.783365,40.844445],[-73.783011,40.844173],[-73.783484,40.843679],[-73.780527,40.844525],[-73.779927,40.843883],[-73.780533,40.844453],[-73.780396,40.843966],[-73.780585,40.844435],[-73.781063,40.844328],[-73.780877,40.843862],[-73.78109,40.84432],[-73.781546,40.844216],[-73.781377,40.843704],[-73.781576,40.844208],[-73.782008,40.84411],[-73.781833,40.843576],[-73.782038,40.844103],[-73.782437,40.844009],[-73.782249,40.843436],[-73.782469,40.843999],[-73.782822,40.843919],[-73.782572,40.843295],[-73.782785,40.843755],[-73.783092,40.843685],[-73.782874,40.843124],[-73.783133,40.843697],[-73.782842,40.843895],[-73.783475,40.843655],[-73.783192,40.842868],[-73.78321,40.843479],[-73.782911,40.842922],[-73.783139,40.842822],[-73.782917,40.842806],[-73.783124,40.842736],[-73.782888,40.842495],[-73.782816,40.842765],[-73.782707,40.842532],[-73.782299,40.842606],[-73.782445,40.843042],[-73.782267,40.842612],[-73.7818,40.842696],[-73.781933,40.843228],[-73.781772,40.842702],[-73.781247,40.842797],[-73.781428,40.843371],[-73.781216,40.842805],[-73.780674,40.842907],[-73.780829,40.843507],[-73.780644,40.84291],[-73.780296,40.842973],[-73.780228,40.843778],[-73.780227,40.842883],[-73.782865,40.842478],[-73.780597,40.842787],[-73.782369,40.842428],[-73.782152,40.842355],[-73.782311,40.842224],[-73.781621,40.842329],[-73.782306,40.842211],[-73.782333,40.841923],[-73.78144,40.842142],[-73.782324,40.841898],[-73.782038,40.841842],[-73.782166,40.841689],[-73.781299,40.841794],[-73.781339,40.841996],[-73.780696,40.842032],[-73.780721,40.842192],[-73.780348,40.842109],[-73.780426,40.842494],[-73.780196,40.842046],[-73.78185,40.841654],[-73.781661,40.841124],[-73.780842,40.841276],[-73.780892,40.841553],[-73.780798,40.841256],[-73.781649,40.841098],[-73.781391,40.841037],[-73.781611,40.840996],[-73.781375,40.840979],[-73.781594,40.84094],[-73.781543,40.840387],[-73.781492,40.840206],[-73.781254,40.840256],[-73.781489,40.840197],[-73.781179,40.839746],[-73.781341,40.839479],[-73.781139,40.839494],[-73.782004,40.838016],[-73.781885,40.83765],[-73.782381,40.837324],[-73.782728,40.837488],[-73.782906,40.83732],[-73.782823,40.836338],[-73.783382,40.836909],[-73.784102,40.836726],[-73.784485,40.837024],[-73.784981,40.836746],[-73.785082,40.836882],[-73.784503,40.837058],[-73.78485,40.83747],[-73.78564,40.837064],[-73.785831,40.83721],[-73.785166,40.837471],[-73.785578,40.837927],[-73.785735,40.839234],[-73.786526,40.839723],[-73.787408,40.839678],[-73.787492,40.840842],[-73.788181,40.840711],[-73.788159,40.840491],[-73.788255,40.840746],[-73.787524,40.84088],[-73.787864,40.841082],[-73.787612,40.841198],[-73.787845,40.841471],[-73.788366,40.841505],[-73.78802,40.841784],[-73.788294,40.841785],[-73.788056,40.841867],[-73.788385,40.842382],[-73.788839,40.84235],[-73.788528,40.842426],[-73.789058,40.843235],[-73.789924,40.843224],[-73.789931,40.843042],[-73.789804,40.843587],[-73.789337,40.843681],[-73.789472,40.844293],[-73.790666,40.845742],[-73.790989,40.845653],[-73.790698,40.845786],[-73.790973,40.846357],[-73.791491,40.846251],[-73.791128,40.846358],[-73.791181,40.846556],[-73.791414,40.846548],[-73.79148,40.846802],[-73.791793,40.846732],[-73.791367,40.846888],[-73.79144,40.847306],[-73.79192,40.847258],[-73.791267,40.847602],[-73.79133,40.848058],[-73.791618,40.848053],[-73.791336,40.848086],[-73.791014,40.848985],[-73.789757,40.849531],[-73.789858,40.849973],[-73.790989,40.849828],[-73.789866,40.849989],[-73.790018,40.850316],[-73.790358,40.850142],[-73.789892,40.850464],[-73.790268,40.850961],[-73.790124,40.85119],[-73.789514,40.851301],[-73.789563,40.851487],[-73.790058,40.851415],[-73.790018,40.851259],[-73.79009,40.851407],[-73.790337,40.85122],[-73.790379,40.851359],[-73.790818,40.851149],[-73.790987,40.851264],[-73.789665,40.8515],[-73.789726,40.851693],[-73.790892,40.851547],[-73.790196,40.851753],[-73.790464,40.851767],[-73.790084,40.852035],[-73.790155,40.852251],[-73.790161,40.85204],[-73.790274,40.852223],[-73.790532,40.852163],[-73.790452,40.85199],[-73.790806,40.8521],[-73.790561,40.851944],[-73.790795,40.851861],[-73.790854,40.852089],[-73.791112,40.852006],[-73.791011,40.851861],[-73.791188,40.852016],[-73.791463,40.851945],[-73.79132,40.85178],[-73.791517,40.85173],[-73.791496,40.851934],[-73.792484,40.851524],[-73.791768,40.851774],[-73.792057,40.851826],[-73.79017,40.852281],[-73.791138,40.852056],[-73.791237,40.85228],[-73.793183,40.851809],[-73.793118,40.851578],[-73.793238,40.851931],[-73.791246,40.852305],[-73.791381,40.852602],[-73.79341,40.852022],[-73.793508,40.852264],[-73.793424,40.852136],[-73.791391,40.852628],[-73.791446,40.852772],[-73.790421,40.853023],[-73.790499,40.853189],[-73.791006,40.853118],[-73.791454,40.853011],[-73.791437,40.852823],[-73.791503,40.853005],[-73.791656,40.852777],[-73.791963,40.852895],[-73.791916,40.852711],[-73.791989,40.852888],[-73.792176,40.85265],[-73.792252,40.852823],[-73.792437,40.852586],[-73.79251,40.852762],[-73.792831,40.85268],[-73.792815,40.852495],[-73.792901,40.852695],[-73.790808,40.853199],[-73.791114,40.853264],[-73.791266,40.853707],[-73.792524,40.85341],[-73.792409,40.853053],[-73.792556,40.853401],[-73.792979,40.853303],[-73.792876,40.852944],[-73.79304,40.853371],[-73.791057,40.853918],[-73.792458,40.853601],[-73.79107,40.853945],[-73.792537,40.853849],[-73.792568,40.854016],[-73.791794,40.854005],[-73.791918,40.854222],[-73.791293,40.854584],[-73.792077,40.855645],[-73.792503,40.855789],[-73.792017,40.856177],[-73.792568,40.856256],[-73.792011,40.856225],[-73.791902,40.856547],[-73.793095,40.856686],[-73.791894,40.856569],[-73.791707,40.856852],[-73.792203,40.857146],[-73.792428,40.856929],[-73.792222,40.857152],[-73.792827,40.857436],[-73.793013,40.857003],[-73.792884,40.857479],[-73.79186,40.857004],[-73.792683,40.85742],[-73.792113,40.857167],[-73.791895,40.857437],[-73.79257,40.85764],[-73.792395,40.857846],[-73.791743,40.857394],[-73.792093,40.857158],[-73.791843,40.857029],[-73.791604,40.857375],[-73.791294,40.857263],[-73.790942,40.857553],[-73.791637,40.857883],[-73.791785,40.857775],[-73.791437,40.858155],[-73.791619,40.857901],[-73.790932,40.857568],[-73.790236,40.858154],[-73.790201,40.858602],[-73.790046,40.858475],[-73.789222,40.858743]]]},"properties":{"borough":"Bronx"}},{"type":"Feature","geometry":{"type":"Polygon","coordinates":[[[-73.767832,40.854442],[-73.768557,40.853238],[-73.769044,40.853291],[-73.769385,40.852536],[-73.768608,40.850788],[-73.769597,40.847595],[-73.767895,40.845289],[-73.769014,40.845097],[-73.771572,40.8475],[-73.770889,40.849752],[-73.77205,40.851618],[-73.772711,40.851827],[-73.772466,40.851834],[-73.772461,40.85206],[-73.772964,40.852159],[-73.772648,40.852224],[-73.772891,40.852398],[-73.772459,40.852106],[-73.772451,40.852436],[-73.771731,40.852477],[-73.771717,40.853005],[-73.772297,40.853086],[-73.772349,40.853851],[-73.772963,40.8538],[-73.772958,40.854137],[-73.772333,40.853901],[-73.77214,40.854413],[-73.772354,40.859673],[-73.772192,40.859987],[-73.770846,40.860101],[-73.769473,40.85933],[-73.768363,40.858358],[-73.768361,40.857655],[-73.765332,40.855044],[-73.767832,40.854442]]]},"properties":{"borough":"Bronx"}},{"type":"Feature","geometry":{"type":"Polygon","coordinates":[[[-73.784575,40.860532],[-73.78437,40.85985],[-73.78514,40.858793],[-73.786075,40.859275],[-73.786608,40.859036],[-73.786694,40.858686],[-73.787734,40.858771],[-73.787001,40.860224],[-73.784575,40.860532]]]},"properties":{"borough":"Bronx"}},{"type":"Feature","geometry":{"type":"Polygon","coordinates":[[[-73.775138,40.861185],[-73.775139,40.861594],[-73.774918,40.861441],[-73.775138,40.861185]]]},"properties":{"borough":"Bronx"}},{"type":"Feature","geometry":{"type":"Polygon","coordinates":[[[-73.783126,40.862856],[-73.782882,40.862406],[-73.783145,40.862069],[-73.783126,40.862856]]]},"properties":{"borough":"Bronx"}},{"type":"Feature","geometry":{"type":"Polygon","coordinates":[[[-73.784012,40.863132],[-73.783541,40.863096],[-73.783801,40.862967],[-73.783768,40.862611],[-73.784692,40.862543],[-73.784287,40.863205],[-73.784012,40.863132]]]},"properties":{"borough":"Bronx"}},{"type":"Feature","geometry":{"type":"Polygon","coordinates":[[[-73.769635,40.865543],[-73.769941,40.865523],[-73.769448,40.865761],[-73.769635,40.865543]]]},"properties":{"borough":"Bronx"}},{"type":"Feature","geometry":{"type":"Polygon","coordinates":[[[-73.76692,40.86705],[-73.767228,40.866929],[-73.767124,40.867238],[-73.766681,40.867321],[-73.76692,40.86705]]]},"properties":{"borough":"Bronx"}},{"type":"Feature","geometry":{"type":"Polygon","coordinates":[[[-73.771718,40.871621],[-73.772236,40.871564],[-73.772635,40.87188],[-73.771158,40.871805],[-73.770849,40.871628],[-73.771718,40.871621]]]},"properties":{"borough":"Bronx"}},{"type":"Feature","geometry":{"type":"Polygon","coordinates":[[[-73.77483,40.874029],[-73.77505,40.873938],[-73.775137,40.874554],[-73.774674,40.874791],[-73.774544,40.874286],[-73.77483,40.874029]]]},"properties":{"borough":"Bronx"}},{"type":"Feature","geometry":{"type":"Polygon","coordinates":[[[-73.781941,40.875216],[-73.782127,40.874531],[-73.782527,40.874621],[-73.782441,40.875212],[-73.782137,40.875162],[-73.781928,40.875405],[-73.781941,40.875216]]]},"properties":{"borough":"Bronx"}},{"type":"Feature","geometry":{"type":"Polygon","coordinates":[[[-73.781902,40.876419],[-73.781669,40.876424],[-73.78172,40.876189],[-73.782107,40.876283],[-73.782106,40.876523],[-73.781902,40.876419]]]},"properties":{"borough":"Bronx"}},{"type":"Feature","geometry":{"type":"Polygon","coordinates":[[[-73.781295,40.875945],[-73.781422,40.875766],[-73.781514,40.876046],[-73.781206,40.87659],[-73.781295,40.875945]]]},"properties":{"borough":"Bronx"}},{"type":"Feature","geometry":{"type":"Polygon","coordinates":[[[-73.783528,40.877241],[-73.78384,40.87652],[-73.784005,40.876864],[-73.783639,40.877484],[-73.783528,40.877241]]]},"properties":{"borough":"Bronx"}},{"type":"Feature","geometry":{"type":"Polygon","coordinates":[[[-73.785251,40.879909],[-73.785076,40.879745],[-73.785675,40.879852],[-73.785427,40.880041],[-73.785251,40.879909]]]},"properties":{"borough":"Bronx"}},{"type":"Feature","geometry":{"type":"Polygon","coordinates":[[[-73.784836,40.880558],[-73.784512,40.880659],[-73.784265,40.880357],[-73.783822,40.880424],[-73.783702,40.879932],[-73.784066,40.879713],[-73.784329,40.8802],[-73.785091,40.880265],[-73.785348,40.880523],[-73.784958,40.880746],[-73.784836,40.880558]]]},"properties":{"borough":"Bronx"}},{"type":"Feature","geometry":{"type":"Polygon","coordinates":[[[-73.872949,40.904441],[-73.859468,40.900517],[-73.859077,40.901008],[-73.859377,40.901565],[-73.859027,40.901445],[-73.858864,40.901712],[-73.859464,40.901934],[-73.859579,40.902441],[-73.859264,40.902669],[-73.858728,40.902289],[-73.85816,40.902306],[-73.857969,40.902851],[-73.85756,40.902918],[-73.857111,40.90365],[-73.856992,40.904584],[-73.857435,40.904842],[-73.857178,40.905287],[-73.856654,40.905055],[-73.85601,40.905306],[-73.856924,40.905974],[-73.85681,40.906156],[-73.855805,40.906264],[-73.855138,40.906867],[-73.854238,40.907033],[-73.853741,40.907788],[-73.853834,40.907974],[-73.854711,40.908006],[-73.854911,40.908355],[-73.854589,40.908939],[-73.852956,40.910353],[-73.852585,40.910311],[-73.85266,40.910015],[-73.852275,40.909854],[-73.851448,40.91045],[-73.851071,40.910372],[-73.853475,40.90753],[-73.850921,40.906616],[-73.850173,40.907508],[-73.84708,40.906157],[-73.844819,40.90553],[-73.844893,40.904191],[-73.841387,40.904173],[-73.840779,40.901628],[-73.839218,40.899418],[-73.839648,40.897331],[-73.838392,40.894067],[-73.838043,40.894142],[-73.835258,40.893392],[-73.822524,40.889429],[-73.822553,40.889806],[-73.823374,40.889922],[-73.82337,40.890967],[-73.822853,40.891207],[-73.818277,40.889847],[-73.793007,40.883359],[-73.794917,40.880544],[-73.795546,40.880691],[-73.795026,40.879748],[-73.796251,40.877012],[-73.797127,40.87619],[-73.797438,40.875135],[-73.798553,40.874401],[-73.798912,40.874646],[-73.799814,40.87416],[-73.799877,40.873485],[-73.800805,40.871494],[-73.801785,40.871068],[-73.802092,40.870847],[-73.802117,40.870375],[-73.802673,40.870154],[-73.802605,40.869343],[-73.802978,40.868743],[-73.80335,40.868977],[-73.803617,40.868779],[-73.803925,40.869027],[-73.804072,40.86874],[-73.804479,40.868712],[-73.804992,40.869145],[-73.805944,40.86893],[-73.805692,40.869554],[-73.806704,40.87042],[-73.807858,40.87087],[-73.807863,40.871132],[-73.807964,40.871003],[-73.808698,40.871343],[-73.809244,40.871225],[-73.80841,40.870928],[-73.808725,40.870433],[-73.807541,40.870378],[-73.808709,40.869087],[-73.807854,40.86973],[-73.80673,40.86953],[-73.80695,40.868859],[-73.806596,40.868895],[-73.806742,40.868734],[-73.806261,40.868424],[-73.804873,40.868233],[-73.804736,40.866655],[-73.803853,40.867166],[-73.802914,40.866978],[-73.803081,40.866074],[-73.802715,40.865659],[-73.801773,40.865877],[-73.801752,40.866415],[-73.800701,40.868141],[-73.799964,40.868875],[-73.79774,40.872345],[-73.79479,40.8732],[-73.793974,40.874567],[-73.793596,40.876721],[-73.793167,40.877056],[-73.794222,40.877382],[-73.794403,40.877642],[-73.793847,40.878594],[-73.792999,40.879147],[-73.792894,40.879577],[-73.792191,40.87959],[-73.791731,40.880052],[-73.790952,40.880074],[-73.790631,40.880378],[-73.790762,40.880841],[-73.789141,40.881262],[-73.789073,40.880809],[-73.789318,40.880579],[-73.78912,40.88008],[-73.790063,40.879595],[-73.789523,40.878998],[-73.788273,40.878874],[-73.786115,40.879058],[-73.785236,40.87862],[-73.784433,40.878528],[-73.784217,40.878282],[-73.784497,40.876914],[-73.78481,40.876865],[-73.78468,40.876061],[-73.785404,40.875338],[-73.785696,40.87541],[-73.785962,40.875139],[-73.786106,40.874354],[-73.786911,40.873988],[-73.787137,40.87276],[-73.786249,40.872383],[-73.785081,40.87359],[-73.785535,40.872544],[-73.785547,40.872024],[-73.78522,40.871635],[-73.784015,40.873768],[-73.783407,40.873717],[-73.783361,40.873256],[-73.783951,40.872896],[-73.78375,40.8725],[-73.783069,40.872154],[-73.783286,40.870699],[-73.784885,40.869514],[-73.785602,40.868342],[-73.785583,40.869172],[-73.785951,40.869322],[-73.788583,40.869171],[-73.790256,40.868492],[-73.791531,40.867318],[-73.79223,40.865257],[-73.792116,40.86383],[-73.791463,40.862274],[-73.791891,40.861071],[-73.793595,40.860517],[-73.793719,40.859967],[-73.79412,40.859696],[-73.794875,40.858076],[-73.79435,40.856527],[-73.796855,40.856264],[-73.797985,40.854849],[-73.798723,40.854914],[-73.799024,40.853957],[-73.798643,40.853357],[-73.797956,40.852988],[-73.797805,40.85195],[-73.798194,40.850593],[-73.79932,40.849913],[-73.80029,40.848145],[-73.800825,40.848243],[-73.801467,40.84877],[-73.801971,40.850383],[-73.804176,40.85334],[-73.804525,40.854852],[-73.803524,40.855557],[-73.804643,40.859968],[-73.804786,40.861538],[-73.805413,40.861838],[-73.806011,40.861773],[-73.806246,40.861427],[-73.80582,40.860035],[-73.806556,40.859818],[-73.807414,40.860114],[-73.808179,40.859487],[-73.809406,40.860548],[-73.81085,40.862332],[-73.813274,40.863221],[-73.813728,40.863871],[-73.814041,40.86386],[-73.813959,40.864103],[-73.81438,40.863254],[-73.815103,40.863057],[-73.816414,40.861181],[-73.815493,40.860955],[-73.814796,40.861129],[-73.814852,40.860901],[-73.813818,40.860548],[-73.812731,40.858878],[-73.812306,40.854162],[-73.816409,40.854082],[-73.817148,40.852302],[-73.81719,40.85177],[-73.816915,40.851674],[-73.817124,40.85127],[-73.816859,40.850957],[-73.815714,40.850816],[-73.816286,40.850195],[-73.81552,40.849228],[-73.815131,40.849173],[-73.815323,40.848578],[-73.815903,40.848013],[-73.815605,40.847659],[-73.816097,40.847512],[-73.816105,40.846455],[-73.815719,40.846293],[-73.814646,40.84722],[-73.814511,40.847106],[-73.815662,40.846288],[-73.814847,40.846521],[-73.813686,40.847274],[-73.813564,40.847151],[-73.814909,40.846469],[-73.814424,40.846188],[-73.815026,40.8455],[-73.814206,40.84601],[-73.81399,40.845827],[-73.813189,40.84623],[-73.814032,40.845589],[-73.813686,40.845659],[-73.813943,40.845512],[-73.813633,40.845281],[-73.813213,40.845923],[-73.813619,40.845275],[-73.81326,40.845234],[-73.812849,40.846319],[-73.813243,40.845236],[-73.812877,40.845135],[-73.813156,40.845212],[-73.812855,40.845186],[-73.812278,40.846543],[-73.812841,40.84518],[-73.812614,40.84511],[-73.812858,40.84513],[-73.812545,40.84498],[-73.811885,40.846595],[-73.812436,40.846738],[-73.8117,40.846682],[-73.812661,40.844208],[-73.812991,40.844523],[-73.812649,40.844659],[-73.813118,40.844788],[-73.812641,40.844682],[-73.812549,40.844952],[-73.813678,40.845057],[-73.814167,40.844781],[-73.8137,40.844848],[-73.814183,40.844682],[-73.813466,40.844263],[-73.81348,40.843651],[-73.815,40.843504],[-73.815673,40.844429],[-73.816306,40.844399],[-73.816436,40.844065],[-73.817501,40.844367],[-73.818241,40.844342],[-73.818191,40.844113],[-73.81769,40.844268],[-73.817187,40.843916],[-73.816627,40.843945],[-73.815723,40.842537],[-73.815171,40.842577],[-73.815702,40.84252],[-73.815415,40.842391],[-73.815585,40.841841],[-73.815263,40.84126],[-73.814733,40.841376],[-73.815234,40.84101],[-73.814806,40.839804],[-73.814366,40.839865],[-73.814797,40.839788],[-73.814723,40.839589],[-73.814309,40.839622],[-73.81472,40.839572],[-73.814783,40.839076],[-73.816023,40.838526],[-73.816479,40.837704],[-73.816061,40.83603],[-73.815503,40.835953],[-73.816063,40.835773],[-73.816008,40.835513],[-73.815574,40.835525],[-73.816082,40.835361],[-73.816084,40.83459],[-73.815664,40.834491],[-73.816037,40.834169],[-73.814879,40.83103],[-73.814492,40.831171],[-73.814843,40.830986],[-73.81452,40.830623],[-73.813898,40.830908],[-73.81451,40.830614],[-73.814309,40.830359],[-73.813857,40.830561],[-73.8143,40.83035],[-73.813668,40.829891],[-73.81389,40.829777],[-73.813611,40.829377],[-73.813377,40.829391],[-73.813388,40.829023],[-73.812903,40.828953],[-73.81318,40.828803],[-73.812839,40.828647],[-73.812755,40.828248],[-73.809928,40.828193],[-73.810096,40.827819],[-73.811054,40.827985],[-73.811049,40.827841],[-73.810038,40.827782],[-73.811824,40.827829],[-73.811073,40.827842],[-73.811591,40.827999],[-73.81264,40.827836],[-73.812652,40.827559],[-73.81385,40.826804],[-73.813722,40.826272],[-73.812918,40.82635],[-73.813991,40.82607],[-73.813951,40.825729],[-73.813421,40.825925],[-73.813942,40.825717],[-73.813795,40.825298],[-73.813335,40.825171],[-73.812114,40.825553],[-73.813277,40.825161],[-73.813082,40.824945],[-73.814037,40.824483],[-73.813971,40.82419],[-73.813274,40.823967],[-73.81281,40.824339],[-73.812733,40.824778],[-73.81232,40.824411],[-73.811773,40.82434],[-73.811644,40.824602],[-73.811031,40.824708],[-73.810875,40.825114],[-73.810762,40.824902],[-73.809655,40.825276],[-73.809092,40.825873],[-73.807666,40.825897],[-73.806978,40.825388],[-73.806564,40.824606],[-73.806775,40.824449],[-73.806518,40.824198],[-73.806751,40.823828],[-73.806465,40.823799],[-73.806662,40.82342],[-73.806236,40.823308],[-73.80651,40.823153],[-73.806384,40.822893],[-73.805952,40.822883],[-73.806222,40.822741],[-73.805825,40.821768],[-73.805992,40.820824],[-73.805728,40.820177],[-73.804619,40.819027],[-73.803483,40.818277],[-73.802674,40.818239],[-73.802522,40.818526],[-73.802079,40.818557],[-73.800709,40.818043],[-73.800325,40.81756],[-73.79759,40.816508],[-73.797381,40.815764],[-73.797715,40.815513],[-73.798119,40.815699],[-73.798642,40.815464],[-73.799028,40.815541],[-73.800111,40.814025],[-73.800916,40.813761],[-73.801458,40.812941],[-73.801746,40.812865],[-73.801339,40.812394],[-73.801759,40.812861],[-73.803058,40.812452],[-73.803614,40.812523],[-73.80352,40.812922],[-73.803779,40.81281],[-73.803614,40.813045],[-73.804358,40.813609],[-73.804154,40.813731],[-73.803514,40.812935],[-73.803235,40.813296],[-73.803452,40.813352],[-73.803224,40.813359],[-73.804434,40.814319],[-73.80343,40.813422],[-73.803199,40.813505],[-73.80418,40.81459],[-73.804392,40.814538],[-73.804718,40.815231],[-73.806584,40.816595],[-73.804659,40.814545],[-73.806606,40.816664],[-73.806929,40.816568],[-73.806536,40.815892],[-73.807046,40.816534],[-73.806629,40.815684],[-73.806402,40.815702],[-73.806632,40.815595],[-73.805456,40.814687],[-73.805449,40.813377],[-73.804998,40.812207],[-73.804765,40.812034],[-73.803912,40.81211],[-73.802353,40.810037],[-73.801356,40.810711],[-73.801012,40.810713],[-73.801467,40.810142],[-73.800109,40.809711],[-73.798538,40.809587],[-73.792289,40.806849],[-73.791401,40.806998],[-73.791524,40.807489],[-73.790865,40.807341],[-73.790063,40.805409],[-73.790284,40.804817],[-73.791037,40.804263],[-73.792245,40.803996],[-73.79339,40.804204],[-73.795778,40.806163],[-73.796209,40.805969],[-73.796503,40.806104],[-73.796369,40.806277],[-73.797916,40.806712],[-73.801672,40.809017],[-73.802782,40.80912],[-73.803927,40.808528],[-73.804678,40.809226],[-73.80714,40.810662],[-73.808228,40.811891],[-73.80992,40.812929],[-73.810425,40.812981],[-73.810785,40.812771],[-73.814003,40.813551],[-73.814431,40.813518],[-73.8145,40.812908],[-73.814477,40.813519],[-73.815663,40.813512],[-73.816201,40.813847],[-73.817372,40.813574],[-73.81736,40.813376],[-73.817389,40.813571],[-73.817921,40.813545],[-73.817976,40.813299],[-73.818042,40.813533],[-73.819816,40.81318],[-73.820108,40.812864],[-73.820555,40.813018],[-73.820244,40.812431],[-73.821065,40.812204],[-73.820324,40.81244],[-73.820421,40.812638],[-73.82113,40.81245],[-73.820442,40.812658],[-73.820587,40.813019],[-73.821413,40.812873],[-73.821423,40.812702],[-73.821517,40.812847],[-73.822283,40.812661],[-73.822171,40.812354],[-73.822309,40.812658],[-73.824088,40.812164],[-73.825058,40.81183],[-73.824809,40.811439],[-73.825244,40.811761],[-73.824879,40.811273],[-73.825267,40.811752],[-73.825491,40.811659],[-73.825231,40.81121],[-73.825651,40.811592],[-73.825358,40.811028],[-73.825672,40.811585],[-73.825537,40.811016],[-73.825813,40.811534],[-73.825798,40.811205],[-73.825956,40.811474],[-73.82621,40.811279],[-73.828028,40.811452],[-73.830182,40.810839],[-73.831622,40.809568],[-73.832175,40.80816],[-73.832138,40.807408],[-73.831618,40.806646],[-73.831395,40.805171],[-73.831616,40.804938],[-73.834315,40.805163],[-73.837436,40.806203],[-73.838061,40.80704],[-73.838244,40.808177],[-73.84026,40.811443],[-73.840432,40.812541],[-73.839568,40.814491],[-73.839538,40.815819],[-73.84019,40.817188],[-73.840093,40.817799],[-73.838927,40.819001],[-73.838683,40.819591],[-73.839064,40.819802],[-73.838882,40.82214],[-73.839049,40.822689],[-73.839528,40.823038],[-73.83974,40.82411],[-73.840131,40.824317],[-73.84222,40.828342],[-73.842331,40.829074],[-73.841886,40.830713],[-73.838852,40.833691],[-73.839193,40.838714],[-73.83959,40.838798],[-73.83972,40.839565],[-73.840303,40.839524],[-73.839842,40.837905],[-73.839842,40.836116],[-73.839601,40.835671],[-73.839796,40.835788],[-73.839795,40.835619],[-73.839458,40.835032],[-73.839591,40.834042],[-73.840182,40.833043],[-73.842213,40.831551],[-73.843107,40.829794],[-73.842533,40.827527],[-73.840018,40.82219],[-73.839829,40.821572],[-73.839999,40.819935],[-73.841987,40.818774],[-73.842094,40.81806],[-73.843741,40.815322],[-73.845207,40.811887],[-73.845766,40.811582],[-73.846173,40.810677],[-73.847197,40.81058],[-73.848215,40.812463],[-73.849386,40.813237],[-73.850411,40.813584],[-73.850602,40.81393],[-73.853013,40.814584],[-73.852618,40.814059],[-73.85298,40.813873],[-73.852914,40.813689],[-73.853369,40.813594],[-73.854347,40.813864],[-73.855147,40.814369],[-73.85538,40.814289],[-73.854431,40.813718],[-73.853468,40.813478],[-73.852557,40.813735],[-73.8512,40.813553],[-73.849145,40.812299],[-73.849384,40.811287],[-73.849174,40.810924],[-73.850042,40.809215],[-73.849967,40.808876],[-73.849729,40.808875],[-73.849951,40.808715],[-73.849551,40.808721],[-73.849967,40.808578],[-73.849612,40.808124],[-73.84876,40.808337],[-73.849522,40.808055],[-73.848416,40.807369],[-73.84838,40.80636],[-73.847536,40.805926],[-73.847488,40.805449],[-73.847903,40.805002],[-73.848648,40.804699],[-73.849334,40.805051],[-73.84941,40.804668],[-73.849429,40.80506],[-73.849821,40.805094],[-73.850149,40.804534],[-73.85065,40.804478],[-73.85561,40.80447],[-73.856246,40.804664],[-73.856578,40.804933],[-73.85569,40.804677],[-73.855605,40.805062],[-73.857202,40.805326],[-73.856676,40.804995],[-73.856834,40.804909],[-73.858736,40.805794],[-73.858872,40.80598],[-73.858506,40.80582],[-73.858315,40.805999],[-73.858612,40.806698],[-73.859085,40.80648],[-73.858877,40.805989],[-73.859195,40.80627],[-73.859402,40.80753],[-73.859159,40.806879],[-73.858665,40.806833],[-73.85839,40.808259],[-73.858951,40.810271],[-73.859077,40.809976],[-73.860127,40.809605],[-73.859329,40.808997],[-73.85939,40.808164],[-73.859822,40.809113],[-73.86066,40.809632],[-73.867656,40.810584],[-73.870778,40.814487],[-73.871716,40.814922],[-73.87652,40.816131],[-73.876732,40.815386],[-73.872394,40.813974],[-73.870958,40.812146],[-73.870568,40.812087],[-73.870553,40.811243],[-73.868112,40.806752],[-73.868463,40.805937],[-73.871745,40.801547],[-73.873551,40.800853],[-73.874677,40.800979],[-73.874731,40.801257],[-73.875265,40.801398],[-73.875858,40.801456],[-73.87593,40.801084],[-73.878142,40.801319],[-73.877969,40.801711],[-73.878235,40.802647],[-73.879213,40.802795],[-73.883695,40.802162],[-73.883965,40.801965],[-73.883723,40.801863],[-73.885052,40.802131],[-73.887271,40.803947],[-73.887959,40.804998],[-73.888592,40.804789],[-73.889064,40.805022],[-73.889366,40.805381],[-73.889224,40.805845],[-73.889996,40.804886],[-73.890148,40.804961],[-73.889374,40.805925],[-73.890059,40.805704],[-73.891499,40.805931],[-73.891441,40.805662],[-73.891786,40.805623],[-73.891979,40.806385],[-73.892707,40.806344],[-73.892164,40.805303],[-73.891284,40.804976],[-73.891866,40.80509],[-73.8923,40.805661],[-73.892567,40.805621],[-73.892748,40.80634],[-73.894633,40.806232],[-73.894726,40.806026],[-73.894854,40.806215],[-73.894843,40.805724],[-73.895098,40.806864],[-73.895286,40.806843],[-73.895506,40.806595],[-73.89528,40.805766],[-73.895591,40.806581],[-73.89567,40.80629],[-73.895978,40.806518],[-73.895875,40.805809],[-73.896108,40.806496],[-73.89623,40.80621],[-73.89726,40.806041],[-73.897497,40.806214],[-73.897415,40.8058],[-73.897638,40.806201],[-73.897728,40.805967],[-73.898013,40.806167],[-73.897871,40.805535],[-73.898161,40.806138],[-73.898125,40.805651],[-73.898527,40.805434],[-73.900973,40.804876],[-73.90205,40.804784],[-73.902223,40.804948],[-73.902292,40.804565],[-73.902928,40.804197],[-73.90271,40.804164],[-73.903317,40.803775],[-73.903733,40.803773],[-73.90453,40.80317],[-73.90639,40.801091],[-73.906814,40.800891],[-73.908074,40.799573],[-73.907682,40.799388],[-73.908102,40.79954],[-73.908026,40.799238],[-73.908422,40.799442],[-73.908303,40.798959],[-73.910892,40.797018],[-73.911747,40.796626],[-73.913723,40.796789],[-73.919032,40.798985],[-73.920241,40.799614],[-73.921327,40.801285],[-73.922927,40.802373],[-73.924227,40.802545],[-73.926658,40.80241],[-73.927628,40.802696],[-73.927283,40.803508],[-73.927645,40.803989],[-73.928341,40.80424],[-73.928726,40.804104],[-73.930518,40.806591],[-73.932283,40.808364],[-73.932874,40.810414],[-73.932565,40.810886],[-73.932342,40.814686],[-73.9324,40.821146],[-73.933606,40.83279],[-73.932996,40.835679],[-73.930516,40.839934],[-73.928616,40.844677],[-73.92683,40.84729],[-73.924654,40.849785],[-73.922562,40.853189],[-73.92174,40.854221],[-73.921543,40.854117],[-73.921342,40.854317],[-73.921515,40.85451],[-73.920801,40.855381],[-73.9203,40.855246],[-73.920527,40.855687],[-73.919566,40.85684],[-73.91776,40.858708],[-73.917207,40.858929],[-73.913415,40.863367],[-73.912763,40.863029],[-73.912273,40.863632],[-73.912798,40.863899],[-73.912526,40.863795],[-73.912676,40.864021],[-73.910418,40.86657],[-73.908649,40.871386],[-73.908932,40.872157],[-73.908464,40.872621],[-73.907743,40.872846],[-73.906651,40.875753],[-73.907037,40.876895],[-73.909498,40.878777],[-73.910332,40.879038],[-73.911489,40.879019],[-73.912058,40.878119],[-73.914846,40.876667],[-73.915785,40.875717],[-73.917757,40.875664],[-73.919784,40.876421],[-73.922067,40.878572],[-73.922738,40.878905],[-73.924518,40.879059],[-73.924903,40.878888],[-73.923805,40.880325],[-73.920393,40.887649],[-73.915185,40.901584],[-73.915432,40.901813],[-73.915014,40.903081],[-73.91459,40.904119],[-73.914185,40.90414],[-73.912869,40.907535],[-73.91311,40.907846],[-73.912649,40.908071],[-73.911505,40.91217],[-73.9115,40.913767],[-73.910333,40.915533],[-73.902457,40.912959],[-73.897253,40.911656],[-73.872949,40.904441]]]},"properties":{"borough":"Bronx"}}]}