{"type":"FeatureCollection","features":[{"type":"Feature","geometry":{"type":"LineString","coordinates":[[-74.013664,40.702068],[-74.014792,40.70319899999999],[-74.01482,40.703226],[-74.014846,40.703253],[-74.01487,40.70328],[-74.014893,40.70330700000001],[-74.014914,40.703335],[-74.014933,40.703363],[-74.014952,40.703391],[-74.014968,40.703419],[-74.014983,40.703448],[-74.014997,40.703477],[-74.015009,40.703506],[-74.015019,40.703536],[-74.015028,40.703566],[-74.015035,40.703596],[-74.015041,40.703625],[-74.015122,40.704167999999996],[-74.015125,40.704194],[-74.01512599999998,40.704221],[-74.015127,40.704247],[-74.015127,40.704274],[-74.015125,40.704299999999996],[-74.015123,40.704327],[-74.015119,40.704354],[-74.015115,40.70438],[-74.015109,40.704407],[-74.015102,40.704434000000006],[-74.015094,40.704461],[-74.015086,40.704487],[-74.015076,40.704514],[-74.015065,40.704541],[-74.015052,40.704568],[-74.01483,40.70509199999999],[-74.013783,40.70751299999999]]},"properties":{"routes":["1"],"direction":"N","colors":["#D82233"],"colorCount":1,"color0":"#D82233","color1":"","color2":""}},{"type":"Feature","geometry":{"type":"LineString","coordinates":[[-74.013783,40.70751299999999],[-74.013783,40.70751299999999],[-74.013471,40.708242],[-74.012648,40.710132],[-74.012529,40.7105],[-74.012375,40.711112],[-74.012259,40.71156499999999],[-74.012188,40.711835]]},"properties":{"routes":["1"],"direction":"N","colors":["#D82233"],"colorCount":1,"color0":"#D82233","color1":"","color2":""}},{"type":"Feature","geometry":{"type":"LineString","coordinates":[[-74.012188,40.711835],[-74.012188,40.711835],[-74.012108,40.712105],[-74.012094,40.71215399999999],[-74.012076,40.71220300000001],[-74.012057,40.712252],[-74.012035,40.7123],[-74.012012,40.712348],[-74.011986,40.71239400000001],[-74.011959,40.71244],[-74.011929,40.712486],[-74.01189699999999,40.71253000000001],[-74.011864,40.712574],[-74.011828,40.712618],[-74.011791,40.71266],[-74.011751,40.712702],[-74.01171,40.712743],[-74.011667,40.712783],[-74.011138,40.713212],[-74.011116,40.713229],[-74.011094,40.713246],[-74.011073,40.713263000000005],[-74.01105199999999,40.71328],[-74.011032,40.713298],[-74.011011,40.713315],[-74.010992,40.713333],[-74.01097199999998,40.713351],[-74.010953,40.713369],[-74.010935,40.713388],[-74.010917,40.713406],[-74.01089899999998,40.713425],[-74.010882,40.71344400000001],[-74.010865,40.713463],[-74.01084799999998,40.713482],[-74.010573,40.713841],[-74.010547,40.713872]]},"properties":{"routes":["1"],"direction":"N","colors":["#D82233"],"colorCount":1,"color0":"#D82233","color1":"","color2":""}},{"type":"Feature","geometry":{"type":"LineString","coordinates":[[-74.010547,40.713872],[-74.010473,40.713961],[-74.010188,40.714302999999994],[-74.009299,40.715437],[-74.009266,40.715478]]},"properties":{"routes":["1","2","3"],"direction":"N","colors":["#D82233"],"colorCount":1,"color0":"#D82233","color1":"","color2":""}},{"type":"Feature","geometry":{"type":"LineString","coordinates":[[-74.005367,40.728251],[-74.005367,40.728251],[-74.00526,40.728935],[-74.005221,40.729169],[-74.005197,40.729283],[-74.00516,40.72941399999999],[-74.005112,40.729532000000006],[-74.005062,40.729642],[-74.004935,40.729881],[-74.004682,40.730321],[-74.002906,40.733422]]},"properties":{"routes":["1","2","3"],"direction":"N","colors":["#D82233"],"colorCount":1,"color0":"#D82233","color1":"","color2":""}},{"type":"Feature","geometry":{"type":"LineString","coordinates":[[-74.006277,40.722854],[-74.006277,40.722854],[-74.005367,40.728251]]},"properties":{"routes":["1","2","3"],"direction":"N","colors":["#D82233"],"colorCount":1,"color0":"#D82233","color1":"","color2":""}},{"type":"Feature","geometry":{"type":"LineString","coordinates":[[-74.002906,40.733422],[-74.002906,40.733422],[-74.001452,40.735973],[-74.001345,40.736162],[-74.001229,40.736358],[-74.001089,40.736585],[-74.00097299999999,40.736761],[-74.000201,40.737826]]},"properties":{"routes":["1","2","3"],"direction":"N","colors":["#D82233"],"colorCount":1,"color0":"#D82233","color1":"","color2":""}},{"type":"Feature","geometry":{"type":"LineString","coordinates":[[-74.009266,40.715478],[-74.009266,40.715478],[-74.007249,40.718031999999994],[-74.007227,40.718063],[-74.007206,40.718095000000005],[-74.007186,40.718127],[-74.007167,40.718160000000005],[-74.00714999999998,40.718193],[-74.007133,40.718228],[-74.007117,40.718262],[-74.00710299999999,40.718298000000004],[-74.007089,40.718334],[-74.007077,40.71837],[-74.007066,40.718408],[-74.007055,40.718446],[-74.007046,40.718484],[-74.007038,40.718523],[-74.007031,40.718563],[-74.006886,40.719318]]},"properties":{"routes":["1","2","3"],"direction":"N","colors":["#D82233"],"colorCount":1,"color0":"#D82233","color1":"","color2":""}},{"type":"Feature","geometry":{"type":"LineString","coordinates":[[-74.006886,40.719318],[-74.006886,40.719318],[-74.006277,40.722854]]},"properties":{"routes":["1","2","3"],"direction":"N","colors":["#D82233"],"colorCount":1,"color0":"#D82233","color1":"","color2":""}},{"type":"Feature","geometry":{"type":"LineString","coordinates":[[-74.000201,40.737826],[-74.000201,40.737826],[-73.997871,40.741040000000005]]},"properties":{"routes":["1","2","3"],"direction":"N","colors":["#D82233"],"colorCount":1,"color0":"#D82233","color1":"","color2":""}},{"type":"Feature","geometry":{"type":"LineString","coordinates":[[-73.993365,40.747215],[-73.993365,40.747215],[-73.991057,40.750373]]},"properties":{"routes":["1","2","3"],"direction":"N","colors":["#D82233"],"colorCount":1,"color0":"#D82233","color1":"","color2":""}},{"type":"Feature","geometry":{"type":"LineString","coordinates":[[-73.995657,40.744081],[-73.995657,40.744081],[-73.993365,40.747215]]},"properties":{"routes":["1","2","3"],"direction":"N","colors":["#D82233"],"colorCount":1,"color0":"#D82233","color1":"","color2":""}},{"type":"Feature","geometry":{"type":"LineString","coordinates":[[-73.997871,40.741040000000005],[-73.997871,40.741040000000005],[-73.995657,40.744081]]},"properties":{"routes":["1","2","3"],"direction":"N","colors":["#D82233"],"colorCount":1,"color0":"#D82233","color1":"","color2":""}},{"type":"Feature","geometry":{"type":"LineString","coordinates":[[-73.991057,40.750373],[-73.991057,40.750373],[-73.98749499999998,40.755289999999995]]},"properties":{"routes":["1","2","3"],"direction":"N","colors":["#D82233"],"colorCount":1,"color0":"#D82233","color1":"","color2":""}},{"type":"Feature","geometry":{"type":"LineString","coordinates":[[-73.98749499999998,40.755289999999995],[-73.98749499999998,40.755289999999995],[-73.986009,40.757342],[-73.985786,40.757638],[-73.985709,40.757758],[-73.985638,40.75788],[-73.985569,40.758014],[-73.985512,40.758156],[-73.985421,40.758374999999994],[-73.98533,40.758630999999994],[-73.985063,40.75940500000001],[-73.98495899999999,40.759714],[-73.984841,40.760017],[-73.98472499999998,40.760283],[-73.984577,40.760592],[-73.98444399999998,40.760821],[-73.98429399999999,40.76104000000001],[-73.983849,40.761728]]},"properties":{"routes":["1","2","3"],"direction":"N","colors":["#D82233"],"colorCount":1,"color0":"#D82233","color1":"","color2":""}},{"type":"Feature","geometry":{"type":"LineString","coordinates":[[-73.983849,40.761728],[-73.983849,40.761728],[-73.98335799999998,40.762485999999996],[-73.983038,40.76298],[-73.982793,40.763412],[-73.982626,40.763714],[-73.98246399999998,40.764029],[-73.98232,40.764386],[-73.98215599999999,40.764821],[-73.982063,40.765125],[-73.98197699999999,40.765461],[-73.98191,40.765808],[-73.981755,40.766808000000005],[-73.981702,40.767172],[-73.981689,40.767323999999995],[-73.981694,40.76744],[-73.981697,40.767561],[-73.981718,40.767681],[-73.981745,40.767778],[-73.981781,40.767895],[-73.981929,40.768247]]},"properties":{"routes":["1","2","3"],"direction":"N","colors":["#D82233"],"colorCount":1,"color0":"#D82233","color1":"","color2":""}},{"type":"Feature","geometry":{"type":"LineString","coordinates":[[-73.981929,40.768247],[-73.981929,40.768247],[-73.982012,40.768454],[-73.982053,40.768582],[-73.982078,40.768694999999994],[-73.982088,40.768794],[-73.982098,40.769222],[-73.982209,40.77344]]},"properties":{"routes":["1","2","3"],"direction":"N","colors":["#D82233"],"colorCount":1,"color0":"#D82233","color1":"","color2":""}},{"type":"Feature","geometry":{"type":"LineString","coordinates":[[-73.982209,40.77344],[-73.982209,40.77344],[-73.982212,40.774166],[-73.982091,40.777496],[-73.982058,40.777869],[-73.982008,40.778211],[-73.98197,40.778453]]},"properties":{"routes":["1","2","3"],"direction":"N","colors":["#D82233"],"colorCount":1,"color0":"#D82233","color1":"","color2":""}},{"type":"Feature","geometry":{"type":"LineString","coordinates":[[-73.976218,40.78864399999999],[-73.976218,40.78864399999999],[-73.975942,40.788956999999996],[-73.972323,40.79391900000001]]},"properties":{"routes":["1","2","3"],"direction":"N","colors":["#D82233"],"colorCount":1,"color0":"#D82233","color1":"","color2":""}},{"type":"Feature","geometry":{"type":"LineString","coordinates":[[-73.98197,40.778453],[-73.98197,40.778453],[-73.981906,40.778822],[-73.981757,40.779426],[-73.98131399999998,40.780996],[-73.980924,40.78215500000001],[-73.980847,40.78237399999999],[-73.980748,40.782621999999996],[-73.980664,40.782794],[-73.980572,40.78297],[-73.980473,40.783149],[-73.980371,40.783313],[-73.979917,40.783933999999995]]},"properties":{"routes":["1","2","3"],"direction":"N","colors":["#D82233"],"colorCount":1,"color0":"#D82233","color1":"","color2":""}},{"type":"Feature","geometry":{"type":"LineString","coordinates":[[-73.979917,40.783933999999995],[-73.979917,40.783933999999995],[-73.977656,40.786953],[-73.977107,40.787601],[-73.976218,40.78864399999999]]},"properties":{"routes":["1","2","3"],"direction":"N","colors":["#D82233"],"colorCount":1,"color0":"#D82233","color1":"","color2":""}},{"type":"Feature","geometry":{"type":"LineString","coordinates":[[-73.972323,40.79391900000001],[-73.972323,40.79391900000001],[-73.972265,40.794005],[-73.96898,40.798506],[-73.968931,40.79857],[-73.968882,40.798635],[-73.968835,40.798699],[-73.968789,40.79876300000001],[-73.968745,40.798827],[-73.968702,40.79889],[-73.96866,40.79895400000001],[-73.96862,40.799016],[-73.96858199999998,40.799079],[-73.968544,40.799141],[-73.96850899999998,40.799203],[-73.96850699999999,40.799206]]},"properties":{"routes":["1","2","3"],"direction":"N","colors":["#D82233"],"colorCount":1,"color0":"#D82233","color1":"","color2":""}},{"type":"Feature","geometry":{"type":"LineString","coordinates":[[-73.96850699999999,40.799206],[-73.96850664662513,40.79920663619185],[-73.96850657437692,40.7992068009455],[-73.96850670063412,40.799206628142464],[-73.96850694277543,40.79920625166429],[-73.96850721817964,40.7992058053925],[-73.96850744422545,40.79920542320864],[-73.96850753829162,40.799205238994254],[-73.96850741775688,40.79920538663085],[-73.96850699999999,40.799206]]},"properties":{"routes":["1"],"direction":"N","colors":["#D82233"],"colorCount":1,"color0":"#D82233","color1":"","color2":""}},{"type":"Feature","geometry":{"type":"LineString","coordinates":[[-73.96837899999998,40.799446],[-73.96837899999998,40.799446],[-73.96821,40.799772],[-73.968082,40.800124],[-73.96798,40.80051],[-73.967929,40.80087],[-73.967832,40.80198399999999],[-73.967789,40.802298],[-73.967719,40.802605],[-73.967649,40.802781],[-73.96758199999998,40.802929],[-73.967465,40.803121],[-73.967313,40.803324],[-73.966847,40.803967]]},"properties":{"routes":["1"],"direction":"N","colors":["#D82233"],"colorCount":1,"color0":"#D82233","color1":"","color2":""}},{"type":"Feature","geometry":{"type":"LineString","coordinates":[[-73.966847,40.803967],[-73.966847,40.803967],[-73.96411,40.807722]]},"properties":{"routes":["1"],"direction":"N","colors":["#D82233"],"colorCount":1,"color0":"#D82233","color1":"","color2":""}},{"type":"Feature","geometry":{"type":"LineString","coordinates":[[-73.96411,40.807722],[-73.96411,40.807722],[-73.95837199999998,40.815581]]},"properties":{"routes":["1"],"direction":"N","colors":["#D82233"],"colorCount":1,"color0":"#D82233","color1":"","color2":""}},{"type":"Feature","geometry":{"type":"LineString","coordinates":[[-73.95837199999998,40.815581],[-73.95837199999998,40.815581],[-73.95367599999999,40.822008]]},"properties":{"routes":["1"],"direction":"N","colors":["#D82233"],"colorCount":1,"color0":"#D82233","color1":"","color2":""}},{"type":"Feature","geometry":{"type":"LineString","coordinates":[[-73.95367599999999,40.822008],[-73.95367599999999,40.822008],[-73.95036,40.826551]]},"properties":{"routes":["1"],"direction":"N","colors":["#D82233"],"colorCount":1,"color0":"#D82233","color1":"","color2":""}},{"type":"Feature","geometry":{"type":"LineString","coordinates":[[-73.95036,40.826551],[-73.95036,40.826551],[-73.94489,40.834041]]},"properties":{"routes":["1"],"direction":"N","colors":["#D82233"],"colorCount":1,"color0":"#D82233","color1":"","color2":""}},{"type":"Feature","geometry":{"type":"LineString","coordinates":[[-73.94489,40.834041],[-73.94489,40.834041],[-73.940133,40.84055599999999]]},"properties":{"routes":["1"],"direction":"N","colors":["#D82233"],"colorCount":1,"color0":"#D82233","color1":"","color2":""}},{"type":"Feature","geometry":{"type":"LineString","coordinates":[[-73.940133,40.84055599999999],[-73.940133,40.84055599999999],[-73.933596,40.84950499999999]]},"properties":{"routes":["1"],"direction":"N","colors":["#D82233"],"colorCount":1,"color0":"#D82233","color1":"","color2":""}},{"type":"Feature","geometry":{"type":"LineString","coordinates":[[-73.933596,40.84950499999999],[-73.933596,40.84950499999999],[-73.929412,40.855225]]},"properties":{"routes":["1"],"direction":"N","colors":["#D82233"],"colorCount":1,"color0":"#D82233","color1":"","color2":""}},{"type":"Feature","geometry":{"type":"LineString","coordinates":[[-73.929412,40.855225],[-73.929412,40.855225],[-73.925536,40.860531]]},"properties":{"routes":["1"],"direction":"N","colors":["#D82233"],"colorCount":1,"color0":"#D82233","color1":"","color2":""}},{"type":"Feature","geometry":{"type":"LineString","coordinates":[[-73.925536,40.860531],[-73.925536,40.860531],[-73.92519,40.861],[-73.925109,40.861102],[-73.92501599999999,40.861203999999994],[-73.92491399999999,40.861303],[-73.924807,40.861396],[-73.924645,40.861516],[-73.924492,40.861621],[-73.924333,40.861712],[-73.924151,40.86180499999999],[-73.923966,40.861888],[-73.920631,40.863121],[-73.920305,40.86323899999999],[-73.920049,40.863349],[-73.919867,40.863451],[-73.919696,40.863561],[-73.919565,40.863669],[-73.919442,40.863782],[-73.919309,40.863949999999996],[-73.918822,40.864621]]},"properties":{"routes":["1"],"direction":"N","colors":["#D82233"],"colorCount":1,"color0":"#D82233","color1":"","color2":""}},{"type":"Feature","geometry":{"type":"LineString","coordinates":[[-73.918822,40.864621],[-73.918822,40.864621],[-73.915279,40.869443999999994]]},"properties":{"routes":["1"],"direction":"N","colors":["#D82233"],"colorCount":1,"color0":"#D82233","color1":"","color2":""}},{"type":"Feature","geometry":{"type":"LineString","coordinates":[[-73.915279,40.869443999999994],[-73.915279,40.869443999999994],[-73.914666,40.870276],[-73.914141,40.870986],[-73.913803,40.871376],[-73.913415,40.871758],[-73.91299999999998,40.872111],[-73.912201,40.872766],[-73.910249,40.874278],[-73.909831,40.874561]]},"properties":{"routes":["1"],"direction":"N","colors":["#D82233"],"colorCount":1,"color0":"#D82233","color1":"","color2":""}},{"type":"Feature","geometry":{"type":"LineString","coordinates":[[-73.909831,40.874561],[-73.909831,40.874561],[-73.90965,40.87468599999999],[-73.908878,40.875276],[-73.908261,40.87577],[-73.90795,40.876002],[-73.907623,40.876213],[-73.907296,40.876388],[-73.906883,40.876597],[-73.906585,40.876765],[-73.906305,40.876957],[-73.906061,40.877176],[-73.905744,40.877584],[-73.904834,40.878856000000006]]},"properties":{"routes":["1"],"direction":"N","colors":["#D82233"],"colorCount":1,"color0":"#D82233","color1":"","color2":""}},{"type":"Feature","geometry":{"type":"LineString","coordinates":[[-73.904834,40.878856000000006],[-73.904834,40.878856000000006],[-73.902223,40.882525],[-73.901899,40.882988],[-73.901602,40.883467],[-73.900991,40.884461],[-73.90087,40.88466700000001]]},"properties":{"routes":["1"],"direction":"N","colors":["#D82233"],"colorCount":1,"color0":"#D82233","color1":"","color2":""}},{"type":"Feature","geometry":{"type":"LineString","coordinates":[[-73.90087,40.88466700000001],[-73.90087,40.88466700000001],[-73.90073,40.884928],[-73.900041,40.886309],[-73.899616,40.887195],[-73.898583,40.889248]]},"properties":{"routes":["1"],"direction":"N","colors":["#D82233"],"colorCount":1,"color0":"#D82233","color1":"","color2":""}},{"type":"Feature","geometry":{"type":"LineString","coordinates":[[-73.898583,40.889248],[-73.899616,40.887195],[-73.900041,40.886309],[-73.90073,40.884928],[-73.90087,40.88466700000001]]},"properties":{"routes":["1"],"direction":"S","colors":["#D82233"],"colorCount":1,"color0":"#D82233","color1":"","color2":""}},{"type":"Feature","geometry":{"type":"LineString","coordinates":[[-73.90087,40.88466700000001],[-73.90087,40.88466700000001],[-73.900991,40.884461],[-73.901602,40.883467],[-73.901899,40.882988],[-73.902223,40.882525],[-73.904834,40.878856000000006]]},"properties":{"routes":["1"],"direction":"S","colors":["#D82233"],"colorCount":1,"color0":"#D82233","color1":"","color2":""}},{"type":"Feature","geometry":{"type":"LineString","coordinates":[[-73.904834,40.878856000000006],[-73.904834,40.878856000000006],[-73.905744,40.877584],[-73.906061,40.877176],[-73.906305,40.876957],[-73.906585,40.876765],[-73.906883,40.876597],[-73.907296,40.876388],[-73.907623,40.876213],[-73.90795,40.876002],[-73.908261,40.87577],[-73.908878,40.875276],[-73.90965,40.87468599999999],[-73.909831,40.874561]]},"properties":{"routes":["1"],"direction":"S","colors":["#D82233"],"colorCount":1,"color0":"#D82233","color1":"","color2":""}},{"type":"Feature","geometry":{"type":"LineString","coordinates":[[-73.909831,40.874561],[-73.909831,40.874561],[-73.910249,40.874278],[-73.912201,40.872766],[-73.91299999999998,40.872111],[-73.913415,40.871758],[-73.913803,40.871376],[-73.914141,40.870986],[-73.914666,40.870276],[-73.915279,40.869443999999994]]},"properties":{"routes":["1"],"direction":"S","colors":["#D82233"],"colorCount":1,"color0":"#D82233","color1":"","color2":""}},{"type":"Feature","geometry":{"type":"LineString","coordinates":[[-73.915279,40.869443999999994],[-73.915279,40.869443999999994],[-73.918822,40.864621]]},"properties":{"routes":["1"],"direction":"S","colors":["#D82233"],"colorCount":1,"color0":"#D82233","color1":"","color2":""}},{"type":"Feature","geometry":{"type":"LineString","coordinates":[[-73.918822,40.864621],[-73.918822,40.864621],[-73.919309,40.863949999999996],[-73.919442,40.863782],[-73.919565,40.863669],[-73.919696,40.863561],[-73.919867,40.863451],[-73.920049,40.863349],[-73.920305,40.86323899999999],[-73.920631,40.863121],[-73.923966,40.861888],[-73.924151,40.86180499999999],[-73.924333,40.861712],[-73.924492,40.861621],[-73.924645,40.861516],[-73.924807,40.861396],[-73.92491399999999,40.861303],[-73.92501599999999,40.861203999999994],[-73.925109,40.861102],[-73.92519,40.861],[-73.925536,40.860531]]},"properties":{"routes":["1"],"direction":"S","colors":["#D82233"],"colorCount":1,"color0":"#D82233","color1":"","color2":""}},{"type":"Feature","geometry":{"type":"LineString","coordinates":[[-73.925536,40.860531],[-73.925536,40.860531],[-73.929412,40.855225]]},"properties":{"routes":["1"],"direction":"S","colors":["#D82233"],"colorCount":1,"color0":"#D82233","color1":"","color2":""}},{"type":"Feature","geometry":{"type":"LineString","coordinates":[[-73.929412,40.855225],[-73.929412,40.855225],[-73.933596,40.84950499999999]]},"properties":{"routes":["1"],"direction":"S","colors":["#D82233"],"colorCount":1,"color0":"#D82233","color1":"","color2":""}},{"type":"Feature","geometry":{"type":"LineString","coordinates":[[-73.933596,40.84950499999999],[-73.933596,40.84950499999999],[-73.940133,40.84055599999999]]},"properties":{"routes":["1"],"direction":"S","colors":["#D82233"],"colorCount":1,"color0":"#D82233","color1":"","color2":""}},{"type":"Feature","geometry":{"type":"LineString","coordinates":[[-73.940133,40.84055599999999],[-73.940133,40.84055599999999],[-73.94489,40.834041]]},"properties":{"routes":["1"],"direction":"S","colors":["#D82233"],"colorCount":1,"color0":"#D82233","color1":"","color2":""}},{"type":"Feature","geometry":{"type":"LineString","coordinates":[[-73.94489,40.834041],[-73.94489,40.834041],[-73.95036,40.826551]]},"properties":{"routes":["1"],"direction":"S","colors":["#D82233"],"colorCount":1,"color0":"#D82233","color1":"","color2":""}},{"type":"Feature","geometry":{"type":"LineString","coordinates":[[-73.95036,40.826551],[-73.95036,40.826551],[-73.95367599999999,40.822008]]},"properties":{"routes":["1"],"direction":"S","colors":["#D82233"],"colorCount":1,"color0":"#D82233","color1":"","color2":""}},{"type":"Feature","geometry":{"type":"LineString","coordinates":[[-73.95367599999999,40.822008],[-73.95367599999999,40.822008],[-73.95837199999998,40.815581]]},"properties":{"routes":["1"],"direction":"S","colors":["#D82233"],"colorCount":1,"color0":"#D82233","color1":"","color2":""}},{"type":"Feature","geometry":{"type":"LineString","coordinates":[[-73.95837199999998,40.815581],[-73.95837199999998,40.815581],[-73.96411,40.807722]]},"properties":{"routes":["1"],"direction":"S","colors":["#D82233"],"colorCount":1,"color0":"#D82233","color1":"","color2":""}},{"type":"Feature","geometry":{"type":"LineString","coordinates":[[-73.96411,40.807722],[-73.96411,40.807722],[-73.966847,40.803967]]},"properties":{"routes":["1"],"direction":"S","colors":["#D82233"],"colorCount":1,"color0":"#D82233","color1":"","color2":""}},{"type":"Feature","geometry":{"type":"LineString","coordinates":[[-73.966847,40.803967],[-73.966847,40.803967],[-73.967313,40.803324],[-73.967465,40.803121],[-73.96758199999998,40.802929],[-73.967649,40.802781],[-73.967719,40.802605],[-73.967789,40.802298],[-73.967832,40.80198399999999],[-73.967929,40.80087],[-73.96798,40.80051],[-73.968082,40.800124],[-73.96815958469506,40.79991064208856],[-73.96819085200181,40.799829242969764],[-73.96822495884486,40.79974850205128],[-73.96826154553655,40.79966835093754],[-73.96830025238926,40.799588721232894],[-73.96834071971531,40.79950954454175],[-73.96838258782707,40.7994307524685],[-73.96842549703688,40.79935227661753],[-73.96846908765706,40.79927404859324],[-73.968513,40.799196]]},"properties":{"routes":["1"],"direction":"S","colors":["#D82233"],"colorCount":1,"color0":"#D82233","color1":"","color2":""}},{"type":"Feature","geometry":{"type":"LineString","coordinates":[[-73.96837899999998,40.799446],[-73.96837899999998,40.799446],[-73.96840999999999,40.799386],[-73.968441,40.799326],[-73.968474,40.799264],[-73.96850899999998,40.799203],[-73.968513,40.799196]]},"properties":{"routes":["1"],"direction":"S","colors":["#D82233"],"colorCount":1,"color0":"#D82233","color1":"","color2":""}},{"type":"Feature","geometry":{"type":"LineString","coordinates":[[-73.968513,40.799196],[-73.968544,40.799141],[-73.96858199999998,40.799079],[-73.96862,40.799016],[-73.96866,40.79895400000001],[-73.968702,40.79889],[-73.968745,40.798827],[-73.968789,40.79876300000001],[-73.968835,40.798699],[-73.968882,40.798635],[-73.968931,40.79857],[-73.96898,40.798506],[-73.972265,40.794005],[-73.972323,40.79391900000001]]},"properties":{"routes":["1","2","3"],"direction":"S","colors":["#D82233"],"colorCount":1,"color0":"#D82233","color1":"","color2":""}},{"type":"Feature","geometry":{"type":"LineString","coordinates":[[-73.972323,40.79391900000001],[-73.972323,40.79391900000001],[-73.975942,40.788956999999996],[-73.976218,40.78864399999999]]},"properties":{"routes":["1","2","3"],"direction":"S","colors":["#D82233"],"colorCount":1,"color0":"#D82233","color1":"","color2":""}},{"type":"Feature","geometry":{"type":"LineString","coordinates":[[-73.979917,40.783933999999995],[-73.979917,40.783933999999995],[-73.980371,40.783313],[-73.980473,40.783149],[-73.980572,40.78297],[-73.980664,40.782794],[-73.980748,40.782621999999996],[-73.980847,40.78237399999999],[-73.980924,40.78215500000001],[-73.98131399999998,40.780996],[-73.981757,40.779426],[-73.981906,40.778822],[-73.98197,40.778453]]},"properties":{"routes":["1","2","3"],"direction":"S","colors":["#D82233"],"colorCount":1,"color0":"#D82233","color1":"","color2":""}},{"type":"Feature","geometry":{"type":"LineString","coordinates":[[-73.976218,40.78864399999999],[-73.976218,40.78864399999999],[-73.977107,40.787601],[-73.977656,40.786953],[-73.979917,40.783933999999995]]},"properties":{"routes":["1","2","3"],"direction":"S","colors":["#D82233"],"colorCount":1,"color0":"#D82233","color1":"","color2":""}},{"type":"Feature","geometry":{"type":"LineString","coordinates":[[-73.983849,40.761728],[-73.983849,40.761728],[-73.98429399999999,40.76104000000001],[-73.98444399999998,40.760821],[-73.984577,40.760592],[-73.98472499999998,40.760283],[-73.984841,40.760017],[-73.98495899999999,40.759714],[-73.985063,40.75940500000001],[-73.98533,40.758630999999994],[-73.985421,40.758374999999994],[-73.985512,40.758156],[-73.985569,40.758014],[-73.985638,40.75788],[-73.985709,40.757758],[-73.985786,40.757638],[-73.986009,40.757342],[-73.98749499999998,40.755289999999995]]},"properties":{"routes":["1","2","3"],"direction":"S","colors":["#D82233"],"colorCount":1,"color0":"#D82233","color1":"","color2":""}},{"type":"Feature","geometry":{"type":"LineString","coordinates":[[-73.981929,40.768247],[-73.981929,40.768247],[-73.981781,40.767895],[-73.981745,40.767778],[-73.981718,40.767681],[-73.981697,40.767561],[-73.981694,40.76744],[-73.981689,40.767323999999995],[-73.981702,40.767172],[-73.981755,40.766808000000005],[-73.98191,40.765808],[-73.98197699999999,40.765461],[-73.982063,40.765125],[-73.98215599999999,40.764821],[-73.98232,40.764386],[-73.98246399999998,40.764029],[-73.982626,40.763714],[-73.982793,40.763412],[-73.983038,40.76298],[-73.98335799999998,40.762485999999996],[-73.983849,40.761728]]},"properties":{"routes":["1","2","3"],"direction":"S","colors":["#D82233"],"colorCount":1,"color0":"#D82233","color1":"","color2":""}},{"type":"Feature","geometry":{"type":"LineString","coordinates":[[-73.982209,40.77344],[-73.982209,40.77344],[-73.982098,40.769222],[-73.982088,40.768794],[-73.982078,40.768694999999994],[-73.982053,40.768582],[-73.982012,40.768454],[-73.981929,40.768247]]},"properties":{"routes":["1","2","3"],"direction":"S","colors":["#D82233"],"colorCount":1,"color0":"#D82233","color1":"","color2":""}},{"type":"Feature","geometry":{"type":"LineString","coordinates":[[-73.98197,40.778453],[-73.98197,40.778453],[-73.982008,40.778211],[-73.982058,40.777869],[-73.982091,40.777496],[-73.982212,40.774166],[-73.982209,40.77344]]},"properties":{"routes":["1","2","3"],"direction":"S","colors":["#D82233"],"colorCount":1,"color0":"#D82233","color1":"","color2":""}},{"type":"Feature","geometry":{"type":"LineString","coordinates":[[-73.98749499999998,40.755289999999995],[-73.98749499999998,40.755289999999995],[-73.991057,40.750373]]},"properties":{"routes":["1","2","3"],"direction":"S","colors":["#D82233"],"colorCount":1,"color0":"#D82233","color1":"","color2":""}},{"type":"Feature","geometry":{"type":"LineString","coordinates":[[-73.997871,40.741040000000005],[-73.997871,40.741040000000005],[-74.000201,40.737826]]},"properties":{"routes":["1","2","3"],"direction":"S","colors":["#D82233"],"colorCount":1,"color0":"#D82233","color1":"","color2":""}},{"type":"Feature","geometry":{"type":"LineString","coordinates":[[-73.991057,40.750373],[-73.991057,40.750373],[-73.993365,40.747215]]},"properties":{"routes":["1","2","3"],"direction":"S","colors":["#D82233"],"colorCount":1,"color0":"#D82233","color1":"","color2":""}},{"type":"Feature","geometry":{"type":"LineString","coordinates":[[-73.993365,40.747215],[-73.993365,40.747215],[-73.995657,40.744081]]},"properties":{"routes":["1","2","3"],"direction":"S","colors":["#D82233"],"colorCount":1,"color0":"#D82233","color1":"","color2":""}},{"type":"Feature","geometry":{"type":"LineString","coordinates":[[-73.995657,40.744081],[-73.995657,40.744081],[-73.997871,40.741040000000005]]},"properties":{"routes":["1","2","3"],"direction":"S","colors":["#D82233"],"colorCount":1,"color0":"#D82233","color1":"","color2":""}},{"type":"Feature","geometry":{"type":"LineString","coordinates":[[-74.002906,40.733422],[-74.002906,40.733422],[-74.004682,40.730321],[-74.004935,40.729881],[-74.005062,40.729642],[-74.005112,40.729532000000006],[-74.00516,40.72941399999999],[-74.005197,40.729283],[-74.005221,40.729169],[-74.00526,40.728935],[-74.005367,40.728251]]},"properties":{"routes":["1","2","3"],"direction":"S","colors":["#D82233"],"colorCount":1,"color0":"#D82233","color1":"","color2":""}},{"type":"Feature","geometry":{"type":"LineString","coordinates":[[-74.005367,40.728251],[-74.005367,40.728251],[-74.006277,40.722854]]},"properties":{"routes":["1","2","3"],"direction":"S","colors":["#D82233"],"colorCount":1,"color0":"#D82233","color1":"","color2":""}},{"type":"Feature","geometry":{"type":"LineString","coordinates":[[-74.000201,40.737826],[-74.000201,40.737826],[-74.00097299999999,40.736761],[-74.001089,40.736585],[-74.001229,40.736358],[-74.001345,40.736162],[-74.001452,40.735973],[-74.002906,40.733422]]},"properties":{"routes":["1","2","3"],"direction":"S","colors":["#D82233"],"colorCount":1,"color0":"#D82233","color1":"","color2":""}},{"type":"Feature","geometry":{"type":"LineString","coordinates":[[-74.006886,40.719318],[-74.006886,40.719318],[-74.007031,40.718563],[-74.007038,40.718523],[-74.007046,40.718484],[-74.007055,40.718446],[-74.007066,40.718408],[-74.007077,40.71837],[-74.007089,40.718334],[-74.00710299999999,40.718298000000004],[-74.007117,40.718262],[-74.007133,40.718228],[-74.00714999999998,40.718193],[-74.007167,40.718160000000005],[-74.007186,40.718127],[-74.007206,40.718095000000005],[-74.007227,40.718063],[-74.007249,40.718031999999994],[-74.009266,40.715478]]},"properties":{"routes":["1","2","3"],"direction":"S","colors":["#D82233"],"colorCount":1,"color0":"#D82233","color1":"","color2":""}},{"type":"Feature","geometry":{"type":"LineString","coordinates":[[-74.006277,40.722854],[-74.006277,40.722854],[-74.006886,40.719318]]},"properties":{"routes":["1","2","3"],"direction":"S","colors":["#D82233"],"colorCount":1,"color0":"#D82233","color1":"","color2":""}},{"type":"Feature","geometry":{"type":"LineString","coordinates":[[-74.009266,40.715478],[-74.009266,40.715478],[-74.009299,40.715437],[-74.010188,40.714302999999994],[-74.010473,40.713961],[-74.010555,40.713862]]},"properties":{"routes":["1","2","3"],"direction":"S","colors":["#D82233"],"colorCount":1,"color0":"#D82233","color1":"","color2":""}},{"type":"Feature","geometry":{"type":"LineString","coordinates":[[-74.010555,40.713862],[-74.010573,40.713841],[-74.01084799999998,40.713482],[-74.010865,40.713463],[-74.010882,40.71344400000001],[-74.01089899999998,40.713425],[-74.010917,40.713406],[-74.010935,40.713388],[-74.010953,40.713369],[-74.01097199999998,40.713351],[-74.010992,40.713333],[-74.011011,40.713315],[-74.011032,40.713298],[-74.01105199999999,40.71328],[-74.011073,40.713263000000005],[-74.011094,40.713246],[-74.011116,40.713229],[-74.011138,40.713212],[-74.011667,40.712783],[-74.01171,40.712743],[-74.011751,40.712702],[-74.011791,40.71266],[-74.011828,40.712618],[-74.011864,40.712574],[-74.01189699999999,40.71253000000001],[-74.011929,40.712486],[-74.011959,40.71244],[-74.011986,40.71239400000001],[-74.012012,40.712348],[-74.012035,40.7123],[-74.012057,40.712252],[-74.012076,40.71220300000001],[-74.012094,40.71215399999999],[-74.012108,40.712105],[-74.012188,40.711835]]},"properties":{"routes":["1"],"direction":"S","colors":["#D82233"],"colorCount":1,"color0":"#D82233","color1":"","color2":""}},{"type":"Feature","geometry":{"type":"LineString","coordinates":[[-74.012188,40.711835],[-74.012188,40.711835],[-74.012259,40.71156499999999],[-74.012375,40.711112],[-74.012529,40.7105],[-74.012648,40.710132],[-74.013471,40.708242],[-74.013783,40.70751299999999]]},"properties":{"routes":["1"],"direction":"S","colors":["#D82233"],"colorCount":1,"color0":"#D82233","color1":"","color2":""}},{"type":"Feature","geometry":{"type":"LineString","coordinates":[[-74.013783,40.70751299999999],[-74.013783,40.70751299999999],[-74.01483,40.70509199999999],[-74.015052,40.704568],[-74.015065,40.704541],[-74.015076,40.704514],[-74.015086,40.704487],[-74.015094,40.704461],[-74.015102,40.704434000000006],[-74.015109,40.704407],[-74.015115,40.70438],[-74.015119,40.704354],[-74.015123,40.704327],[-74.015125,40.704299999999996],[-74.015127,40.704274],[-74.015127,40.704247],[-74.01512599999998,40.704221],[-74.015125,40.704194],[-74.015122,40.704167999999996],[-74.015041,40.703625],[-74.015035,40.703596],[-74.015028,40.703566],[-74.015019,40.703536],[-74.015009,40.703506],[-74.014997,40.703477],[-74.014983,40.703448],[-74.014968,40.703419],[-74.014952,40.703391],[-74.014933,40.703363],[-74.014914,40.703335],[-74.014893,40.70330700000001],[-74.01487,40.70328],[-74.014846,40.703253],[-74.01482,40.703226],[-74.014792,40.70319899999999],[-74.013664,40.702068]]},"properties":{"routes":["1"],"direction":"S","colors":["#D82233"],"colorCount":1,"color0":"#D82233","color1":"","color2":""}},{"type":"Feature","geometry":{"type":"LineString","coordinates":[[-73.94764199999999,40.632836],[-73.94841099999998,40.639967]]},"properties":{"routes":["2","5"],"direction":"N","colors":["#009952","#D82233"],"colorCount":2,"color0":"#009952","color1":"#D82233","color2":""}},{"type":"Feature","geometry":{"type":"LineString","coordinates":[[-73.94841099999998,40.639967],[-73.94841099999998,40.639967],[-73.948959,40.645098]]},"properties":{"routes":["2","5"],"direction":"N","colors":["#009952","#D82233"],"colorCount":2,"color0":"#009952","color1":"#D82233","color2":""}},{"type":"Feature","geometry":{"type":"LineString","coordinates":[[-73.948959,40.645098],[-73.948959,40.645098],[-73.949575,40.650843]]},"properties":{"routes":["2","5"],"direction":"N","colors":["#009952","#D82233"],"colorCount":2,"color0":"#009952","color1":"#D82233","color2":""}},{"type":"Feature","geometry":{"type":"LineString","coordinates":[[-73.949575,40.650843],[-73.949575,40.650843],[-73.9502,40.656652]]},"properties":{"routes":["2","5"],"direction":"N","colors":["#009952","#D82233"],"colorCount":2,"color0":"#009952","color1":"#D82233","color2":""}},{"type":"Feature","geometry":{"type":"LineString","coordinates":[[-73.9502,40.656652],[-73.9502,40.656652],[-73.95085,40.662742]]},"properties":{"routes":["2","5"],"direction":"N","colors":["#009952","#D82233"],"colorCount":2,"color0":"#009952","color1":"#D82233","color2":""}},{"type":"Feature","geometry":{"type":"LineString","coordinates":[[-73.95085,40.662742],[-73.95085,40.662742],[-73.950967,40.663927],[-73.950974,40.663989],[-73.95098,40.664053],[-73.95098499999999,40.66412],[-73.95098899999999,40.664189],[-73.950991,40.66426],[-73.950992,40.664333],[-73.950992,40.664409],[-73.95099,40.664486999999994],[-73.950987,40.664568],[-73.950983,40.66465],[-73.950978,40.664735],[-73.950971,40.664823],[-73.950963,40.664912],[-73.95095399999998,40.665004],[-73.950942,40.665098],[-73.950683,40.667882999999996]]},"properties":{"routes":["2","5"],"direction":"N","colors":["#009952","#D82233"],"colorCount":2,"color0":"#009952","color1":"#D82233","color2":""}},{"type":"Feature","geometry":{"type":"LineString","coordinates":[[-73.950683,40.667882999999996],[-73.950683,40.667882999999996],[-73.950632,40.66846600000001],[-73.950569,40.66912],[-73.950559,40.669213],[-73.950557,40.6693],[-73.95056718759497,40.66936347655326],[-73.95057886384487,40.669430401128416],[-73.9505940973716,40.66950258200504],[-73.95061420193167,40.66957667242207],[-73.95064049128159,40.66964932561847],[-73.95067427917785,40.669717194833204],[-73.95071687937691,40.669776933305215],[-73.95076960563532,40.669825194273486],[-73.95083377170954,40.669858630976954],[-73.95091069135607,40.6698738966546]]},"properties":{"routes":["2","5"],"direction":"N","colors":["#009952","#D82233"],"colorCount":2,"color0":"#009952","color1":"#D82233","color2":""}},{"type":"Feature","geometry":{"type":"LineString","coordinates":[[-73.950466,40.669847000000004],[-73.950466,40.669847000000004],[-73.951706,40.66992199999999],[-73.954713,40.670083],[-73.954983,40.670096],[-73.955258,40.670118],[-73.955542,40.670157],[-73.95582299999998,40.670208],[-73.958131,40.670682]]},"properties":{"routes":["2","3","4","5"],"direction":"N","colors":["#009952","#D82233"],"colorCount":2,"color0":"#009952","color1":"#D82233","color2":""}},{"type":"Feature","geometry":{"type":"LineString","coordinates":[[-73.964375,40.671987],[-73.964375,40.671987],[-73.968465,40.672915],[-73.968631,40.672955],[-73.968779,40.67299899999999],[-73.96894699999999,40.673056],[-73.969088,40.673120999999995],[-73.969259,40.673208],[-73.969397,40.673299],[-73.969546,40.673414],[-73.969694,40.673552],[-73.969806,40.673679],[-73.97104599999999,40.675235]]},"properties":{"routes":["2","3","4","5","B","Q"],"direction":"N","colors":["#009952","#D82233","#EB6800","#F6BC26"],"colorCount":4,"color0":"#009952","color1":"#D82233","color2":"#EB6800"}},{"type":"Feature","geometry":{"type":"LineString","coordinates":[[-73.958131,40.670682],[-73.958131,40.670682],[-73.964375,40.671987]]},"properties":{"routes":["2","3","4","5","B","Q"],"direction":"N","colors":["#009952","#D82233","#EB6800","#F6BC26"],"colorCount":4,"color0":"#009952","color1":"#D82233","color2":"#EB6800"}},{"type":"Feature","geometry":{"type":"LineString","coordinates":[[-73.972367,40.67705],[-73.972367,40.67705],[-73.974939,40.680596]]},"properties":{"routes":["2","3","4","5","B","Q"],"direction":"N","colors":["#009952","#D82233","#EB6800","#F6BC26"],"colorCount":4,"color0":"#009952","color1":"#D82233","color2":"#EB6800"}},{"type":"Feature","geometry":{"type":"LineString","coordinates":[[-73.975098,40.680828999999996],[-73.975098,40.680828999999996],[-73.977103,40.683584999999994]]},"properties":{"routes":["2","3","4","5","B","Q"],"direction":"N","colors":["#009952","#D82233","#EB6800","#F6BC26"],"colorCount":4,"color0":"#009952","color1":"#D82233","color2":"#EB6800"}},{"type":"Feature","geometry":{"type":"LineString","coordinates":[[-73.971198,40.675444],[-73.972225,40.676863]]},"properties":{"routes":["2","3","4","5","B","Q"],"direction":"N","colors":["#009952","#D82233","#EB6800","#F6BC26"],"colorCount":4,"color0":"#009952","color1":"#D82233","color2":"#EB6800"}},{"type":"Feature","geometry":{"type":"LineString","coordinates":[[-73.977085,40.68356],[-73.977666,40.68435900000001]]},"properties":{"routes":["2","3","4","5"],"direction":"N","colors":["#009952","#D82233"],"colorCount":2,"color0":"#009952","color1":"#D82233","color2":""}},{"type":"Feature","geometry":{"type":"LineString","coordinates":[[-73.977666,40.68435900000001],[-73.977666,40.68435900000001],[-73.978708,40.685781],[-73.98049199999998,40.688246]]},"properties":{"routes":["2","3","4","5"],"direction":"N","colors":["#009952","#D82233"],"colorCount":2,"color0":"#009952","color1":"#D82233","color2":""}},{"type":"Feature","geometry":{"type":"LineString","coordinates":[[-73.98049199999998,40.688246],[-73.98049199999998,40.688246],[-73.980654,40.688475],[-73.980697,40.688533],[-73.98074,40.688593],[-73.980785,40.688649],[-73.980833,40.688705],[-73.980884,40.688757],[-73.980941,40.688808],[-73.981001,40.688856],[-73.981065,40.688902],[-73.981133,40.688945000000004],[-73.981205,40.688987],[-73.98128,40.689027],[-73.98136,40.689062],[-73.981444,40.689096],[-73.981529,40.689130000000006],[-73.981616,40.689164],[-73.985065,40.690545]]},"properties":{"routes":["2","3","4","5"],"direction":"N","colors":["#009952","#D82233"],"colorCount":2,"color0":"#009952","color1":"#D82233","color2":""}},{"type":"Feature","geometry":{"type":"LineString","coordinates":[[-73.985255,40.690621],[-73.989185,40.692195],[-73.98923,40.69221099999999],[-73.989278,40.692226],[-73.989328,40.692242],[-73.989382,40.692257],[-73.989438,40.692271],[-73.989497,40.692286],[-73.989558,40.6923],[-73.989623,40.692314],[-73.98969,40.692328],[-73.989691,40.692328]]},"properties":{"routes":["2","3","4","5"],"direction":"N","colors":["#009952","#D82233"],"colorCount":2,"color0":"#009952","color1":"#D82233","color2":""}},{"type":"Feature","geometry":{"type":"LineString","coordinates":[[-73.9894649343366,40.692277847712695],[-73.98953216377241,40.69230426166981],[-73.9895848359791,40.69234350702845],[-73.98962562023527,40.692393095823725],[-73.9896571858195,40.69245054009075],[-73.98968220201039,40.692513351864626],[-73.98970333808647,40.69257904318046],[-73.98972326332637,40.69264512607337],[-73.98974464700868,40.69270911257847],[-73.98977015841194,40.692768514730865],[-73.989998,40.693219]]},"properties":{"routes":["2","3"],"direction":"N","colors":["#D82233"],"colorCount":1,"color0":"#D82233","color1":"","color2":""}},{"type":"Feature","geometry":{"type":"LineString","coordinates":[[-73.989998,40.693219],[-73.989998,40.693219],[-73.990338,40.693904999999994],[-73.990356,40.693941],[-73.990373,40.693977],[-73.99039,40.694013],[-73.990407,40.69405],[-73.990423,40.694087],[-73.990439,40.694124],[-73.990454,40.694162],[-73.99047,40.6942],[-73.990484,40.69423799999999],[-73.99049899999999,40.694277],[-73.990513,40.694316],[-73.99052599999999,40.694355],[-73.99054,40.694394],[-73.990552,40.694434],[-73.990565,40.694474],[-73.991156,40.69637],[-73.991177,40.696442],[-73.9912,40.69651300000001],[-73.991225,40.696579],[-73.991255,40.69664300000001],[-73.991288,40.696705],[-73.991329,40.696763],[-73.991374,40.696818],[-73.99142299999998,40.69687],[-73.991477,40.696918],[-73.991536,40.696964],[-73.991599,40.697007],[-73.991667,40.697046],[-73.99174,40.697083],[-73.991816,40.697115999999994],[-73.991897,40.697148],[-73.992018,40.69718],[-73.993086,40.697466]]},"properties":{"routes":["2","3"],"direction":"N","colors":["#D82233"],"colorCount":1,"color0":"#D82233","color1":"","color2":""}},{"type":"Feature","geometry":{"type":"LineString","coordinates":[[-73.993086,40.697466],[-73.993086,40.697466],[-74.00291,40.700174],[-74.003652,40.700423],[-74.00426,40.700635],[-74.00471,40.700828],[-74.005185,40.701068],[-74.00565899999998,40.70134500000001],[-74.006073,40.701603],[-74.00650799999998,40.701924],[-74.00712699999998,40.702464000000006],[-74.009504,40.704571],[-74.009737,40.70477],[-74.00989199999998,40.70497],[-74.009957,40.705083],[-74.009987,40.705177],[-74.009996,40.70528100000001],[-74.009981,40.70538],[-74.009938,40.705567],[-74.009889,40.705735],[-74.009801,40.705922],[-74.00966999999999,40.706141],[-74.00948799999999,40.706375],[-74.0091,40.706821]]},"properties":{"routes":["2","3"],"direction":"N","colors":["#D82233"],"colorCount":1,"color0":"#D82233","color1":"","color2":""}},{"type":"Feature","geometry":{"type":"LineString","coordinates":[[-74.0091,40.706821],[-74.0091,40.706821],[-74.008592,40.707382],[-74.008172,40.707811],[-74.006571,40.70941599999999]]},"properties":{"routes":["2","3"],"direction":"N","colors":["#D82233"],"colorCount":1,"color0":"#D82233","color1":"","color2":""}},{"type":"Feature","geometry":{"type":"LineString","coordinates":[[-74.006571,40.70941599999999],[-74.006571,40.70941599999999],[-74.005869,40.710148],[-74.005836,40.710195],[-74.005803,40.710254],[-74.005777,40.710315],[-74.00576299999999,40.710376],[-74.005761,40.710437],[-74.005772,40.710496],[-74.005805,40.710559],[-74.005848,40.71062],[-74.005949,40.710726],[-74.006854,40.711582],[-74.006954,40.711684999999996],[-74.007035,40.711788],[-74.007289,40.712145],[-74.007371,40.712239],[-74.007453,40.712337],[-74.007548,40.712431],[-74.007667,40.712519],[-74.007813,40.712596],[-74.007962,40.712663],[-74.008811,40.713051]]},"properties":{"routes":["2","3"],"direction":"N","colors":["#D82233"],"colorCount":1,"color0":"#D82233","color1":"","color2":""}},{"type":"Feature","geometry":{"type":"LineString","coordinates":[[-74.008811,40.713051],[-74.008811,40.713051],[-74.010029,40.71359799999999],[-74.01008804664221,40.71362414922727],[-74.01015037783982,40.71365817050326],[-74.01021302596116,40.71369966450733],[-74.01027273029815,40.71374702881616],[-74.01032623014277,40.713798661006436],[-74.01037026478687,40.71385295865484],[-74.01040157352243,40.71390831933807],[-74.01041689564137,40.71396314063279],[-74.0104129704356,40.714015820115705],[-74.01038653719708,40.71406475536349]]},"properties":{"routes":["2","3"],"direction":"N","colors":["#D82233"],"colorCount":1,"color0":"#D82233","color1":"","color2":""}},{"type":"Feature","geometry":{"type":"LineString","coordinates":[[-73.9686160425858,40.79902256097616],[-73.96857252243979,40.799072719293115],[-73.9685131537611,40.79911022813417],[-73.96844105596773,40.79913750933271],[-73.96835934847768,40.799156984722075],[-73.96827115070894,40.799171076135586],[-73.9681795820795,40.799182205406616],[-73.96808776200734,40.799192794368516],[-73.96799880991047,40.79920526485462],[-73.96791584520689,40.79922203869828],[-73.967828,40.799244],[-73.96766399999998,40.799268],[-73.967495,40.799278],[-73.96732099999998,40.799272],[-73.967143,40.799251],[-73.96696,40.799215],[-73.966773,40.799164],[-73.966582,40.799099],[-73.962047,40.797184],[-73.961824,40.797093],[-73.961593,40.797002000000006],[-73.961388,40.796934],[-73.961185,40.79688999999999],[-73.96098399999998,40.79687200000001],[-73.960795,40.796883],[-73.960573,40.796904],[-73.956739,40.797535],[-73.95367599999999,40.798111000000006],[-73.95331,40.798177],[-73.95300799999998,40.79825099999999],[-73.952702,40.798356],[-73.95246999999999,40.798469],[-73.952322,40.79856000000001],[-73.952174,40.798665],[-73.952007,40.798841],[-73.951822,40.799075]]},"properties":{"routes":["2","3"],"direction":"N","colors":["#D82233"],"colorCount":1,"color0":"#D82233","color1":"","color2":""}},{"type":"Feature","geometry":{"type":"LineString","coordinates":[[-73.951822,40.799075],[-73.951822,40.799075],[-73.949625,40.80209800000001]]},"properties":{"routes":["2","3"],"direction":"N","colors":["#D82233"],"colorCount":1,"color0":"#D82233","color1":"","color2":""}},{"type":"Feature","geometry":{"type":"LineString","coordinates":[[-73.949625,40.80209800000001],[-73.949625,40.80209800000001],[-73.945495,40.807754]]},"properties":{"routes":["2","3"],"direction":"N","colors":["#D82233"],"colorCount":1,"color0":"#D82233","color1":"","color2":""}},{"type":"Feature","geometry":{"type":"LineString","coordinates":[[-73.945495,40.807754],[-73.945495,40.807754],[-73.94077,40.814229]]},"properties":{"routes":["2","3"],"direction":"N","colors":["#D82233"],"colorCount":1,"color0":"#D82233","color1":"","color2":""}},{"type":"Feature","geometry":{"type":"LineString","coordinates":[[-73.94077,40.814229],[-73.94077,40.814229],[-73.937754,40.818371],[-73.93721,40.81911]]},"properties":{"routes":["2","3"],"direction":"N","colors":["#D82233"],"colorCount":1,"color0":"#D82233","color1":"","color2":""}},{"type":"Feature","geometry":{"type":"LineString","coordinates":[[-73.93729019232143,40.81900106226922],[-73.93723458842733,40.81905174833729],[-73.93716126222355,40.819083155812095],[-73.93707398026557,40.81909968574736],[-73.93697650910879,40.819105739196836],[-73.93687261530869,40.819105717214235],[-73.93676606542073,40.81910402085332],[-73.93666062600035,40.819105051167796],[-73.936560063603,40.8191132092114],[-73.93646814478413,40.81913289603789],[-73.93637799999999,40.81916100000001],[-73.93620199999998,40.819206],[-73.936023,40.819242],[-73.935839,40.81927],[-73.935651,40.819289],[-73.935458,40.819298999999994],[-73.93526,40.819298999999994],[-73.93150099999998,40.819335],[-73.931334,40.81933],[-73.931165,40.819322],[-73.930996,40.81931099999999],[-73.930827,40.819298],[-73.930657,40.819283],[-73.930486,40.819264],[-73.930316,40.819243],[-73.93014399999998,40.81922],[-73.929973,40.819194],[-73.929801,40.819165000000005],[-73.92962799999998,40.819134],[-73.929455,40.819100000000006],[-73.929282,40.819064],[-73.929108,40.81902500000001],[-73.928935,40.818984],[-73.92832199999998,40.818825]]},"properties":{"routes":["2"],"direction":"N","colors":["#D82233"],"colorCount":1,"color0":"#D82233","color1":"","color2":""}},{"type":"Feature","geometry":{"type":"LineString","coordinates":[[-73.92832199999998,40.818825],[-73.92778199999998,40.818685],[-73.926718,40.81841]]},"properties":{"routes":["2","5"],"direction":"N","colors":["#009952","#D82233"],"colorCount":2,"color0":"#009952","color1":"#D82233","color2":""}},{"type":"Feature","geometry":{"type":"LineString","coordinates":[[-73.926718,40.81841],[-73.926718,40.81841],[-73.917757,40.816109]]},"properties":{"routes":["2","5"],"direction":"N","colors":["#009952","#D82233"],"colorCount":2,"color0":"#009952","color1":"#D82233","color2":""}},{"type":"Feature","geometry":{"type":"LineString","coordinates":[[-73.891865,40.829993],[-73.891865,40.829993],[-73.891849,40.830113],[-73.89182999999998,40.830227],[-73.891793,40.830395],[-73.891704,40.830667],[-73.891611,40.830888],[-73.891469,40.831153],[-73.89134,40.831358],[-73.888195,40.836619],[-73.88806799999999,40.83683],[-73.88793899999999,40.837034],[-73.8878,40.837218],[-73.887734,40.837288]]},"properties":{"routes":["2","5"],"direction":"N","colors":["#009952","#D82233"],"colorCount":2,"color0":"#009952","color1":"#D82233","color2":""}},{"type":"Feature","geometry":{"type":"LineString","coordinates":[[-73.917757,40.816109],[-73.917757,40.816109],[-73.916675,40.815782],[-73.916492,40.815732],[-73.916277,40.815701999999995],[-73.915934,40.815684],[-73.91568,40.815699],[-73.915469,40.81574],[-73.915203,40.81582000000001],[-73.914951,40.815913],[-73.914835,40.815961],[-73.914728,40.816005],[-73.914448,40.816109],[-73.914233,40.81617099999999],[-73.91403,40.816201],[-73.913796,40.816213],[-73.913574,40.816201],[-73.913328,40.81618],[-73.912669,40.816113],[-73.91184199999998,40.816033000000004],[-73.911136,40.81597399999999],[-73.910726,40.815949],[-73.910364,40.815931],[-73.910082,40.815931],[-73.909808,40.815926],[-73.909395,40.815936],[-73.909111,40.815963],[-73.908903,40.816003],[-73.908682,40.816055],[-73.908375,40.816174],[-73.907807,40.816489999999995]]},"properties":{"routes":["2","5"],"direction":"N","colors":["#009952","#D82233"],"colorCount":2,"color0":"#009952","color1":"#D82233","color2":""}},{"type":"Feature","geometry":{"type":"LineString","coordinates":[[-73.887734,40.837288],[-73.887734,40.837288],[-73.88764999999998,40.837371],[-73.887544,40.837463],[-73.88718299999998,40.837713],[-73.88512,40.838935],[-73.884886,40.839063],[-73.884651,40.83916500000001],[-73.88444099999998,40.839252],[-73.884172,40.839342],[-73.883891,40.839419],[-73.883573,40.839484],[-73.883293,40.839521],[-73.88302999999999,40.839546],[-73.88259699999999,40.839566999999995],[-73.88219099999999,40.839591],[-73.881967,40.839613],[-73.881759,40.83964199999999],[-73.881408,40.839719],[-73.881149,40.839802],[-73.88084999999998,40.839913],[-73.880498,40.840057],[-73.880284,40.840155],[-73.880147,40.840229],[-73.880049,40.840295]]},"properties":{"routes":["2","5"],"direction":"N","colors":["#009952","#D82233"],"colorCount":2,"color0":"#009952","color1":"#D82233","color2":""}},{"type":"Feature","geometry":{"type":"LineString","coordinates":[[-73.893064,40.824073],[-73.893064,40.824073],[-73.892771,40.824223],[-73.892368,40.824431],[-73.892265,40.824494],[-73.892182,40.824554],[-73.892091,40.82464900000001],[-73.892021,40.824739],[-73.891978,40.824818],[-73.891946,40.824901],[-73.891929,40.824983],[-73.891922,40.825069],[-73.891924,40.825522],[-73.891875,40.829842],[-73.891865,40.829993]]},"properties":{"routes":["2","5"],"direction":"N","colors":["#009952","#D82233"],"colorCount":2,"color0":"#009952","color1":"#D82233","color2":""}},{"type":"Feature","geometry":{"type":"LineString","coordinates":[[-73.880049,40.840295],[-73.880049,40.840295],[-73.87989899999998,40.840415],[-73.879734,40.840583],[-73.879283,40.841051],[-73.879175,40.841151],[-73.879076,40.841205],[-73.878966,40.841245],[-73.878829,40.841273],[-73.878707,40.84127699999999],[-73.878599,40.841266999999995],[-73.878512,40.841249],[-73.878423,40.84121199999999],[-73.878219,40.84113],[-73.878027,40.841049],[-73.877782,40.840945],[-73.877644,40.840895],[-73.877474,40.840846],[-73.87733,40.840817],[-73.877172,40.840795],[-73.87701,40.840786],[-73.876841,40.840784],[-73.87662399999999,40.840801],[-73.876313,40.840847],[-73.874736,40.841121],[-73.874543,40.84117],[-73.87443,40.84120999999999],[-73.874329,40.841252],[-73.874215,40.84132400000001],[-73.87410899999999,40.841402],[-73.873488,40.841894]]},"properties":{"routes":["2","5"],"direction":"N","colors":["#009952","#D82233"],"colorCount":2,"color0":"#009952","color1":"#D82233","color2":""}},{"type":"Feature","geometry":{"type":"LineString","coordinates":[[-73.907807,40.816489999999995],[-73.907807,40.816489999999995],[-73.90594599999999,40.817578],[-73.905518,40.817813],[-73.905114,40.818004],[-73.90420999999999,40.8184],[-73.903268,40.818818],[-73.902687,40.819113],[-73.90177,40.819585]]},"properties":{"routes":["2","5"],"direction":"N","colors":["#009952","#D82233"],"colorCount":2,"color0":"#009952","color1":"#D82233","color2":""}},{"type":"Feature","geometry":{"type":"LineString","coordinates":[[-73.90177,40.819585],[-73.90177,40.819585],[-73.896736,40.82218099999999]]},"properties":{"routes":["2","5"],"direction":"N","colors":["#009952","#D82233"],"colorCount":2,"color0":"#009952","color1":"#D82233","color2":""}},{"type":"Feature","geometry":{"type":"LineString","coordinates":[[-73.896736,40.82218099999999],[-73.896736,40.82218099999999],[-73.893064,40.824073]]},"properties":{"routes":["2","5"],"direction":"N","colors":["#009952","#D82233"],"colorCount":2,"color0":"#009952","color1":"#D82233","color2":""}},{"type":"Feature","geometry":{"type":"LineString","coordinates":[[-73.873488,40.841894],[-73.873488,40.841894],[-73.87178999999999,40.84325],[-73.871389,40.843567],[-73.871028,40.84391],[-73.870857,40.844101],[-73.87071699999998,40.844293],[-73.870597,40.844505],[-73.870472,40.844767],[-73.870143,40.845525],[-73.869952,40.845968],[-73.869878,40.846084],[-73.869804,40.846191],[-73.869717,40.846327],[-73.869629,40.846454],[-73.869399,40.846768],[-73.869192,40.847056],[-73.86897499999999,40.847381],[-73.86889699999999,40.847477],[-73.86881599999998,40.847572],[-73.868781,40.84761]]},"properties":{"routes":["2","5"],"direction":"N","colors":["#009952","#D82233"],"colorCount":2,"color0":"#009952","color1":"#D82233","color2":""}},{"type":"Feature","geometry":{"type":"LineString","coordinates":[[-73.869104,40.847719],[-73.86845699999999,40.848828]]},"properties":{"routes":["2","5"],"direction":"N","colors":["#009952","#D82233"],"colorCount":2,"color0":"#009952","color1":"#D82233","color2":""}},{"type":"Feature","geometry":{"type":"LineString","coordinates":[[-73.86845699999999,40.848828],[-73.86845699999999,40.848828],[-73.868153,40.849338],[-73.867986,40.84962900000001],[-73.867921,40.849772],[-73.86787299999999,40.849929],[-73.867846,40.85007],[-73.867834,40.850249],[-73.86761499999999,40.857192]]},"properties":{"routes":["2","5"],"direction":"N","colors":["#009952","#D82233"],"colorCount":2,"color0":"#009952","color1":"#D82233","color2":""}},{"type":"Feature","geometry":{"type":"LineString","coordinates":[[-73.86761499999999,40.857192],[-73.86761499999999,40.857192],[-73.867352,40.865462]]},"properties":{"routes":["2","5"],"direction":"N","colors":["#009952","#D82233"],"colorCount":2,"color0":"#009952","color1":"#D82233","color2":""}},{"type":"Feature","geometry":{"type":"LineString","coordinates":[[-73.867352,40.865462],[-73.867352,40.865462],[-73.867164,40.871356]]},"properties":{"routes":["2","5"],"direction":"N","colors":["#009952","#D82233"],"colorCount":2,"color0":"#009952","color1":"#D82233","color2":""}},{"type":"Feature","geometry":{"type":"LineString","coordinates":[[-73.867164,40.871356],[-73.867164,40.871356],[-73.867025,40.875827],[-73.867016,40.87619],[-73.866997,40.876367],[-73.86697,40.876523],[-73.866928,40.876692999999996],[-73.866859,40.876861],[-73.866787,40.876988],[-73.866256,40.87785]]},"properties":{"routes":["2","5"],"direction":"N","colors":["#009952","#D82233"],"colorCount":2,"color0":"#009952","color1":"#D82233","color2":""}},{"type":"Feature","geometry":{"type":"LineString","coordinates":[[-73.866256,40.87785],[-73.866256,40.87785],[-73.863846,40.881715],[-73.862633,40.883895]]},"properties":{"routes":["2","5"],"direction":"N","colors":["#009952","#D82233"],"colorCount":2,"color0":"#009952","color1":"#D82233","color2":""}},{"type":"Feature","geometry":{"type":"LineString","coordinates":[[-73.862633,40.883895],[-73.862633,40.883895],[-73.860341,40.888022]]},"properties":{"routes":["2","5"],"direction":"N","colors":["#009952","#D82233"],"colorCount":2,"color0":"#009952","color1":"#D82233","color2":""}},{"type":"Feature","geometry":{"type":"LineString","coordinates":[[-73.860341,40.888022],[-73.860341,40.888022],[-73.857473,40.89319299999999]]},"properties":{"routes":["2","5"],"direction":"N","colors":["#009952","#D82233"],"colorCount":2,"color0":"#009952","color1":"#D82233","color2":""}},{"type":"Feature","geometry":{"type":"LineString","coordinates":[[-73.857473,40.89319299999999],[-73.857473,40.89319299999999],[-73.855124,40.897451],[-73.85494,40.897716],[-73.854784,40.8979],[-73.854376,40.898379]]},"properties":{"routes":["2","5"],"direction":"N","colors":["#009952","#D82233"],"colorCount":2,"color0":"#009952","color1":"#D82233","color2":""}},{"type":"Feature","geometry":{"type":"LineString","coordinates":[[-73.854376,40.898379],[-73.854376,40.898379],[-73.853333,40.89959499999999],[-73.853045,40.899929],[-73.852766,40.90026],[-73.85244699999998,40.900653],[-73.85233999999998,40.900798],[-73.852026,40.901261],[-73.851769,40.901669000000005],[-73.851628,40.901895],[-73.85151,40.902066],[-73.85136,40.902261],[-73.85062,40.903125]]},"properties":{"routes":["2"],"direction":"N","colors":["#D82233"],"colorCount":1,"color0":"#D82233","color1":"","color2":""}},{"type":"Feature","geometry":{"type":"LineString","coordinates":[[-73.85062,40.903125],[-73.85136,40.902261],[-73.85151,40.902066],[-73.851628,40.901895],[-73.851769,40.901669000000005],[-73.852026,40.901261],[-73.85233999999998,40.900798],[-73.85244699999998,40.900653],[-73.852766,40.90026],[-73.853045,40.899929],[-73.853333,40.89959499999999],[-73.854376,40.898379]]},"properties":{"routes":["2"],"direction":"S","colors":["#D82233"],"colorCount":1,"color0":"#D82233","color1":"","color2":""}},{"type":"Feature","geometry":{"type":"LineString","coordinates":[[-73.854376,40.898379],[-73.854376,40.898379],[-73.854784,40.8979],[-73.85494,40.897716],[-73.855124,40.897451],[-73.857473,40.89319299999999]]},"properties":{"routes":["2","5"],"direction":"S","colors":["#009952","#D82233"],"colorCount":2,"color0":"#009952","color1":"#D82233","color2":""}},{"type":"Feature","geometry":{"type":"LineString","coordinates":[[-73.857473,40.89319299999999],[-73.857473,40.89319299999999],[-73.860341,40.888022]]},"properties":{"routes":["2","5"],"direction":"S","colors":["#009952","#D82233"],"colorCount":2,"color0":"#009952","color1":"#D82233","color2":""}},{"type":"Feature","geometry":{"type":"LineString","coordinates":[[-73.860341,40.888022],[-73.860341,40.888022],[-73.862633,40.883895]]},"properties":{"routes":["2","5"],"direction":"S","colors":["#009952","#D82233"],"colorCount":2,"color0":"#009952","color1":"#D82233","color2":""}},{"type":"Feature","geometry":{"type":"LineString","coordinates":[[-73.862633,40.883895],[-73.862633,40.883895],[-73.863846,40.881715],[-73.866256,40.87785]]},"properties":{"routes":["2","5"],"direction":"S","colors":["#009952","#D82233"],"colorCount":2,"color0":"#009952","color1":"#D82233","color2":""}},{"type":"Feature","geometry":{"type":"LineString","coordinates":[[-73.866256,40.87785],[-73.866256,40.87785],[-73.866787,40.876988],[-73.866859,40.876861],[-73.866928,40.876692999999996],[-73.86697,40.876523],[-73.866997,40.876367],[-73.867016,40.87619],[-73.867025,40.875827],[-73.867164,40.871356]]},"properties":{"routes":["2","5"],"direction":"S","colors":["#009952","#D82233"],"colorCount":2,"color0":"#009952","color1":"#D82233","color2":""}},{"type":"Feature","geometry":{"type":"LineString","coordinates":[[-73.867164,40.871356],[-73.867164,40.871356],[-73.867352,40.865462]]},"properties":{"routes":["2","5"],"direction":"S","colors":["#009952","#D82233"],"colorCount":2,"color0":"#009952","color1":"#D82233","color2":""}},{"type":"Feature","geometry":{"type":"LineString","coordinates":[[-73.867352,40.865462],[-73.867352,40.865462],[-73.86761499999999,40.857192]]},"properties":{"routes":["2","5"],"direction":"S","colors":["#009952","#D82233"],"colorCount":2,"color0":"#009952","color1":"#D82233","color2":""}},{"type":"Feature","geometry":{"type":"LineString","coordinates":[[-73.86761499999999,40.857192],[-73.86761499999999,40.857192],[-73.867834,40.850249],[-73.867846,40.85007],[-73.86787299999999,40.849929],[-73.867921,40.849772],[-73.867986,40.84962900000001],[-73.868153,40.849338],[-73.86845699999999,40.848828]]},"properties":{"routes":["2","5"],"direction":"S","colors":["#009952","#D82233"],"colorCount":2,"color0":"#009952","color1":"#D82233","color2":""}},{"type":"Feature","geometry":{"type":"LineString","coordinates":[[-73.86845699999999,40.848828],[-73.86845699999999,40.848828],[-73.869081,40.847759]]},"properties":{"routes":["2","5"],"direction":"S","colors":["#009952","#D82233"],"colorCount":2,"color0":"#009952","color1":"#D82233","color2":""}},{"type":"Feature","geometry":{"type":"LineString","coordinates":[[-73.869081,40.847759],[-73.869194,40.847565],[-73.869431,40.847153000000006],[-73.869609,40.846768],[-73.869952,40.845968],[-73.870143,40.845525],[-73.870472,40.844767],[-73.870597,40.844505],[-73.87071699999998,40.844293],[-73.870857,40.844101],[-73.871028,40.84391],[-73.871389,40.843567],[-73.87178999999999,40.84325],[-73.873488,40.841894]]},"properties":{"routes":["2","5"],"direction":"S","colors":["#009952","#D82233"],"colorCount":2,"color0":"#009952","color1":"#D82233","color2":""}},{"type":"Feature","geometry":{"type":"LineString","coordinates":[[-73.887734,40.837288],[-73.887734,40.837288],[-73.8878,40.837218],[-73.88793899999999,40.837034],[-73.88806799999999,40.83683],[-73.888195,40.836619],[-73.89134,40.831358],[-73.891469,40.831153],[-73.891611,40.830888],[-73.891704,40.830667],[-73.891793,40.830395],[-73.89182999999998,40.830227],[-73.891849,40.830113],[-73.891865,40.829993]]},"properties":{"routes":["2","5"],"direction":"S","colors":["#009952","#D82233"],"colorCount":2,"color0":"#009952","color1":"#D82233","color2":""}},{"type":"Feature","geometry":{"type":"LineString","coordinates":[[-73.907807,40.816489999999995],[-73.907807,40.816489999999995],[-73.908375,40.816174],[-73.908682,40.816055],[-73.908903,40.816003],[-73.909111,40.815963],[-73.909395,40.815936],[-73.909808,40.815926],[-73.910082,40.815931],[-73.910364,40.815931],[-73.910726,40.815949],[-73.911136,40.81597399999999],[-73.91184199999998,40.816033000000004],[-73.912669,40.816113],[-73.913328,40.81618],[-73.913574,40.816201],[-73.913796,40.816213],[-73.91403,40.816201],[-73.914233,40.81617099999999],[-73.914448,40.816109],[-73.914728,40.816005],[-73.914835,40.815961],[-73.914951,40.815913],[-73.915203,40.81582000000001],[-73.915469,40.81574],[-73.91568,40.815699],[-73.915934,40.815684],[-73.916277,40.815701999999995],[-73.916492,40.815732],[-73.916675,40.815782],[-73.917757,40.816109]]},"properties":{"routes":["2","5"],"direction":"S","colors":["#009952","#D82233"],"colorCount":2,"color0":"#009952","color1":"#D82233","color2":""}},{"type":"Feature","geometry":{"type":"LineString","coordinates":[[-73.880049,40.840295],[-73.880049,40.840295],[-73.880147,40.840229],[-73.880284,40.840155],[-73.880498,40.840057],[-73.88084999999998,40.839913],[-73.881149,40.839802],[-73.881408,40.839719],[-73.881759,40.83964199999999],[-73.881967,40.839613],[-73.88219099999999,40.839591],[-73.88259699999999,40.839566999999995],[-73.88302999999999,40.839546],[-73.883293,40.839521],[-73.883573,40.839484],[-73.883891,40.839419],[-73.884172,40.839342],[-73.88444099999998,40.839252],[-73.884651,40.83916500000001],[-73.884886,40.839063],[-73.88512,40.838935],[-73.88718299999998,40.837713],[-73.887544,40.837463],[-73.88764999999998,40.837371],[-73.887734,40.837288]]},"properties":{"routes":["2","5"],"direction":"S","colors":["#009952","#D82233"],"colorCount":2,"color0":"#009952","color1":"#D82233","color2":""}},{"type":"Feature","geometry":{"type":"LineString","coordinates":[[-73.891865,40.829993],[-73.891865,40.829993],[-73.891875,40.829842],[-73.891924,40.825522],[-73.891922,40.825069],[-73.891929,40.824983],[-73.891946,40.824901],[-73.891978,40.824818],[-73.892021,40.824739],[-73.892091,40.82464900000001],[-73.892182,40.824554],[-73.892265,40.824494],[-73.892368,40.824431],[-73.892771,40.824223],[-73.893064,40.824073]]},"properties":{"routes":["2","5"],"direction":"S","colors":["#009952","#D82233"],"colorCount":2,"color0":"#009952","color1":"#D82233","color2":""}},{"type":"Feature","geometry":{"type":"LineString","coordinates":[[-73.873488,40.841894],[-73.873488,40.841894],[-73.87410899999999,40.841402],[-73.874215,40.84132400000001],[-73.874329,40.841252],[-73.87443,40.84120999999999],[-73.874543,40.84117],[-73.874736,40.841121],[-73.876313,40.840847],[-73.87662399999999,40.840801],[-73.876841,40.840784],[-73.87701,40.840786],[-73.877172,40.840795],[-73.87733,40.840817],[-73.877474,40.840846],[-73.877644,40.840895],[-73.877782,40.840945],[-73.878027,40.841049],[-73.878219,40.84113],[-73.878423,40.84121199999999],[-73.878512,40.841249],[-73.878599,40.841266999999995],[-73.878707,40.84127699999999],[-73.878829,40.841273],[-73.878966,40.841245],[-73.879076,40.841205],[-73.879175,40.841151],[-73.879283,40.841051],[-73.879734,40.840583],[-73.87989899999998,40.840415],[-73.880049,40.840295]]},"properties":{"routes":["2","5"],"direction":"S","colors":["#009952","#D82233"],"colorCount":2,"color0":"#009952","color1":"#D82233","color2":""}},{"type":"Feature","geometry":{"type":"LineString","coordinates":[[-73.90177,40.819585],[-73.90177,40.819585],[-73.902687,40.819113],[-73.903268,40.818818],[-73.90420999999999,40.8184],[-73.905114,40.818004],[-73.905518,40.817813],[-73.90594599999999,40.817578],[-73.907807,40.816489999999995]]},"properties":{"routes":["2","5"],"direction":"S","colors":["#009952","#D82233"],"colorCount":2,"color0":"#009952","color1":"#D82233","color2":""}},{"type":"Feature","geometry":{"type":"LineString","coordinates":[[-73.896736,40.82218099999999],[-73.896736,40.82218099999999],[-73.90177,40.819585]]},"properties":{"routes":["2","5"],"direction":"S","colors":["#009952","#D82233"],"colorCount":2,"color0":"#009952","color1":"#D82233","color2":""}},{"type":"Feature","geometry":{"type":"LineString","coordinates":[[-73.893064,40.824073],[-73.893064,40.824073],[-73.896736,40.82218099999999]]},"properties":{"routes":["2","5"],"direction":"S","colors":["#009952","#D82233"],"colorCount":2,"color0":"#009952","color1":"#D82233","color2":""}},{"type":"Feature","geometry":{"type":"LineString","coordinates":[[-73.917757,40.816109],[-73.917757,40.816109],[-73.926718,40.81841]]},"properties":{"routes":["2","5"],"direction":"S","colors":["#009952","#D82233"],"colorCount":2,"color0":"#009952","color1":"#D82233","color2":""}},{"type":"Feature","geometry":{"type":"LineString","coordinates":[[-73.926718,40.81841],[-73.926718,40.81841],[-73.92778199999998,40.818685],[-73.92829199999998,40.818817]]},"properties":{"routes":["2","5"],"direction":"S","colors":["#009952","#D82233"],"colorCount":2,"color0":"#009952","color1":"#D82233","color2":""}},{"type":"Feature","geometry":{"type":"LineString","coordinates":[[-73.92829199999998,40.818817],[-73.928935,40.818984],[-73.929108,40.81902500000001],[-73.929282,40.819064],[-73.929455,40.819100000000006],[-73.92962799999998,40.819134],[-73.929801,40.819165000000005],[-73.929973,40.819194],[-73.93014399999998,40.81922],[-73.930316,40.819243],[-73.930486,40.819264],[-73.930657,40.819283],[-73.930827,40.819298],[-73.930996,40.81931099999999],[-73.931165,40.819322],[-73.931334,40.81933],[-73.93150099999998,40.819335],[-73.93526,40.819298999999994],[-73.935458,40.819298999999994],[-73.935651,40.819289],[-73.935839,40.81927],[-73.936023,40.819242],[-73.93620199999998,40.819206],[-73.93637799999999,40.81916100000001],[-73.93643863059417,40.81914209752064],[-73.93653201550353,40.8191225227998],[-73.93663435045869,40.81911532521331],[-73.93674176262999,40.81911584514301],[-73.93685037918777,40.81911942297063],[-73.93695632730245,40.81912139907801],[-73.93705573414434,40.819117113846936],[-73.93714472688386,40.81910190765919],[-73.93721943269131,40.819071120896574],[-73.9372759787371,40.819020093940885]]},"properties":{"routes":["2"],"direction":"S","colors":["#D82233"],"colorCount":1,"color0":"#D82233","color1":"","color2":""}},{"type":"Feature","geometry":{"type":"LineString","coordinates":[[-73.93717,40.819164],[-73.937754,40.818371],[-73.94077,40.814229]]},"properties":{"routes":["2","3"],"direction":"S","colors":["#D82233"],"colorCount":1,"color0":"#D82233","color1":"","color2":""}},{"type":"Feature","geometry":{"type":"LineString","coordinates":[[-73.94077,40.814229],[-73.94077,40.814229],[-73.945495,40.807754]]},"properties":{"routes":["2","3"],"direction":"S","colors":["#D82233"],"colorCount":1,"color0":"#D82233","color1":"","color2":""}},{"type":"Feature","geometry":{"type":"LineString","coordinates":[[-73.945495,40.807754],[-73.945495,40.807754],[-73.949625,40.80209800000001]]},"properties":{"routes":["2","3"],"direction":"S","colors":["#D82233"],"colorCount":1,"color0":"#D82233","color1":"","color2":""}},{"type":"Feature","geometry":{"type":"LineString","coordinates":[[-73.949625,40.80209800000001],[-73.949625,40.80209800000001],[-73.951822,40.799075]]},"properties":{"routes":["2","3"],"direction":"S","colors":["#D82233"],"colorCount":1,"color0":"#D82233","color1":"","color2":""}},{"type":"Feature","geometry":{"type":"LineString","coordinates":[[-73.951822,40.799075],[-73.951822,40.799075],[-73.952007,40.798841],[-73.952174,40.798665],[-73.952322,40.79856000000001],[-73.95246999999999,40.798469],[-73.952702,40.798356],[-73.95300799999998,40.79825099999999],[-73.95331,40.798177],[-73.95367599999999,40.798111000000006],[-73.956739,40.797535],[-73.960573,40.796904],[-73.960795,40.796883],[-73.96098399999998,40.79687200000001],[-73.961185,40.79688999999999],[-73.961388,40.796934],[-73.961593,40.797002000000006],[-73.961824,40.797093],[-73.962047,40.797184],[-73.966582,40.799099],[-73.966773,40.799164],[-73.96696,40.799215],[-73.967143,40.799251],[-73.96732099999998,40.799272],[-73.967495,40.799278],[-73.96766399999998,40.799268],[-73.967828,40.799244],[-73.9678777578948,40.7992315605263],[-73.96796261362583,40.79921515278181],[-73.96805410827508,40.799204278417236],[-73.96814890960447,40.79919614159162],[-73.96824368537585,40.799187946463995],[-73.9683351033511,40.79917689719337],[-73.96841983129205,40.799160197938775],[-73.96849453696063,40.799135052859235],[-73.96855588811866,40.799098666113764],[-73.96860055252805,40.799048241861385]]},"properties":{"routes":["2","3"],"direction":"S","colors":["#D82233"],"colorCount":1,"color0":"#D82233","color1":"","color2":""}},{"type":"Feature","geometry":{"type":"LineString","coordinates":[[-74.01042184192943,40.71402238968467],[-74.01044699765225,40.71397199856839],[-74.01044398844574,40.71391953587328],[-74.01041747388142,40.71386621861917],[-74.01037211353078,40.71381326382588],[-74.01031256696535,40.7137618885132],[-74.01024349375672,40.713713309700964],[-74.01016955347632,40.71366874440901],[-74.01009540569572,40.713629409657145],[-74.01002570998642,40.71359652246516],[-74.008811,40.713051]]},"properties":{"routes":["2","3"],"direction":"S","colors":["#D82233"],"colorCount":1,"color0":"#D82233","color1":"","color2":""}},{"type":"Feature","geometry":{"type":"LineString","coordinates":[[-74.008811,40.713051],[-74.008811,40.713051],[-74.007962,40.712663],[-74.007813,40.712596],[-74.007667,40.712519],[-74.007548,40.712431],[-74.007453,40.712337],[-74.007371,40.712239],[-74.007289,40.712145],[-74.007035,40.711788],[-74.006954,40.711684999999996],[-74.006854,40.711582],[-74.005949,40.710726],[-74.005848,40.71062],[-74.005805,40.710559],[-74.005772,40.710496],[-74.005761,40.710437],[-74.00576299999999,40.710376],[-74.005777,40.710315],[-74.005803,40.710254],[-74.005836,40.710195],[-74.005869,40.710148],[-74.006571,40.70941599999999]]},"properties":{"routes":["2","3"],"direction":"S","colors":["#D82233"],"colorCount":1,"color0":"#D82233","color1":"","color2":""}},{"type":"Feature","geometry":{"type":"LineString","coordinates":[[-74.006571,40.70941599999999],[-74.006571,40.70941599999999],[-74.008172,40.707811],[-74.008592,40.707382],[-74.0091,40.706821]]},"properties":{"routes":["2","3"],"direction":"S","colors":["#D82233"],"colorCount":1,"color0":"#D82233","color1":"","color2":""}},{"type":"Feature","geometry":{"type":"LineString","coordinates":[[-74.0091,40.706821],[-74.0091,40.706821],[-74.00948799999999,40.706375],[-74.00966999999999,40.706141],[-74.009801,40.705922],[-74.009889,40.705735],[-74.009938,40.705567],[-74.009981,40.70538],[-74.009996,40.70528100000001],[-74.009987,40.705177],[-74.009957,40.705083],[-74.00989199999998,40.70497],[-74.009737,40.70477],[-74.009504,40.704571],[-74.00712699999998,40.702464000000006],[-74.00650799999998,40.701924],[-74.006073,40.701603],[-74.00565899999998,40.70134500000001],[-74.005185,40.701068],[-74.00471,40.700828],[-74.00426,40.700635],[-74.003652,40.700423],[-74.00291,40.700174],[-73.993086,40.697466]]},"properties":{"routes":["2","3"],"direction":"S","colors":["#D82233"],"colorCount":1,"color0":"#D82233","color1":"","color2":""}},{"type":"Feature","geometry":{"type":"LineString","coordinates":[[-73.993086,40.697466],[-73.993086,40.697466],[-73.992018,40.69718],[-73.991897,40.697148],[-73.991816,40.697115999999994],[-73.99174,40.697083],[-73.991667,40.697046],[-73.991599,40.697007],[-73.991536,40.696964],[-73.991477,40.696918],[-73.99142299999998,40.69687],[-73.991374,40.696818],[-73.991329,40.696763],[-73.991288,40.696705],[-73.991255,40.69664300000001],[-73.991225,40.696579],[-73.9912,40.69651300000001],[-73.991177,40.696442],[-73.991156,40.69637],[-73.990565,40.694474],[-73.990552,40.694434],[-73.99054,40.694394],[-73.99052599999999,40.694355],[-73.990513,40.694316],[-73.99049899999999,40.694277],[-73.990484,40.69423799999999],[-73.99047,40.6942],[-73.990454,40.694162],[-73.990439,40.694124],[-73.990423,40.694087],[-73.990407,40.69405],[-73.99039,40.694013],[-73.990373,40.693977],[-73.990356,40.693941],[-73.990338,40.693904999999994],[-73.989998,40.693219]]},"properties":{"routes":["2","3"],"direction":"S","colors":["#D82233"],"colorCount":1,"color0":"#D82233","color1":"","color2":""}},{"type":"Feature","geometry":{"type":"LineString","coordinates":[[-73.989998,40.693219],[-73.989998,40.693219],[-73.989735,40.692699],[-73.98970899999999,40.692656],[-73.989682,40.692615],[-73.989653,40.692574],[-73.989623,40.692535],[-73.989591,40.692498],[-73.989557,40.692462],[-73.98952199999998,40.692427],[-73.989485,40.692393],[-73.98944699999998,40.692361],[-73.989421,40.692342]]},"properties":{"routes":["2","3"],"direction":"S","colors":["#D82233"],"colorCount":1,"color0":"#D82233","color1":"","color2":""}},{"type":"Feature","geometry":{"type":"LineString","coordinates":[[-73.985065,40.690545],[-73.985065,40.690545],[-73.981616,40.689164],[-73.981529,40.689130000000006],[-73.981444,40.689096],[-73.98136,40.689062],[-73.98128,40.689027],[-73.981205,40.688987],[-73.981133,40.688945000000004],[-73.981065,40.688902],[-73.981001,40.688856],[-73.980941,40.688808],[-73.980884,40.688757],[-73.980833,40.688705],[-73.980785,40.688649],[-73.98074,40.688593],[-73.980697,40.688533],[-73.980654,40.688475],[-73.98049199999998,40.688246]]},"properties":{"routes":["2","3","4","5"],"direction":"S","colors":["#009952","#D82233"],"colorCount":2,"color0":"#009952","color1":"#D82233","color2":""}},{"type":"Feature","geometry":{"type":"LineString","coordinates":[[-73.989421,40.692342],[-73.989407,40.692330999999996],[-73.989366,40.692301],[-73.989323,40.692273],[-73.989278,40.692246],[-73.989233,40.692221],[-73.989185,40.692195],[-73.985065,40.690545]]},"properties":{"routes":["2","3","4","5"],"direction":"S","colors":["#009952","#D82233"],"colorCount":2,"color0":"#009952","color1":"#D82233","color2":""}},{"type":"Feature","geometry":{"type":"LineString","coordinates":[[-73.98049199999998,40.688246],[-73.98049199999998,40.688246],[-73.978708,40.685781],[-73.977666,40.68435900000001]]},"properties":{"routes":["2","3","4","5"],"direction":"S","colors":["#009952","#D82233"],"colorCount":2,"color0":"#009952","color1":"#D82233","color2":""}},{"type":"Feature","geometry":{"type":"LineString","coordinates":[[-73.977666,40.68435900000001],[-73.977666,40.68435900000001],[-73.977093,40.683572]]},"properties":{"routes":["2","3","4","5"],"direction":"S","colors":["#009952","#D82233"],"colorCount":2,"color0":"#009952","color1":"#D82233","color2":""}},{"type":"Feature","geometry":{"type":"LineString","coordinates":[[-73.96437599999999,40.671987],[-73.964375,40.671987],[-73.958132,40.670682]]},"properties":{"routes":["2","3","4","5","B","Q"],"direction":"S","colors":["#009952","#D82233","#EB6800","#F6BC26"],"colorCount":4,"color0":"#009952","color1":"#D82233","color2":"#EB6800"}},{"type":"Feature","geometry":{"type":"LineString","coordinates":[[-73.974975,40.680647],[-73.972367,40.67705]]},"properties":{"routes":["2","3","4","5","B","Q"],"direction":"S","colors":["#009952","#D82233","#EB6800","#F6BC26"],"colorCount":4,"color0":"#009952","color1":"#D82233","color2":"#EB6800"}},{"type":"Feature","geometry":{"type":"LineString","coordinates":[[-73.969262,40.67321],[-73.969259,40.673208],[-73.969088,40.673120999999995],[-73.96894699999999,40.673056],[-73.968779,40.67299899999999],[-73.968631,40.672955],[-73.968465,40.672915],[-73.96466199999999,40.672052]]},"properties":{"routes":["2","3","4","5","B","Q"],"direction":"S","colors":["#009952","#D82233","#EB6800","#F6BC26"],"colorCount":4,"color0":"#009952","color1":"#D82233","color2":"#EB6800"}},{"type":"Feature","geometry":{"type":"LineString","coordinates":[[-73.977093,40.683572],[-73.975098,40.680828999999996]]},"properties":{"routes":["2","3","4","5","B","Q"],"direction":"S","colors":["#009952","#D82233","#EB6800","#F6BC26"],"colorCount":4,"color0":"#009952","color1":"#D82233","color2":"#EB6800"}},{"type":"Feature","geometry":{"type":"LineString","coordinates":[[-73.970911,40.675066],[-73.969806,40.673679],[-73.969694,40.673552],[-73.969546,40.673414],[-73.969397,40.673299],[-73.969262,40.67321]]},"properties":{"routes":["2","3","4","5","B","Q"],"direction":"S","colors":["#009952","#D82233","#EB6800","#F6BC26"],"colorCount":4,"color0":"#009952","color1":"#D82233","color2":"#EB6800"}},{"type":"Feature","geometry":{"type":"LineString","coordinates":[[-73.97217699999999,40.676796],[-73.971206,40.675456]]},"properties":{"routes":["2","3","4","5","B","Q"],"direction":"S","colors":["#009952","#D82233","#EB6800","#F6BC26"],"colorCount":4,"color0":"#009952","color1":"#D82233","color2":"#EB6800"}},{"type":"Feature","geometry":{"type":"LineString","coordinates":[[-73.958131,40.670682],[-73.958131,40.670682],[-73.95582299999998,40.670208],[-73.955542,40.670157],[-73.955258,40.670118],[-73.954983,40.670096],[-73.954713,40.670083],[-73.951706,40.66992199999999],[-73.950651,40.669858]]},"properties":{"routes":["2","3","4","5"],"direction":"S","colors":["#009952","#D82233"],"colorCount":2,"color0":"#009952","color1":"#D82233","color2":""}},{"type":"Feature","geometry":{"type":"LineString","coordinates":[[-73.9509096763898,40.66987369221701],[-73.95083275816242,40.66985840086982],[-73.950768622611,40.66982492180066],[-73.95071595415281,40.669776606108954],[-73.95067343720511,40.66971680489415],[-73.95063975618511,40.66964886925571],[-73.9506135955101,40.66957615029308],[-73.95059363959727,40.66950199910573],[-73.95057857286393,40.669429766793094],[-73.95056707972728,40.66936280445462],[-73.950557,40.6693],[-73.950559,40.669213],[-73.950569,40.66912],[-73.950632,40.66846600000001],[-73.950683,40.667882999999996]]},"properties":{"routes":["2","5"],"direction":"S","colors":["#009952","#D82233"],"colorCount":2,"color0":"#009952","color1":"#D82233","color2":""}},{"type":"Feature","geometry":{"type":"LineString","coordinates":[[-73.950683,40.667882999999996],[-73.950683,40.667882999999996],[-73.950942,40.665098],[-73.95095399999998,40.665004],[-73.950963,40.664912],[-73.950971,40.664823],[-73.950978,40.664735],[-73.950983,40.66465],[-73.950987,40.664568],[-73.95099,40.664486999999994],[-73.950992,40.664409],[-73.950992,40.664333],[-73.950991,40.66426],[-73.95098899999999,40.664189],[-73.95098499999999,40.66412],[-73.95098,40.664053],[-73.950974,40.663989],[-73.950967,40.663927],[-73.95085,40.662742]]},"properties":{"routes":["2","5"],"direction":"S","colors":["#009952","#D82233"],"colorCount":2,"color0":"#009952","color1":"#D82233","color2":""}},{"type":"Feature","geometry":{"type":"LineString","coordinates":[[-73.95085,40.662742],[-73.95085,40.662742],[-73.9502,40.656652]]},"properties":{"routes":["2","5"],"direction":"S","colors":["#009952","#D82233"],"colorCount":2,"color0":"#009952","color1":"#D82233","color2":""}},{"type":"Feature","geometry":{"type":"LineString","coordinates":[[-73.9502,40.656652],[-73.9502,40.656652],[-73.949575,40.650843]]},"properties":{"routes":["2","5"],"direction":"S","colors":["#009952","#D82233"],"colorCount":2,"color0":"#009952","color1":"#D82233","color2":""}},{"type":"Feature","geometry":{"type":"LineString","coordinates":[[-73.949575,40.650843],[-73.949575,40.650843],[-73.948959,40.645098]]},"properties":{"routes":["2","5"],"direction":"S","colors":["#009952","#D82233"],"colorCount":2,"color0":"#009952","color1":"#D82233","color2":""}},{"type":"Feature","geometry":{"type":"LineString","coordinates":[[-73.948959,40.645098],[-73.948959,40.645098],[-73.94841099999998,40.639967]]},"properties":{"routes":["2","5"],"direction":"S","colors":["#009952","#D82233"],"colorCount":2,"color0":"#009952","color1":"#D82233","color2":""}},{"type":"Feature","geometry":{"type":"LineString","coordinates":[[-73.94841099999998,40.639967],[-73.94841099999998,40.639967],[-73.94764199999999,40.63283700000001]]},"properties":{"routes":["2","5"],"direction":"S","colors":["#009952","#D82233"],"colorCount":2,"color0":"#009952","color1":"#D82233","color2":""}},{"type":"Feature","geometry":{"type":"LineString","coordinates":[[-73.884079,40.666235],[-73.889395,40.665449]]},"properties":{"routes":["3","4"],"direction":"N","colors":["#009952","#D82233"],"colorCount":2,"color0":"#009952","color1":"#D82233","color2":""}},{"type":"Feature","geometry":{"type":"LineString","coordinates":[[-73.889395,40.665449],[-73.889395,40.665449],[-73.894895,40.66463499999999]]},"properties":{"routes":["3","4"],"direction":"N","colors":["#009952","#D82233"],"colorCount":2,"color0":"#009952","color1":"#D82233","color2":""}},{"type":"Feature","geometry":{"type":"LineString","coordinates":[[-73.894895,40.66463499999999],[-73.894895,40.66463499999999],[-73.902447,40.663515]]},"properties":{"routes":["3","4"],"direction":"N","colors":["#009952","#D82233"],"colorCount":2,"color0":"#009952","color1":"#D82233","color2":""}},{"type":"Feature","geometry":{"type":"LineString","coordinates":[[-73.902447,40.663515],[-73.902447,40.663515],[-73.90894599999999,40.662549]]},"properties":{"routes":["3","4"],"direction":"N","colors":["#009952","#D82233"],"colorCount":2,"color0":"#009952","color1":"#D82233","color2":""}},{"type":"Feature","geometry":{"type":"LineString","coordinates":[[-73.90894599999999,40.662549],[-73.90894599999999,40.662549],[-73.916327,40.661453]]},"properties":{"routes":["3","4"],"direction":"N","colors":["#009952","#D82233"],"colorCount":2,"color0":"#009952","color1":"#D82233","color2":""}},{"type":"Feature","geometry":{"type":"LineString","coordinates":[[-73.916327,40.661453],[-73.916327,40.661453],[-73.917633,40.661257],[-73.918036,40.661201],[-73.918245,40.661198],[-73.918438,40.661222],[-73.918614,40.66127000000001],[-73.918789,40.661345],[-73.918958,40.66145],[-73.919094,40.661573],[-73.92261,40.664717]]},"properties":{"routes":["3","4"],"direction":"N","colors":["#009952","#D82233"],"colorCount":2,"color0":"#009952","color1":"#D82233","color2":""}},{"type":"Feature","geometry":{"type":"LineString","coordinates":[[-73.92261,40.664717],[-73.92261,40.664717],[-73.924177,40.666124],[-73.92423999999998,40.666185000000006],[-73.92429299999999,40.666249],[-73.924356,40.66633499999999],[-73.92441,40.666422],[-73.924503,40.666613],[-73.92480799999998,40.667332],[-73.924861,40.667449],[-73.924915,40.66755200000001],[-73.924974,40.667649],[-73.92503799999999,40.667735],[-73.92516,40.667882],[-73.925356,40.668087],[-73.925486,40.668213],[-73.925553,40.668271],[-73.92562499999998,40.668327],[-73.925706,40.668373],[-73.925796,40.668415],[-73.92598599999998,40.668473],[-73.926171,40.668508],[-73.926368,40.668536],[-73.926593,40.668554],[-73.932942,40.668897]]},"properties":{"routes":["3","4"],"direction":"N","colors":["#009952","#D82233"],"colorCount":2,"color0":"#009952","color1":"#D82233","color2":""}},{"type":"Feature","geometry":{"type":"LineString","coordinates":[[-73.932942,40.668897],[-73.932942,40.668897],[-73.942161,40.669399]]},"properties":{"routes":["3","4"],"direction":"N","colors":["#009952","#D82233"],"colorCount":2,"color0":"#009952","color1":"#D82233","color2":""}},{"type":"Feature","geometry":{"type":"LineString","coordinates":[[-73.942161,40.669399],[-73.942161,40.669399],[-73.950466,40.669847000000004]]},"properties":{"routes":["3","4"],"direction":"N","colors":["#009952","#D82233"],"colorCount":2,"color0":"#009952","color1":"#D82233","color2":""}},{"type":"Feature","geometry":{"type":"LineString","coordinates":[[-73.93721,40.81911],[-73.936245,40.820421]]},"properties":{"routes":["3"],"direction":"N","colors":["#D82233"],"colorCount":1,"color0":"#D82233","color1":"","color2":""}},{"type":"Feature","geometry":{"type":"LineString","coordinates":[[-73.936245,40.820421],[-73.936245,40.820421],[-73.9357,40.821157],[-73.935688,40.821174],[-73.935677,40.82119000000001],[-73.935665,40.821205],[-73.935654,40.82122],[-73.935642,40.821234],[-73.93563,40.821248],[-73.935618,40.821262],[-73.935606,40.821276],[-73.935594,40.821289],[-73.935582,40.821301],[-73.93557,40.82131400000001],[-73.935557,40.821326000000006],[-73.935545,40.821337],[-73.93553199999998,40.821348],[-73.935519,40.821358],[-73.935242,40.821629],[-73.935225,40.821645],[-73.935208,40.82166],[-73.935192,40.821675],[-73.935177,40.821691],[-73.935163,40.821707],[-73.935149,40.821724],[-73.935135,40.82174],[-73.935123,40.821758],[-73.935111,40.82177500000001],[-73.935099,40.82179299999999],[-73.935089,40.821811],[-73.93507799999999,40.82183],[-73.935069,40.821849],[-73.93506,40.821868],[-73.935052,40.821888],[-73.934809,40.822494],[-73.934772,40.822568],[-73.93474499999999,40.822641],[-73.934725,40.82271],[-73.93471399999999,40.822777],[-73.93470999999998,40.82284],[-73.934715,40.822901],[-73.934728,40.822959000000004],[-73.934748,40.823014],[-73.934777,40.823066],[-73.93481399999999,40.823115],[-73.934859,40.823162],[-73.934911,40.823205],[-73.93497199999999,40.823246],[-73.935041,40.823283],[-73.935118,40.823318],[-73.93647,40.82388]]},"properties":{"routes":["3"],"direction":"N","colors":["#D82233"],"colorCount":1,"color0":"#D82233","color1":"","color2":""}},{"type":"Feature","geometry":{"type":"LineString","coordinates":[[-73.93647,40.82388],[-73.935118,40.823318],[-73.935041,40.823283],[-73.93497199999999,40.823246],[-73.934911,40.823205],[-73.934859,40.823162],[-73.93481399999999,40.823115],[-73.934777,40.823066],[-73.934748,40.823014],[-73.934728,40.822959000000004],[-73.934715,40.822901],[-73.93470999999998,40.82284],[-73.93471399999999,40.822777],[-73.934725,40.82271],[-73.93474499999999,40.822641],[-73.934772,40.822568],[-73.934809,40.822494],[-73.935052,40.821888],[-73.93506,40.821868],[-73.935069,40.821849],[-73.93507799999999,40.82183],[-73.935089,40.821811],[-73.935099,40.82179299999999],[-73.935111,40.82177500000001],[-73.935123,40.821758],[-73.935135,40.82174],[-73.935149,40.821724],[-73.935163,40.821707],[-73.935177,40.821691],[-73.935192,40.821675],[-73.935208,40.82166],[-73.935225,40.821645],[-73.935242,40.821629],[-73.935519,40.821358],[-73.93553199999998,40.821348],[-73.935545,40.821337],[-73.935557,40.821326000000006],[-73.93557,40.82131400000001],[-73.935582,40.821301],[-73.935594,40.821289],[-73.935606,40.821276],[-73.935618,40.821262],[-73.93563,40.821248],[-73.935642,40.821234],[-73.935654,40.82122],[-73.935665,40.821205],[-73.935677,40.82119000000001],[-73.935688,40.821174],[-73.9357,40.821157],[-73.936245,40.820421]]},"properties":{"routes":["3"],"direction":"S","colors":["#D82233"],"colorCount":1,"color0":"#D82233","color1":"","color2":""}},{"type":"Feature","geometry":{"type":"LineString","coordinates":[[-73.936245,40.820421],[-73.936245,40.820421],[-73.93717,40.819164]]},"properties":{"routes":["3"],"direction":"S","colors":["#D82233"],"colorCount":1,"color0":"#D82233","color1":"","color2":""}},{"type":"Feature","geometry":{"type":"LineString","coordinates":[[-73.950651,40.669858],[-73.95065009229035,40.66985794618419],[-73.95064986532644,40.6698579330793],[-73.9506501246147,40.669857949003806],[-73.95065067566155,40.669857982276106],[-73.95065132397343,40.66985802121466],[-73.95065187505678,40.66985805413788],[-73.95065213441804,40.66985806936423],[-73.95065190756362,40.66985805521212],[-73.950651,40.669858]]},"properties":{"routes":["3","4"],"direction":"S","colors":["#009952","#D82233"],"colorCount":2,"color0":"#009952","color1":"#D82233","color2":""}},{"type":"Feature","geometry":{"type":"LineString","coordinates":[[-73.950466,40.669847000000004],[-73.950466,40.669847000000004],[-73.942161,40.669399]]},"properties":{"routes":["3","4"],"direction":"S","colors":["#009952","#D82233"],"colorCount":2,"color0":"#009952","color1":"#D82233","color2":""}},{"type":"Feature","geometry":{"type":"LineString","coordinates":[[-73.942161,40.669399],[-73.942161,40.669399],[-73.932942,40.668897]]},"properties":{"routes":["3","4"],"direction":"S","colors":["#009952","#D82233"],"colorCount":2,"color0":"#009952","color1":"#D82233","color2":""}},{"type":"Feature","geometry":{"type":"LineString","coordinates":[[-73.932942,40.668897],[-73.932942,40.668897],[-73.926593,40.668554],[-73.926368,40.668536],[-73.926171,40.668508],[-73.92598599999998,40.668473],[-73.925796,40.668415],[-73.925706,40.668373],[-73.92562499999998,40.668327],[-73.925553,40.668271],[-73.925486,40.668213],[-73.925356,40.668087],[-73.92516,40.667882],[-73.92503799999999,40.667735],[-73.924974,40.667649],[-73.924915,40.66755200000001],[-73.924861,40.667449],[-73.92480799999998,40.667332],[-73.924503,40.666613],[-73.92441,40.666422],[-73.924356,40.66633499999999],[-73.92429299999999,40.666249],[-73.92423999999998,40.666185000000006],[-73.924177,40.666124],[-73.92261,40.664717]]},"properties":{"routes":["3","4"],"direction":"S","colors":["#009952","#D82233"],"colorCount":2,"color0":"#009952","color1":"#D82233","color2":""}},{"type":"Feature","geometry":{"type":"LineString","coordinates":[[-73.92261,40.664717],[-73.92261,40.664717],[-73.919094,40.661573],[-73.918958,40.66145],[-73.918789,40.661345],[-73.918614,40.66127000000001],[-73.918438,40.661222],[-73.918245,40.661198],[-73.918036,40.661201],[-73.917633,40.661257],[-73.916327,40.661453]]},"properties":{"routes":["3","4"],"direction":"S","colors":["#009952","#D82233"],"colorCount":2,"color0":"#009952","color1":"#D82233","color2":""}},{"type":"Feature","geometry":{"type":"LineString","coordinates":[[-73.916327,40.661453],[-73.916327,40.661453],[-73.90894599999999,40.662549]]},"properties":{"routes":["3","4"],"direction":"S","colors":["#009952","#D82233"],"colorCount":2,"color0":"#009952","color1":"#D82233","color2":""}},{"type":"Feature","geometry":{"type":"LineString","coordinates":[[-73.90894599999999,40.662549],[-73.90894599999999,40.662549],[-73.902447,40.663515]]},"properties":{"routes":["3","4"],"direction":"S","colors":["#009952","#D82233"],"colorCount":2,"color0":"#009952","color1":"#D82233","color2":""}},{"type":"Feature","geometry":{"type":"LineString","coordinates":[[-73.902447,40.663515],[-73.902447,40.663515],[-73.894895,40.66463499999999]]},"properties":{"routes":["3","4"],"direction":"S","colors":["#009952","#D82233"],"colorCount":2,"color0":"#009952","color1":"#D82233","color2":""}},{"type":"Feature","geometry":{"type":"LineString","coordinates":[[-73.894895,40.66463499999999],[-73.894895,40.66463499999999],[-73.889395,40.665449]]},"properties":{"routes":["3","4"],"direction":"S","colors":["#009952","#D82233"],"colorCount":2,"color0":"#009952","color1":"#D82233","color2":""}},{"type":"Feature","geometry":{"type":"LineString","coordinates":[[-73.889395,40.665449],[-73.889395,40.665449],[-73.884079,40.666235]]},"properties":{"routes":["3","4"],"direction":"S","colors":["#009952","#D82233"],"colorCount":2,"color0":"#009952","color1":"#D82233","color2":""}},{"type":"Feature","geometry":{"type":"LineString","coordinates":[[-73.989691,40.692328],[-73.98975999999999,40.69234099999999],[-73.989832,40.692354],[-73.98990799999999,40.692367],[-73.989986,40.69238],[-73.990067,40.692392],[-73.990151,40.692404]]},"properties":{"routes":["4","5"],"direction":"N","colors":["#009952"],"colorCount":1,"color0":"#009952","color1":"","color2":""}},{"type":"Feature","geometry":{"type":"LineString","coordinates":[[-73.990151,40.692404],[-73.990151,40.692404],[-73.99508,40.693147],[-73.998992,40.693837],[-73.999213,40.693877],[-74.00052,40.694217],[-74.001108,40.694369],[-74.001884,40.69456],[-74.00263899999999,40.694739],[-74.003274,40.694909],[-74.003986,40.695132],[-74.004589,40.695366],[-74.005177,40.695589],[-74.005764,40.695813],[-74.006198,40.696065],[-74.012544,40.700938],[-74.013973,40.702003],[-74.014111,40.702119],[-74.014233,40.702238],[-74.014341,40.702361],[-74.014432,40.702488],[-74.014509,40.702618],[-74.01456899999998,40.702752],[-74.014615,40.70289],[-74.01464499999999,40.703031],[-74.01466,40.703176],[-74.014659,40.70332499999999],[-74.014643,40.703477],[-74.014612,40.703634],[-74.014565,40.703793],[-74.014503,40.703957],[-74.014428,40.704123],[-74.014065,40.704817]]},"properties":{"routes":["4","5"],"direction":"N","colors":["#009952"],"colorCount":1,"color0":"#009952","color1":"","color2":""}},{"type":"Feature","geometry":{"type":"LineString","coordinates":[[-74.014065,40.704817],[-74.014065,40.704817],[-74.013932,40.705053],[-74.013854,40.705168],[-74.013759,40.70529899999999],[-74.011862,40.707557]]},"properties":{"routes":["4","5"],"direction":"N","colors":["#009952"],"colorCount":1,"color0":"#009952","color1":"","color2":""}},{"type":"Feature","geometry":{"type":"LineString","coordinates":[[-74.011862,40.707557],[-74.011862,40.707557],[-74.009509,40.710368]]},"properties":{"routes":["4","5"],"direction":"N","colors":["#009952"],"colorCount":1,"color0":"#009952","color1":"","color2":""}},{"type":"Feature","geometry":{"type":"LineString","coordinates":[[-74.009509,40.710368],[-74.009509,40.710368],[-74.00877,40.71121800000001],[-74.008748,40.711238],[-74.008725,40.711258],[-74.0087,40.711278],[-74.008675,40.711296],[-74.008649,40.711314],[-74.008622,40.711332],[-74.00859399999999,40.711348],[-74.008565,40.711364],[-74.008536,40.711379],[-74.008505,40.711393],[-74.008473,40.711406],[-74.008441,40.711419],[-74.008407,40.711431000000005],[-74.008372,40.711442],[-74.008338,40.711451],[-74.00529,40.712214],[-74.00523299999999,40.712228],[-74.005177,40.712243],[-74.005124,40.71226],[-74.005073,40.712278000000005],[-74.00502299999998,40.712297],[-74.004976,40.712318],[-74.00493,40.71234],[-74.004886,40.712363],[-74.00484499999999,40.712387],[-74.004805,40.712413],[-74.004767,40.71244],[-74.004731,40.712469000000006],[-74.004697,40.712498],[-74.004665,40.71253000000001],[-74.004631,40.712564],[-74.004131,40.713065]]},"properties":{"routes":["4","5"],"direction":"N","colors":["#009952"],"colorCount":1,"color0":"#009952","color1":"","color2":""}},{"type":"Feature","geometry":{"type":"LineString","coordinates":[[-74.004131,40.713065],[-74.004131,40.713065],[-74.00343699999999,40.713849999999994],[-74.003402,40.713889],[-74.003369,40.71393],[-74.003339,40.713971],[-74.003311,40.714014],[-74.003286,40.71405699999999],[-74.003263,40.714102],[-74.003242,40.714149],[-74.003224,40.714196],[-74.003209,40.714243999999994],[-74.003195,40.714294],[-74.003184,40.714345],[-74.003176,40.714396],[-74.00317,40.714449],[-74.003166,40.714504000000005],[-74.003165,40.71455900000001],[-74.003063,40.715371],[-74.003059,40.715405],[-74.003054,40.715438],[-74.003048,40.71547100000001],[-74.00304,40.715503],[-74.003031,40.715535],[-74.00302,40.715566],[-74.003008,40.71559700000001],[-74.002994,40.71562699999999],[-74.002979,40.715657],[-74.002963,40.715687],[-74.00294499999998,40.715716],[-74.002925,40.715744],[-74.002905,40.715772],[-74.002883,40.71580000000001],[-74.002859,40.715827],[-74.000193,40.718803]]},"properties":{"routes":["4","5","6"],"direction":"N","colors":["#009952"],"colorCount":1,"color0":"#009952","color1":"","color2":""}},{"type":"Feature","geometry":{"type":"LineString","coordinates":[[-73.99465899999998,40.725915],[-73.99465899999998,40.725915],[-73.993622,40.72730800000001],[-73.99174,40.729514],[-73.99170499999998,40.729555],[-73.991669,40.729594999999996],[-73.991631,40.729634],[-73.991592,40.729673],[-73.991551,40.729711],[-73.991509,40.729748],[-73.991466,40.729785],[-73.991422,40.729821],[-73.991376,40.729856],[-73.991328,40.729891],[-73.99128,40.729925],[-73.991229,40.729958],[-73.991178,40.729991000000005],[-73.991125,40.730023],[-73.99107,40.730053999999996]]},"properties":{"routes":["4","5","6"],"direction":"N","colors":["#009952"],"colorCount":1,"color0":"#009952","color1":"","color2":""}},{"type":"Feature","geometry":{"type":"LineString","coordinates":[[-73.99107,40.730053999999996],[-73.99107,40.730053999999996],[-73.991003,40.730098],[-73.990941,40.730144],[-73.990882,40.730194000000004],[-73.990827,40.730246],[-73.990775,40.7303],[-73.990727,40.730358],[-73.99068199999999,40.730419],[-73.990641,40.730482],[-73.990603,40.730548],[-73.990569,40.730618],[-73.990538,40.73069],[-73.990511,40.730765],[-73.990488,40.730843],[-73.990468,40.73092299999999],[-73.990453,40.731008],[-73.989863,40.733476],[-73.989854,40.733543],[-73.989847,40.733612],[-73.989842,40.733682],[-73.989839,40.733755],[-73.989838,40.733829],[-73.98984,40.733905],[-73.989843,40.733983],[-73.989849,40.734063],[-73.989857,40.734145],[-73.989867,40.734228],[-73.98987999999999,40.734314],[-73.989894,40.734401],[-73.989911,40.73449],[-73.98993,40.73458],[-73.989951,40.734673]]},"properties":{"routes":["4","5","6"],"direction":"N","colors":["#009952"],"colorCount":1,"color0":"#009952","color1":"","color2":""}},{"type":"Feature","geometry":{"type":"LineString","coordinates":[[-74.000193,40.718803],[-74.000193,40.718803],[-73.999049,40.720054999999995],[-73.997276,40.722125],[-73.997264,40.722138],[-73.997253,40.722151000000004],[-73.997241,40.722163],[-73.997231,40.722176],[-73.99721999999998,40.722188],[-73.99721,40.722201],[-73.997201,40.722213],[-73.997191,40.722225],[-73.997183,40.722237],[-73.997174,40.722249],[-73.997166,40.722261],[-73.997158,40.72227300000001],[-73.997151,40.72228499999999],[-73.99714099999998,40.722301]]},"properties":{"routes":["4","5","6"],"direction":"N","colors":["#009952"],"colorCount":1,"color0":"#009952","color1":"","color2":""}},{"type":"Feature","geometry":{"type":"LineString","coordinates":[[-73.99714099999998,40.722301],[-73.99714099999998,40.722301],[-73.997128,40.722322],[-73.99711999999998,40.722336],[-73.997112,40.72234999999999],[-73.997104,40.722364],[-73.99709599999998,40.722379],[-73.997088,40.722393],[-73.997081,40.722407],[-73.997073,40.72242099999999],[-73.99706599999999,40.722435],[-73.99706,40.72245],[-73.997053,40.72246400000001],[-73.997047,40.722477999999995],[-73.99704099999998,40.722492],[-73.997035,40.722507],[-73.997029,40.722521],[-73.99673599999998,40.723289],[-73.996726,40.723314],[-73.996714,40.72334],[-73.996702,40.723365],[-73.99669,40.723389999999995],[-73.996676,40.723415],[-73.996662,40.723439],[-73.996647,40.723464],[-73.99663099999998,40.723488],[-73.996614,40.723512],[-73.996597,40.723536],[-73.996579,40.72356],[-73.99656,40.723584],[-73.99654,40.723607],[-73.996519,40.723631],[-73.996498,40.723654],[-73.99465899999998,40.725915]]},"properties":{"routes":["4","5","6"],"direction":"N","colors":["#009952"],"colorCount":1,"color0":"#009952","color1":"","color2":""}},{"type":"Feature","geometry":{"type":"LineString","coordinates":[[-73.982076,40.746081000000004],[-73.982076,40.746081000000004],[-73.978287,40.751266],[-73.97826,40.751298],[-73.97823199999999,40.751327],[-73.97820299999998,40.751355],[-73.978172,40.751381],[-73.978141,40.751406],[-73.97810799999999,40.75143],[-73.978074,40.751452],[-73.978038,40.751472],[-73.978002,40.751491],[-73.977964,40.751509],[-73.97792499999998,40.751525],[-73.977884,40.75154],[-73.977843,40.751553],[-73.9778,40.75156500000001],[-73.977756,40.751575],[-73.976848,40.75177599999999]]},"properties":{"routes":["4","5","6"],"direction":"N","colors":["#009952"],"colorCount":1,"color0":"#009952","color1":"","color2":""}},{"type":"Feature","geometry":{"type":"LineString","coordinates":[[-73.989951,40.734673],[-73.989951,40.734673],[-73.989958,40.734726],[-73.989964,40.734779],[-73.989967,40.734832],[-73.989969,40.734884],[-73.989968,40.734935],[-73.989965,40.734986],[-73.98996,40.735035],[-73.989953,40.735084],[-73.989944,40.735133],[-73.989933,40.735181],[-73.98992,40.735228],[-73.98990399999998,40.735274],[-73.989887,40.73532],[-73.989867,40.735365],[-73.989845,40.735409],[-73.986599,40.739864]]},"properties":{"routes":["4","5","6"],"direction":"N","colors":["#009952"],"colorCount":1,"color0":"#009952","color1":"","color2":""}},{"type":"Feature","geometry":{"type":"LineString","coordinates":[[-73.986599,40.739864],[-73.986599,40.739864],[-73.98426399999998,40.74307]]},"properties":{"routes":["4","5","6"],"direction":"N","colors":["#009952"],"colorCount":1,"color0":"#009952","color1":"","color2":""}},{"type":"Feature","geometry":{"type":"LineString","coordinates":[[-73.98426399999998,40.74307],[-73.98426399999998,40.74307],[-73.982076,40.746081000000004]]},"properties":{"routes":["4","5","6"],"direction":"N","colors":["#009952"],"colorCount":1,"color0":"#009952","color1":"","color2":""}},{"type":"Feature","geometry":{"type":"LineString","coordinates":[[-73.976848,40.75177599999999],[-73.976848,40.75177599999999],[-73.976038,40.75196699999999],[-73.975979,40.751983],[-73.975923,40.751998],[-73.975869,40.75201400000001],[-73.975817,40.75203199999999],[-73.97576799999999,40.752051],[-73.975721,40.752072],[-73.975676,40.752095000000004],[-73.975634,40.752119],[-73.975594,40.752145],[-73.975556,40.752173],[-73.975521,40.752202],[-73.975487,40.75223299999999],[-73.975456,40.752266],[-73.975427,40.75229999999999],[-73.9754,40.752336],[-73.97192,40.757107]]},"properties":{"routes":["4","5","6"],"direction":"N","colors":["#009952"],"colorCount":1,"color0":"#009952","color1":"","color2":""}},{"type":"Feature","geometry":{"type":"LineString","coordinates":[[-73.97192,40.757107],[-73.97192,40.757107],[-73.96796699999999,40.762526]]},"properties":{"routes":["4","5","6"],"direction":"N","colors":["#009952"],"colorCount":1,"color0":"#009952","color1":"","color2":""}},{"type":"Feature","geometry":{"type":"LineString","coordinates":[[-73.959874,40.77362],[-73.959874,40.77362],[-73.955589,40.77949199999999]]},"properties":{"routes":["4","5","6"],"direction":"N","colors":["#009952"],"colorCount":1,"color0":"#009952","color1":"","color2":""}},{"type":"Feature","geometry":{"type":"LineString","coordinates":[[-73.96796699999999,40.762526],[-73.96796699999999,40.762526],[-73.96387,40.768141]]},"properties":{"routes":["4","5","6"],"direction":"N","colors":["#009952"],"colorCount":1,"color0":"#009952","color1":"","color2":""}},{"type":"Feature","geometry":{"type":"LineString","coordinates":[[-73.96387,40.768141],[-73.96387,40.768141],[-73.959874,40.77362]]},"properties":{"routes":["4","5","6"],"direction":"N","colors":["#009952"],"colorCount":1,"color0":"#009952","color1":"","color2":""}},{"type":"Feature","geometry":{"type":"LineString","coordinates":[[-73.955589,40.77949199999999],[-73.955589,40.77949199999999],[-73.95107,40.785672]]},"properties":{"routes":["4","5","6"],"direction":"N","colors":["#009952"],"colorCount":1,"color0":"#009952","color1":"","color2":""}},{"type":"Feature","geometry":{"type":"LineString","coordinates":[[-73.941617,40.798629],[-73.941617,40.798629],[-73.937594,40.804138]]},"properties":{"routes":["4","5","6"],"direction":"N","colors":["#009952"],"colorCount":1,"color0":"#009952","color1":"","color2":""}},{"type":"Feature","geometry":{"type":"LineString","coordinates":[[-73.95107,40.785672],[-73.95107,40.785672],[-73.947478,40.790600000000005]]},"properties":{"routes":["4","5","6"],"direction":"N","colors":["#009952"],"colorCount":1,"color0":"#009952","color1":"","color2":""}},{"type":"Feature","geometry":{"type":"LineString","coordinates":[[-73.947478,40.790600000000005],[-73.947478,40.790600000000005],[-73.94425,40.79502]]},"properties":{"routes":["4","5","6"],"direction":"N","colors":["#009952"],"colorCount":1,"color0":"#009952","color1":"","color2":""}},{"type":"Feature","geometry":{"type":"LineString","coordinates":[[-73.94425,40.79502],[-73.94425,40.79502],[-73.941617,40.798629]]},"properties":{"routes":["4","5","6"],"direction":"N","colors":["#009952"],"colorCount":1,"color0":"#009952","color1":"","color2":""}},{"type":"Feature","geometry":{"type":"LineString","coordinates":[[-73.937594,40.804138],[-73.937594,40.804138],[-73.93757,40.804172],[-73.934685,40.80811800000001],[-73.934662,40.808149],[-73.93463899999999,40.808178999999996],[-73.934616,40.808209],[-73.934592,40.808239],[-73.934569,40.808267],[-73.934546,40.808296],[-73.934523,40.808323],[-73.93450099999998,40.808351],[-73.934478,40.808377],[-73.934455,40.808403],[-73.93443299999998,40.808429],[-73.93441,40.808454],[-73.934388,40.808479],[-73.934366,40.808503],[-73.934344,40.808526],[-73.930931,40.812093],[-73.930438,40.812608]]},"properties":{"routes":["4","5","6"],"direction":"N","colors":["#009952"],"colorCount":1,"color0":"#009952","color1":"","color2":""}},{"type":"Feature","geometry":{"type":"LineString","coordinates":[[-73.930438,40.812608],[-73.929849,40.813224000000005]]},"properties":{"routes":["4","5"],"direction":"N","colors":["#009952"],"colorCount":1,"color0":"#009952","color1":"","color2":""}},{"type":"Feature","geometry":{"type":"LineString","coordinates":[[-73.929849,40.813224000000005],[-73.929849,40.813224000000005],[-73.929281,40.813881],[-73.929244,40.813931],[-73.929209,40.813982],[-73.929174,40.814033],[-73.929142,40.814085],[-73.92911,40.814137],[-73.92908,40.814189],[-73.929051,40.814242],[-73.929023,40.814295],[-73.928997,40.814348],[-73.928972,40.814401999999994],[-73.928949,40.814456],[-73.928927,40.814511],[-73.928906,40.814566],[-73.928886,40.814621],[-73.928868,40.814677],[-73.928138,40.816617],[-73.928118,40.816675],[-73.928097,40.816732],[-73.928076,40.81679],[-73.928054,40.816847],[-73.928031,40.816905],[-73.928008,40.816962],[-73.927985,40.817019],[-73.927961,40.817077000000005],[-73.927936,40.817133999999996],[-73.927911,40.817191],[-73.927885,40.817247],[-73.92785899999998,40.817304],[-73.927832,40.817361],[-73.927805,40.817417],[-73.927778,40.817474],[-73.927646,40.817753]]},"properties":{"routes":["4","5"],"direction":"N","colors":["#009952"],"colorCount":1,"color0":"#009952","color1":"","color2":""}},{"type":"Feature","geometry":{"type":"LineString","coordinates":[[-73.927646,40.817753],[-73.92735099999999,40.81837500000001]]},"properties":{"routes":["4"],"direction":"N","colors":["#009952"],"colorCount":1,"color0":"#009952","color1":"","color2":""}},{"type":"Feature","geometry":{"type":"LineString","coordinates":[[-73.92735099999999,40.81837500000001],[-73.92735099999999,40.81837500000001],[-73.926469,40.820256],[-73.926398,40.820412000000005],[-73.926341,40.820563],[-73.926291,40.820713],[-73.926251,40.82086100000001],[-73.926218,40.821007],[-73.926194,40.821152],[-73.926179,40.821296],[-73.926171,40.821438],[-73.926173,40.821579],[-73.926182,40.821718000000004],[-73.9262,40.821856000000004],[-73.926226,40.821992],[-73.926261,40.822127],[-73.926304,40.82226],[-73.92634999999999,40.822389],[-73.927026,40.824371],[-73.92707,40.82447199999999],[-73.927106,40.824562],[-73.927132,40.82464900000001],[-73.92716499999999,40.824773],[-73.92719099999998,40.82491],[-73.92721,40.82510800000001],[-73.927208,40.825316],[-73.92714799999999,40.825624],[-73.927074,40.825847],[-73.926972,40.826064],[-73.92684,40.82629000000001],[-73.925831,40.827994000000004]]},"properties":{"routes":["4"],"direction":"N","colors":["#009952"],"colorCount":1,"color0":"#009952","color1":"","color2":""}},{"type":"Feature","geometry":{"type":"LineString","coordinates":[[-73.925831,40.827994000000004],[-73.925831,40.827994000000004],[-73.9214,40.835537]]},"properties":{"routes":["4"],"direction":"N","colors":["#009952"],"colorCount":1,"color0":"#009952","color1":"","color2":""}},{"type":"Feature","geometry":{"type":"LineString","coordinates":[[-73.9214,40.835537],[-73.9214,40.835537],[-73.920476,40.837105],[-73.920309,40.837361],[-73.92013,40.837556],[-73.919948,40.837704],[-73.919553,40.837967],[-73.919312,40.83813],[-73.919114,40.838292],[-73.918951,40.838463],[-73.918774,40.838699],[-73.917791,40.840075]]},"properties":{"routes":["4"],"direction":"N","colors":["#009952"],"colorCount":1,"color0":"#009952","color1":"","color2":""}},{"type":"Feature","geometry":{"type":"LineString","coordinates":[[-73.917791,40.840075],[-73.917791,40.840075],[-73.914685,40.844434]]},"properties":{"routes":["4"],"direction":"N","colors":["#009952"],"colorCount":1,"color0":"#009952","color1":"","color2":""}},{"type":"Feature","geometry":{"type":"LineString","coordinates":[[-73.914685,40.844434],[-73.914685,40.844434],[-73.911794,40.84848]]},"properties":{"routes":["4"],"direction":"N","colors":["#009952"],"colorCount":1,"color0":"#009952","color1":"","color2":""}},{"type":"Feature","geometry":{"type":"LineString","coordinates":[[-73.911794,40.84848],[-73.911794,40.84848],[-73.910631,40.850105],[-73.91058,40.850182],[-73.910527,40.850257],[-73.910472,40.850332],[-73.910417,40.850407],[-73.91036,40.85048200000001],[-73.910302,40.850556],[-73.910243,40.850631],[-73.91018299999999,40.850705],[-73.910121,40.850779],[-73.910058,40.850853],[-73.909995,40.850927],[-73.90992899999999,40.851000000000006],[-73.909863,40.851074],[-73.909796,40.851147],[-73.909727,40.85122],[-73.907684,40.853453]]},"properties":{"routes":["4"],"direction":"N","colors":["#009952"],"colorCount":1,"color0":"#009952","color1":"","color2":""}},{"type":"Feature","geometry":{"type":"LineString","coordinates":[[-73.907684,40.853453],[-73.907684,40.853453],[-73.905801,40.855537],[-73.905731,40.855612],[-73.905663,40.855688],[-73.905597,40.855764],[-73.905533,40.855839],[-73.90547,40.855915],[-73.905409,40.855991],[-73.90535,40.856067],[-73.905292,40.856143],[-73.905236,40.856219],[-73.905182,40.856294999999996],[-73.905129,40.856371],[-73.905078,40.856446],[-73.905029,40.856522],[-73.904981,40.856598],[-73.904933,40.856673],[-73.903879,40.858407]]},"properties":{"routes":["4"],"direction":"N","colors":["#009952"],"colorCount":1,"color0":"#009952","color1":"","color2":""}},{"type":"Feature","geometry":{"type":"LineString","coordinates":[[-73.903879,40.858407],[-73.903879,40.858407],[-73.90209,40.861321],[-73.902053,40.861383],[-73.902017,40.861442],[-73.901982,40.8615],[-73.901948,40.861555],[-73.901915,40.861609],[-73.901882,40.86166],[-73.901851,40.861709],[-73.901821,40.861756],[-73.90179199999999,40.86180099999999],[-73.901763,40.861844],[-73.901736,40.861885],[-73.90171,40.861924],[-73.901684,40.861961],[-73.90166,40.861995],[-73.90163599999998,40.862028],[-73.901034,40.862803]]},"properties":{"routes":["4"],"direction":"N","colors":["#009952"],"colorCount":1,"color0":"#009952","color1":"","color2":""}},{"type":"Feature","geometry":{"type":"LineString","coordinates":[[-73.901034,40.862803],[-73.901034,40.862803],[-73.89717399999999,40.86775999999999]]},"properties":{"routes":["4"],"direction":"N","colors":["#009952"],"colorCount":1,"color0":"#009952","color1":"","color2":""}},{"type":"Feature","geometry":{"type":"LineString","coordinates":[[-73.89717399999999,40.86775999999999],[-73.89717399999999,40.86775999999999],[-73.895412,40.870028999999995],[-73.895375,40.870071],[-73.895338,40.870113],[-73.8953,40.870154],[-73.895261,40.870194],[-73.895221,40.870233],[-73.89518,40.870271],[-73.895138,40.870308],[-73.895095,40.87034400000001],[-73.895052,40.870379],[-73.895007,40.870413],[-73.894961,40.870446],[-73.89491499999998,40.870477],[-73.89486699999999,40.870508],[-73.894819,40.870538],[-73.89477,40.870567],[-73.892543,40.871644],[-73.892483,40.871675],[-73.892422,40.871707],[-73.89236,40.871741],[-73.89229699999999,40.871776],[-73.892233,40.871812],[-73.892168,40.871849],[-73.892103,40.871888],[-73.892037,40.871928000000004],[-73.89197,40.87197],[-73.891902,40.872012],[-73.891833,40.872057],[-73.891764,40.872102],[-73.891693,40.872149],[-73.891622,40.872197],[-73.891551,40.872246],[-73.890064,40.873412]]},"properties":{"routes":["4"],"direction":"N","colors":["#009952"],"colorCount":1,"color0":"#009952","color1":"","color2":""}},{"type":"Feature","geometry":{"type":"LineString","coordinates":[[-73.890064,40.873412],[-73.890064,40.873412],[-73.889335,40.874005],[-73.889294,40.874041],[-73.889253,40.874078],[-73.88921399999998,40.874115],[-73.889175,40.874154000000004],[-73.889138,40.874193],[-73.889102,40.87423299999999],[-73.88906599999999,40.874273],[-73.889032,40.874315],[-73.888999,40.874357],[-73.888966,40.87440000000001],[-73.888935,40.874444],[-73.88890499999998,40.87448899999999],[-73.888875,40.874535],[-73.888847,40.874581],[-73.88882,40.874628],[-73.88785699999998,40.876763999999994],[-73.887827,40.876819],[-73.887796,40.876873],[-73.887764,40.876926],[-73.88773,40.876978],[-73.887695,40.877029],[-73.887659,40.87708],[-73.887621,40.877129],[-73.887581,40.877178],[-73.88754,40.877226],[-73.887498,40.877273],[-73.887454,40.87732],[-73.887409,40.87736499999999],[-73.887363,40.877409],[-73.887315,40.877453],[-73.88726599999998,40.877496],[-73.884655,40.87975]]},"properties":{"routes":["4"],"direction":"N","colors":["#009952"],"colorCount":1,"color0":"#009952","color1":"","color2":""}},{"type":"Feature","geometry":{"type":"LineString","coordinates":[[-73.884655,40.87975],[-73.884655,40.87975],[-73.881692,40.88231],[-73.881629,40.882368],[-73.881567,40.882426],[-73.881506,40.882483],[-73.881447,40.882541],[-73.881389,40.882599],[-73.881332,40.882656000000004],[-73.881276,40.882714],[-73.881222,40.88277200000001],[-73.881169,40.882829],[-73.881118,40.882887],[-73.881067,40.882945],[-73.881018,40.883002],[-73.880971,40.88306],[-73.880924,40.88311699999999],[-73.880879,40.883175],[-73.878751,40.886037]]},"properties":{"routes":["4"],"direction":"N","colors":["#009952"],"colorCount":1,"color0":"#009952","color1":"","color2":""}},{"type":"Feature","geometry":{"type":"LineString","coordinates":[[-73.878751,40.886037],[-73.880879,40.883175],[-73.880924,40.88311699999999],[-73.880971,40.88306],[-73.881018,40.883002],[-73.881067,40.882945],[-73.881118,40.882887],[-73.881169,40.882829],[-73.881222,40.88277200000001],[-73.881276,40.882714],[-73.881332,40.882656000000004],[-73.881389,40.882599],[-73.881447,40.882541],[-73.881506,40.882483],[-73.881567,40.882426],[-73.881629,40.882368],[-73.881692,40.88231],[-73.884655,40.87975]]},"properties":{"routes":["4"],"direction":"S","colors":["#009952"],"colorCount":1,"color0":"#009952","color1":"","color2":""}},{"type":"Feature","geometry":{"type":"LineString","coordinates":[[-73.884655,40.87975],[-73.884655,40.87975],[-73.88726599999998,40.877496],[-73.887315,40.877453],[-73.887363,40.877409],[-73.887409,40.87736499999999],[-73.887454,40.87732],[-73.887498,40.877273],[-73.88754,40.877226],[-73.887581,40.877178],[-73.887621,40.877129],[-73.887659,40.87708],[-73.887695,40.877029],[-73.88773,40.876978],[-73.887764,40.876926],[-73.887796,40.876873],[-73.887827,40.876819],[-73.88785699999998,40.876763999999994],[-73.88882,40.874628],[-73.888847,40.874581],[-73.888875,40.874535],[-73.88890499999998,40.87448899999999],[-73.888935,40.874444],[-73.888966,40.87440000000001],[-73.888999,40.874357],[-73.889032,40.874315],[-73.88906599999999,40.874273],[-73.889102,40.87423299999999],[-73.889138,40.874193],[-73.889175,40.874154000000004],[-73.88921399999998,40.874115],[-73.889253,40.874078],[-73.889294,40.874041],[-73.889335,40.874005],[-73.890064,40.873412]]},"properties":{"routes":["4"],"direction":"S","colors":["#009952"],"colorCount":1,"color0":"#009952","color1":"","color2":""}},{"type":"Feature","geometry":{"type":"LineString","coordinates":[[-73.890064,40.873412],[-73.890064,40.873412],[-73.891551,40.872246],[-73.891622,40.872197],[-73.891693,40.872149],[-73.891764,40.872102],[-73.891833,40.872057],[-73.891902,40.872012],[-73.89197,40.87197],[-73.892037,40.871928000000004],[-73.892103,40.871888],[-73.892168,40.871849],[-73.892233,40.871812],[-73.89229699999999,40.871776],[-73.89236,40.871741],[-73.892422,40.871707],[-73.892483,40.871675],[-73.892543,40.871644],[-73.89477,40.870567],[-73.894819,40.870538],[-73.89486699999999,40.870508],[-73.89491499999998,40.870477],[-73.894961,40.870446],[-73.895007,40.870413],[-73.895052,40.870379],[-73.895095,40.87034400000001],[-73.895138,40.870308],[-73.89518,40.870271],[-73.895221,40.870233],[-73.895261,40.870194],[-73.8953,40.870154],[-73.895338,40.870113],[-73.895375,40.870071],[-73.895412,40.870028999999995],[-73.89717399999999,40.86775999999999]]},"properties":{"routes":["4"],"direction":"S","colors":["#009952"],"colorCount":1,"color0":"#009952","color1":"","color2":""}},{"type":"Feature","geometry":{"type":"LineString","coordinates":[[-73.89717399999999,40.86775999999999],[-73.89717399999999,40.86775999999999],[-73.901034,40.862803]]},"properties":{"routes":["4"],"direction":"S","colors":["#009952"],"colorCount":1,"color0":"#009952","color1":"","color2":""}},{"type":"Feature","geometry":{"type":"LineString","coordinates":[[-73.901034,40.862803],[-73.901034,40.862803],[-73.90163599999998,40.862028],[-73.90166,40.861995],[-73.901684,40.861961],[-73.90171,40.861924],[-73.901736,40.861885],[-73.901763,40.861844],[-73.90179199999999,40.86180099999999],[-73.901821,40.861756],[-73.901851,40.861709],[-73.901882,40.86166],[-73.901915,40.861609],[-73.901948,40.861555],[-73.901982,40.8615],[-73.902017,40.861442],[-73.902053,40.861383],[-73.90209,40.861321],[-73.903879,40.858407]]},"properties":{"routes":["4"],"direction":"S","colors":["#009952"],"colorCount":1,"color0":"#009952","color1":"","color2":""}},{"type":"Feature","geometry":{"type":"LineString","coordinates":[[-73.903879,40.858407],[-73.903879,40.858407],[-73.904933,40.856673],[-73.904981,40.856598],[-73.905029,40.856522],[-73.905078,40.856446],[-73.905129,40.856371],[-73.905182,40.856294999999996],[-73.905236,40.856219],[-73.905292,40.856143],[-73.90535,40.856067],[-73.905409,40.855991],[-73.90547,40.855915],[-73.905533,40.855839],[-73.905597,40.855764],[-73.905663,40.855688],[-73.905731,40.855612],[-73.905801,40.855537],[-73.907684,40.853453]]},"properties":{"routes":["4"],"direction":"S","colors":["#009952"],"colorCount":1,"color0":"#009952","color1":"","color2":""}},{"type":"Feature","geometry":{"type":"LineString","coordinates":[[-73.907684,40.853453],[-73.907684,40.853453],[-73.909727,40.85122],[-73.909796,40.851147],[-73.909863,40.851074],[-73.90992899999999,40.851000000000006],[-73.909995,40.850927],[-73.910058,40.850853],[-73.910121,40.850779],[-73.91018299999999,40.850705],[-73.910243,40.850631],[-73.910302,40.850556],[-73.91036,40.85048200000001],[-73.910417,40.850407],[-73.910472,40.850332],[-73.910527,40.850257],[-73.91058,40.850182],[-73.910631,40.850105],[-73.911794,40.84848]]},"properties":{"routes":["4"],"direction":"S","colors":["#009952"],"colorCount":1,"color0":"#009952","color1":"","color2":""}},{"type":"Feature","geometry":{"type":"LineString","coordinates":[[-73.911794,40.84848],[-73.911794,40.84848],[-73.914685,40.844434]]},"properties":{"routes":["4"],"direction":"S","colors":["#009952"],"colorCount":1,"color0":"#009952","color1":"","color2":""}},{"type":"Feature","geometry":{"type":"LineString","coordinates":[[-73.914685,40.844434],[-73.914685,40.844434],[-73.917791,40.840075]]},"properties":{"routes":["4"],"direction":"S","colors":["#009952"],"colorCount":1,"color0":"#009952","color1":"","color2":""}},{"type":"Feature","geometry":{"type":"LineString","coordinates":[[-73.917791,40.840075],[-73.917791,40.840075],[-73.918774,40.838699],[-73.918951,40.838463],[-73.919114,40.838292],[-73.919312,40.83813],[-73.919553,40.837967],[-73.919948,40.837704],[-73.92013,40.837556],[-73.920309,40.837361],[-73.920476,40.837105],[-73.9214,40.835537]]},"properties":{"routes":["4"],"direction":"S","colors":["#009952"],"colorCount":1,"color0":"#009952","color1":"","color2":""}},{"type":"Feature","geometry":{"type":"LineString","coordinates":[[-73.9214,40.835537],[-73.9214,40.835537],[-73.925831,40.827994000000004]]},"properties":{"routes":["4"],"direction":"S","colors":["#009952"],"colorCount":1,"color0":"#009952","color1":"","color2":""}},{"type":"Feature","geometry":{"type":"LineString","coordinates":[[-73.925831,40.827994000000004],[-73.925831,40.827994000000004],[-73.92684,40.82629000000001],[-73.926972,40.826064],[-73.927074,40.825847],[-73.92714799999999,40.825624],[-73.927208,40.825316],[-73.92721,40.82510800000001],[-73.92719099999998,40.82491],[-73.92716499999999,40.824773],[-73.927132,40.82464900000001],[-73.927106,40.824562],[-73.92707,40.82447199999999],[-73.927026,40.824371],[-73.92634999999999,40.822389],[-73.926304,40.82226],[-73.926261,40.822127],[-73.926226,40.821992],[-73.9262,40.821856000000004],[-73.926182,40.821718000000004],[-73.926173,40.821579],[-73.926171,40.821438],[-73.926179,40.821296],[-73.926194,40.821152],[-73.926218,40.821007],[-73.926251,40.82086100000001],[-73.926291,40.820713],[-73.926341,40.820563],[-73.926398,40.820412000000005],[-73.926469,40.820256],[-73.92735099999999,40.81837500000001]]},"properties":{"routes":["4"],"direction":"S","colors":["#009952"],"colorCount":1,"color0":"#009952","color1":"","color2":""}},{"type":"Feature","geometry":{"type":"LineString","coordinates":[[-73.92735099999999,40.81837500000001],[-73.92735099999999,40.81837500000001],[-73.92763199999999,40.817783]]},"properties":{"routes":["4"],"direction":"S","colors":["#009952"],"colorCount":1,"color0":"#009952","color1":"","color2":""}},{"type":"Feature","geometry":{"type":"LineString","coordinates":[[-73.92763199999999,40.817783],[-73.927778,40.817474],[-73.927805,40.817417],[-73.927832,40.817361],[-73.92785899999998,40.817304],[-73.927885,40.817247],[-73.927911,40.817191],[-73.927936,40.817133999999996],[-73.927961,40.817077000000005],[-73.927985,40.817019],[-73.928008,40.816962],[-73.928031,40.816905],[-73.928054,40.816847],[-73.928076,40.81679],[-73.928097,40.816732],[-73.928118,40.816675],[-73.928138,40.816617],[-73.928868,40.814677],[-73.928886,40.814621],[-73.928906,40.814566],[-73.928927,40.814511],[-73.928949,40.814456],[-73.928972,40.814401999999994],[-73.928997,40.814348],[-73.929023,40.814295],[-73.929051,40.814242],[-73.92908,40.814189],[-73.92911,40.814137],[-73.929142,40.814085],[-73.929174,40.814033],[-73.929209,40.813982],[-73.929244,40.813931],[-73.929281,40.813881],[-73.929849,40.813224000000005]]},"properties":{"routes":["4","5"],"direction":"S","colors":["#009952"],"colorCount":1,"color0":"#009952","color1":"","color2":""}},{"type":"Feature","geometry":{"type":"LineString","coordinates":[[-73.929849,40.813224000000005],[-73.929849,40.813224000000005],[-73.930476,40.812569]]},"properties":{"routes":["4","5"],"direction":"S","colors":["#009952"],"colorCount":1,"color0":"#009952","color1":"","color2":""}},{"type":"Feature","geometry":{"type":"LineString","coordinates":[[-73.930476,40.812569],[-73.930931,40.812093],[-73.934344,40.808526],[-73.934366,40.808503],[-73.934388,40.808479],[-73.93441,40.808454],[-73.93443299999998,40.808429],[-73.934455,40.808403],[-73.934478,40.808377],[-73.93450099999998,40.808351],[-73.934523,40.808323],[-73.934546,40.808296],[-73.934569,40.808267],[-73.934592,40.808239],[-73.934616,40.808209],[-73.93463899999999,40.808178999999996],[-73.934662,40.808149],[-73.934685,40.80811800000001],[-73.93757,40.804172],[-73.937594,40.804138]]},"properties":{"routes":["4","5","6"],"direction":"S","colors":["#009952"],"colorCount":1,"color0":"#009952","color1":"","color2":""}},{"type":"Feature","geometry":{"type":"LineString","coordinates":[[-73.95107,40.785672],[-73.95107,40.785672],[-73.955589,40.77949199999999]]},"properties":{"routes":["4","5","6"],"direction":"S","colors":["#009952"],"colorCount":1,"color0":"#009952","color1":"","color2":""}},{"type":"Feature","geometry":{"type":"LineString","coordinates":[[-73.937594,40.804138],[-73.937594,40.804138],[-73.941617,40.798629]]},"properties":{"routes":["4","5","6"],"direction":"S","colors":["#009952"],"colorCount":1,"color0":"#009952","color1":"","color2":""}},{"type":"Feature","geometry":{"type":"LineString","coordinates":[[-73.947478,40.790600000000005],[-73.947478,40.790600000000005],[-73.95107,40.785672]]},"properties":{"routes":["4","5","6"],"direction":"S","colors":["#009952"],"colorCount":1,"color0":"#009952","color1":"","color2":""}},{"type":"Feature","geometry":{"type":"LineString","coordinates":[[-73.94425,40.79502],[-73.94425,40.79502],[-73.947478,40.790600000000005]]},"properties":{"routes":["4","5","6"],"direction":"S","colors":["#009952"],"colorCount":1,"color0":"#009952","color1":"","color2":""}},{"type":"Feature","geometry":{"type":"LineString","coordinates":[[-73.941617,40.798629],[-73.941617,40.798629],[-73.94425,40.79502]]},"properties":{"routes":["4","5","6"],"direction":"S","colors":["#009952"],"colorCount":1,"color0":"#009952","color1":"","color2":""}},{"type":"Feature","geometry":{"type":"LineString","coordinates":[[-73.955589,40.77949199999999],[-73.955589,40.77949199999999],[-73.959874,40.77362]]},"properties":{"routes":["4","5","6"],"direction":"S","colors":["#009952"],"colorCount":1,"color0":"#009952","color1":"","color2":""}},{"type":"Feature","geometry":{"type":"LineString","coordinates":[[-73.96387,40.768141],[-73.96387,40.768141],[-73.96796699999999,40.762526]]},"properties":{"routes":["4","5","6"],"direction":"S","colors":["#009952"],"colorCount":1,"color0":"#009952","color1":"","color2":""}},{"type":"Feature","geometry":{"type":"LineString","coordinates":[[-73.959874,40.77362],[-73.959874,40.77362],[-73.96387,40.768141]]},"properties":{"routes":["4","5","6"],"direction":"S","colors":["#009952"],"colorCount":1,"color0":"#009952","color1":"","color2":""}},{"type":"Feature","geometry":{"type":"LineString","coordinates":[[-73.97192,40.757107],[-73.97192,40.757107],[-73.9754,40.752336],[-73.975427,40.75229999999999],[-73.975456,40.752266],[-73.975487,40.75223299999999],[-73.975521,40.752202],[-73.975556,40.752173],[-73.975594,40.752145],[-73.975634,40.752119],[-73.975676,40.752095000000004],[-73.975721,40.752072],[-73.97576799999999,40.752051],[-73.975817,40.75203199999999],[-73.975869,40.75201400000001],[-73.975923,40.751998],[-73.975979,40.751983],[-73.976038,40.75196699999999],[-73.976848,40.75177599999999]]},"properties":{"routes":["4","5","6"],"direction":"S","colors":["#009952"],"colorCount":1,"color0":"#009952","color1":"","color2":""}},{"type":"Feature","geometry":{"type":"LineString","coordinates":[[-73.96796699999999,40.762526],[-73.96796699999999,40.762526],[-73.97192,40.757107]]},"properties":{"routes":["4","5","6"],"direction":"S","colors":["#009952"],"colorCount":1,"color0":"#009952","color1":"","color2":""}},{"type":"Feature","geometry":{"type":"LineString","coordinates":[[-73.976848,40.75177599999999],[-73.976848,40.75177599999999],[-73.977756,40.751575],[-73.9778,40.75156500000001],[-73.977843,40.751553],[-73.977884,40.75154],[-73.97792499999998,40.751525],[-73.977964,40.751509],[-73.978002,40.751491],[-73.978038,40.751472],[-73.978074,40.751452],[-73.97810799999999,40.75143],[-73.978141,40.751406],[-73.978172,40.751381],[-73.97820299999998,40.751355],[-73.97823199999999,40.751327],[-73.97826,40.751298],[-73.978287,40.751266],[-73.982076,40.746081000000004]]},"properties":{"routes":["4","5","6"],"direction":"S","colors":["#009952"],"colorCount":1,"color0":"#009952","color1":"","color2":""}},{"type":"Feature","geometry":{"type":"LineString","coordinates":[[-73.986599,40.739864],[-73.986599,40.739864],[-73.989845,40.735409],[-73.989867,40.735365],[-73.989887,40.73532],[-73.98990399999998,40.735274],[-73.98992,40.735228],[-73.989933,40.735181],[-73.989944,40.735133],[-73.989953,40.735084],[-73.98996,40.735035],[-73.989965,40.734986],[-73.989968,40.734935],[-73.989969,40.734884],[-73.989967,40.734832],[-73.989964,40.734779],[-73.989958,40.734726],[-73.989951,40.734673]]},"properties":{"routes":["4","5","6"],"direction":"S","colors":["#009952"],"colorCount":1,"color0":"#009952","color1":"","color2":""}},{"type":"Feature","geometry":{"type":"LineString","coordinates":[[-73.98426399999998,40.74307],[-73.98426399999998,40.74307],[-73.986599,40.739864]]},"properties":{"routes":["4","5","6"],"direction":"S","colors":["#009952"],"colorCount":1,"color0":"#009952","color1":"","color2":""}},{"type":"Feature","geometry":{"type":"LineString","coordinates":[[-73.982076,40.746081000000004],[-73.982076,40.746081000000004],[-73.98426399999998,40.74307]]},"properties":{"routes":["4","5","6"],"direction":"S","colors":["#009952"],"colorCount":1,"color0":"#009952","color1":"","color2":""}},{"type":"Feature","geometry":{"type":"LineString","coordinates":[[-74.000193,40.718803],[-74.000193,40.718803],[-74.002859,40.715827],[-74.002883,40.71580000000001],[-74.002905,40.715772],[-74.002925,40.715744],[-74.00294499999998,40.715716],[-74.002963,40.715687],[-74.002979,40.715657],[-74.002994,40.71562699999999],[-74.003008,40.71559700000001],[-74.00302,40.715566],[-74.003031,40.715535],[-74.00304,40.715503],[-74.003048,40.71547100000001],[-74.003054,40.715438],[-74.003059,40.715405],[-74.003063,40.715371],[-74.003165,40.71455900000001],[-74.003166,40.714504000000005],[-74.00317,40.714449],[-74.003176,40.714396],[-74.003184,40.714345],[-74.003195,40.714294],[-74.003209,40.714243999999994],[-74.003224,40.714196],[-74.003242,40.714149],[-74.003263,40.714102],[-74.003286,40.71405699999999],[-74.003311,40.714014],[-74.003339,40.713971],[-74.003369,40.71393],[-74.003402,40.713889],[-74.00343699999999,40.713849999999994],[-74.004131,40.713065]]},"properties":{"routes":["4","5","6"],"direction":"S","colors":["#009952"],"colorCount":1,"color0":"#009952","color1":"","color2":""}},{"type":"Feature","geometry":{"type":"LineString","coordinates":[[-73.99107,40.730053999999996],[-73.99107,40.730053999999996],[-73.991125,40.730023],[-73.991178,40.729991000000005],[-73.991229,40.729958],[-73.99128,40.729925],[-73.991328,40.729891],[-73.991376,40.729856],[-73.991422,40.729821],[-73.991466,40.729785],[-73.991509,40.729748],[-73.991551,40.729711],[-73.991592,40.729673],[-73.991631,40.729634],[-73.991669,40.729594999999996],[-73.99170499999998,40.729555],[-73.99174,40.729514],[-73.993622,40.72730800000001],[-73.99465899999998,40.725915]]},"properties":{"routes":["4","5","6"],"direction":"S","colors":["#009952"],"colorCount":1,"color0":"#009952","color1":"","color2":""}},{"type":"Feature","geometry":{"type":"LineString","coordinates":[[-73.989951,40.734673],[-73.989951,40.734673],[-73.98993,40.73458],[-73.989911,40.73449],[-73.989894,40.734401],[-73.98987999999999,40.734314],[-73.989867,40.734228],[-73.989857,40.734145],[-73.989849,40.734063],[-73.989843,40.733983],[-73.98984,40.733905],[-73.989838,40.733829],[-73.989839,40.733755],[-73.989842,40.733682],[-73.989847,40.733612],[-73.989854,40.733543],[-73.989863,40.733476],[-73.990453,40.731008],[-73.990468,40.73092299999999],[-73.990488,40.730843],[-73.990511,40.730765],[-73.990538,40.73069],[-73.990569,40.730618],[-73.990603,40.730548],[-73.990641,40.730482],[-73.99068199999999,40.730419],[-73.990727,40.730358],[-73.990775,40.7303],[-73.990827,40.730246],[-73.990882,40.730194000000004],[-73.990941,40.730144],[-73.991003,40.730098],[-73.99107,40.730053999999996]]},"properties":{"routes":["4","5","6"],"direction":"S","colors":["#009952"],"colorCount":1,"color0":"#009952","color1":"","color2":""}},{"type":"Feature","geometry":{"type":"LineString","coordinates":[[-73.99714099999998,40.722301],[-73.99714099999998,40.722301],[-73.997151,40.72228499999999],[-73.997158,40.72227300000001],[-73.997166,40.722261],[-73.997174,40.722249],[-73.997183,40.722237],[-73.997191,40.722225],[-73.997201,40.722213],[-73.99721,40.722201],[-73.99721999999998,40.722188],[-73.997231,40.722176],[-73.997241,40.722163],[-73.997253,40.722151000000004],[-73.997264,40.722138],[-73.997276,40.722125],[-73.999049,40.720054999999995],[-74.000193,40.718803]]},"properties":{"routes":["4","5","6"],"direction":"S","colors":["#009952"],"colorCount":1,"color0":"#009952","color1":"","color2":""}},{"type":"Feature","geometry":{"type":"LineString","coordinates":[[-73.99465899999998,40.725915],[-73.99465899999998,40.725915],[-73.996498,40.723654],[-73.996519,40.723631],[-73.99654,40.723607],[-73.99656,40.723584],[-73.996579,40.72356],[-73.996597,40.723536],[-73.996614,40.723512],[-73.99663099999998,40.723488],[-73.996647,40.723464],[-73.996662,40.723439],[-73.996676,40.723415],[-73.99669,40.723389999999995],[-73.996702,40.723365],[-73.996714,40.72334],[-73.996726,40.723314],[-73.99673599999998,40.723289],[-73.997029,40.722521],[-73.997035,40.722507],[-73.99704099999998,40.722492],[-73.997047,40.722477999999995],[-73.997053,40.72246400000001],[-73.99706,40.72245],[-73.99706599999999,40.722435],[-73.997073,40.72242099999999],[-73.997081,40.722407],[-73.997088,40.722393],[-73.99709599999998,40.722379],[-73.997104,40.722364],[-73.997112,40.72234999999999],[-73.99711999999998,40.722336],[-73.997128,40.722322],[-73.99714099999998,40.722301]]},"properties":{"routes":["4","5","6"],"direction":"S","colors":["#009952"],"colorCount":1,"color0":"#009952","color1":"","color2":""}},{"type":"Feature","geometry":{"type":"LineString","coordinates":[[-74.004131,40.713065],[-74.004131,40.713065],[-74.004631,40.712564],[-74.004665,40.71253000000001],[-74.004697,40.712498],[-74.004731,40.712469000000006],[-74.004767,40.71244],[-74.004805,40.712413],[-74.00484499999999,40.712387],[-74.004886,40.712363],[-74.00493,40.71234],[-74.004976,40.712318],[-74.00502299999998,40.712297],[-74.005073,40.712278000000005],[-74.005124,40.71226],[-74.005177,40.712243],[-74.00523299999999,40.712228],[-74.00529,40.712214],[-74.008338,40.711451],[-74.008372,40.711442],[-74.008407,40.711431000000005],[-74.008441,40.711419],[-74.008473,40.711406],[-74.008505,40.711393],[-74.008536,40.711379],[-74.008565,40.711364],[-74.00859399999999,40.711348],[-74.008622,40.711332],[-74.008649,40.711314],[-74.008675,40.711296],[-74.0087,40.711278],[-74.008725,40.711258],[-74.008748,40.711238],[-74.00877,40.71121800000001],[-74.009509,40.710368]]},"properties":{"routes":["4","5"],"direction":"S","colors":["#009952"],"colorCount":1,"color0":"#009952","color1":"","color2":""}},{"type":"Feature","geometry":{"type":"LineString","coordinates":[[-74.009509,40.710368],[-74.009509,40.710368],[-74.011862,40.707557]]},"properties":{"routes":["4","5"],"direction":"S","colors":["#009952"],"colorCount":1,"color0":"#009952","color1":"","color2":""}},{"type":"Feature","geometry":{"type":"LineString","coordinates":[[-74.011862,40.707557],[-74.011862,40.707557],[-74.013759,40.70529899999999],[-74.013854,40.705168],[-74.013932,40.705053],[-74.014065,40.704817]]},"properties":{"routes":["4","5"],"direction":"S","colors":["#009952"],"colorCount":1,"color0":"#009952","color1":"","color2":""}},{"type":"Feature","geometry":{"type":"LineString","coordinates":[[-74.014065,40.704817],[-74.014065,40.704817],[-74.014428,40.704123],[-74.014503,40.703957],[-74.014565,40.703793],[-74.014612,40.703634],[-74.014643,40.703477],[-74.014659,40.70332499999999],[-74.01466,40.703176],[-74.01464499999999,40.703031],[-74.014615,40.70289],[-74.01456899999998,40.702752],[-74.014509,40.702618],[-74.014432,40.702488],[-74.014341,40.702361],[-74.014233,40.702238],[-74.014111,40.702119],[-74.013973,40.702003],[-74.012544,40.700938],[-74.006198,40.696065],[-74.005764,40.695813],[-74.005177,40.695589],[-74.004589,40.695366],[-74.003986,40.695132],[-74.003274,40.694909],[-74.00263899999999,40.694739],[-74.001884,40.69456],[-74.001108,40.694369],[-74.00052,40.694217],[-73.999213,40.693877],[-73.998992,40.693837],[-73.99508,40.693147],[-73.990151,40.692404]]},"properties":{"routes":["4","5"],"direction":"S","colors":["#009952"],"colorCount":1,"color0":"#009952","color1":"","color2":""}},{"type":"Feature","geometry":{"type":"LineString","coordinates":[[-73.990151,40.692404],[-73.990151,40.692404],[-73.990067,40.692392],[-73.989986,40.69238],[-73.98990799999999,40.692367],[-73.989832,40.692354],[-73.98975999999999,40.69234099999999],[-73.98969,40.692328],[-73.989688,40.692328]]},"properties":{"routes":["4","5"],"direction":"S","colors":["#009952"],"colorCount":1,"color0":"#009952","color1":"","color2":""}},{"type":"Feature","geometry":{"type":"LineString","coordinates":[[-73.92772716978605,40.817581436588576],[-73.92771662438746,40.81763170089868],[-73.92773062483684,40.817679876714685],[-73.92776484509648,40.81772587094489],[-73.92781495912864,40.817769590497626],[-73.9278766408956,40.81781094228118],[-73.92794556435966,40.81784983320383],[-73.92801740348303,40.81788617017392],[-73.92808783222807,40.81791986009974],[-73.92815252455699,40.8179508098896],[-73.928157,40.817953],[-73.928189,40.817978],[-73.928219,40.81800299999999],[-73.92824699999998,40.818028],[-73.928274,40.818054],[-73.92829799999998,40.81808],[-73.92832,40.818106],[-73.928341,40.818132],[-73.92836,40.818159],[-73.928376,40.818186000000004],[-73.928391,40.818213],[-73.928404,40.81824],[-73.928415,40.818268],[-73.928424,40.818296],[-73.928431,40.818324000000004],[-73.92842985865863,40.81833838090129],[-73.9284209229573,40.81839858544816],[-73.9284032363705,40.81846513312135],[-73.92837722989859,40.81853387213889],[-73.92834333454194,40.818600650718835],[-73.9283019813009,40.81866131707918],[-73.92825360117587,40.818711719437964],[-73.9281986251672,40.818747706013234],[-73.92813748427528,40.818765125023006],[-73.92807060950045,40.81875982468531]]},"properties":{"routes":["5"],"direction":"N","colors":["#009952"],"colorCount":1,"color0":"#009952","color1":"","color2":""}},{"type":"Feature","geometry":{"type":"LineString","coordinates":[[-73.868781,40.84761],[-73.868713,40.847683],[-73.868618,40.847777],[-73.86848,40.847897],[-73.868344,40.84801],[-73.868114,40.848206],[-73.860495,40.854364]]},"properties":{"routes":["5"],"direction":"N","colors":["#009952"],"colorCount":1,"color0":"#009952","color1":"","color2":""}},{"type":"Feature","geometry":{"type":"LineString","coordinates":[[-73.860495,40.854364],[-73.860495,40.854364],[-73.857103,40.857109],[-73.85703399999998,40.857168],[-73.856964,40.85722899999999],[-73.856894,40.857291],[-73.856824,40.85735499999999],[-73.856754,40.857420000000005],[-73.85668399999999,40.85748699999999],[-73.856615,40.857555],[-73.856545,40.857624],[-73.856476,40.857695],[-73.856407,40.857767],[-73.856338,40.85784],[-73.85626799999999,40.857915],[-73.8562,40.857992],[-73.856131,40.858070000000005],[-73.856063,40.85814899999999],[-73.855359,40.858985]]},"properties":{"routes":["5"],"direction":"N","colors":["#009952"],"colorCount":1,"color0":"#009952","color1":"","color2":""}},{"type":"Feature","geometry":{"type":"LineString","coordinates":[[-73.855359,40.858985],[-73.855359,40.858985],[-73.846384,40.869526]]},"properties":{"routes":["5"],"direction":"N","colors":["#009952"],"colorCount":1,"color0":"#009952","color1":"","color2":""}},{"type":"Feature","geometry":{"type":"LineString","coordinates":[[-73.846384,40.869526],[-73.846384,40.869526],[-73.838591,40.878663]]},"properties":{"routes":["5"],"direction":"N","colors":["#009952"],"colorCount":1,"color0":"#009952","color1":"","color2":""}},{"type":"Feature","geometry":{"type":"LineString","coordinates":[[-73.838591,40.878663],[-73.838591,40.878663],[-73.836547,40.88107000000001],[-73.834236,40.883768],[-73.83271199999999,40.885577],[-73.832289,40.88611],[-73.83154999999998,40.887136],[-73.831315,40.887513],[-73.830834,40.8883]]},"properties":{"routes":["5"],"direction":"N","colors":["#009952"],"colorCount":1,"color0":"#009952","color1":"","color2":""}},{"type":"Feature","geometry":{"type":"LineString","coordinates":[[-73.830834,40.8883],[-73.831315,40.887513],[-73.83154999999998,40.887136],[-73.832289,40.88611],[-73.83271199999999,40.885577],[-73.834236,40.883768],[-73.836547,40.88107000000001],[-73.838591,40.878663]]},"properties":{"routes":["5"],"direction":"S","colors":["#009952"],"colorCount":1,"color0":"#009952","color1":"","color2":""}},{"type":"Feature","geometry":{"type":"LineString","coordinates":[[-73.838591,40.878663],[-73.838591,40.878663],[-73.846384,40.869526]]},"properties":{"routes":["5"],"direction":"S","colors":["#009952"],"colorCount":1,"color0":"#009952","color1":"","color2":""}},{"type":"Feature","geometry":{"type":"LineString","coordinates":[[-73.846384,40.869526],[-73.846384,40.869526],[-73.855359,40.858985]]},"properties":{"routes":["5"],"direction":"S","colors":["#009952"],"colorCount":1,"color0":"#009952","color1":"","color2":""}},{"type":"Feature","geometry":{"type":"LineString","coordinates":[[-73.855359,40.858985],[-73.855359,40.858985],[-73.856063,40.85814899999999],[-73.856131,40.858070000000005],[-73.8562,40.857992],[-73.85626799999999,40.857915],[-73.856338,40.85784],[-73.856407,40.857767],[-73.856476,40.857695],[-73.856545,40.857624],[-73.856615,40.857555],[-73.85668399999999,40.85748699999999],[-73.856754,40.857420000000005],[-73.856824,40.85735499999999],[-73.856894,40.857291],[-73.856964,40.85722899999999],[-73.85703399999998,40.857168],[-73.857103,40.857109],[-73.860495,40.854364]]},"properties":{"routes":["5"],"direction":"S","colors":["#009952"],"colorCount":1,"color0":"#009952","color1":"","color2":""}},{"type":"Feature","geometry":{"type":"LineString","coordinates":[[-73.860495,40.854364],[-73.860495,40.854364],[-73.868114,40.848206],[-73.86832892802914,40.84802284394037],[-73.86839959681967,40.847978744967385],[-73.8684853998453,40.847948165260924],[-73.8685812475752,40.84792686900805],[-73.86868205047864,40.847910620395844],[-73.86878271902489,40.847895183611385],[-73.86887816368315,40.84787632284174],[-73.86896329492265,40.847849802274006],[-73.86903302321265,40.84781138609523],[-73.8690822590224,40.847756838492494]]},"properties":{"routes":["5"],"direction":"S","colors":["#009952"],"colorCount":1,"color0":"#009952","color1":"","color2":""}},{"type":"Feature","geometry":{"type":"LineString","coordinates":[[-73.9280598602253,40.8187569167642],[-73.92812636851251,40.81876238004142],[-73.92818805940921,40.81874585903953],[-73.92824426688556,40.81871132713389],[-73.92829432491166,40.81866275769986],[-73.92833756745763,40.81860412411281],[-73.9283733284936,40.818539399748104],[-73.92840094198971,40.81847255798109],[-73.92841974191604,40.818407572187155],[-73.92842906224273,40.818348415741625],[-73.928431,40.818324000000004],[-73.928424,40.818296],[-73.928415,40.818268],[-73.928404,40.81824],[-73.928391,40.818213],[-73.928376,40.818186000000004],[-73.92836,40.818159],[-73.928341,40.818132],[-73.92832,40.818106],[-73.92829799999998,40.81808],[-73.928274,40.818054],[-73.92824699999998,40.818028],[-73.928219,40.81800299999999],[-73.928189,40.817978],[-73.92816248793156,40.81795728744654],[-73.92809924816584,40.81792352357869],[-73.9280285141989,40.817888610396274],[-73.92795504331923,40.81785228655584],[-73.92788359281539,40.81781429071394],[-73.92781891997586,40.817774361527135],[-73.92776578208914,40.817732237651946],[-73.92772893644377,40.81768765774494],[-73.92771314032822,40.81764036046267],[-73.92772315103105,40.81759008446167]]},"properties":{"routes":["5"],"direction":"S","colors":["#009952"],"colorCount":1,"color0":"#009952","color1":"","color2":""}},{"type":"Feature","geometry":{"type":"LineString","coordinates":[[-73.93059729670414,40.812441594720816],[-73.9305386233526,40.81248474641562],[-73.93046670134885,40.8125097736732],[-73.93038418897989,40.81252037294089],[-73.93029374453269,40.81252024066602],[-73.9301980262943,40.812513073295925],[-73.93009969255172,40.812502567277924],[-73.93000140159195,40.81249241905937],[-73.92990581170199,40.81248632508757],[-73.92981558116885,40.81248798180986],[-73.929661,40.812486],[-73.929507,40.812471],[-73.929352,40.812441],[-73.929199,40.812397],[-73.92904499999999,40.812339],[-73.928892,40.812267],[-73.928739,40.812181],[-73.928587,40.812079],[-73.927147,40.81098],[-73.92711599999998,40.810957],[-73.927084,40.810933000000006],[-73.92705,40.81091],[-73.927015,40.810887],[-73.926978,40.810863],[-73.92693899999999,40.81084],[-73.9269,40.810817],[-73.92685799999998,40.810795000000006],[-73.92681499999999,40.810772],[-73.92677100000002,40.810749],[-73.926725,40.810727],[-73.92667699999998,40.810704],[-73.92662799999998,40.810682],[-73.92657799999999,40.81065900000001],[-73.926526,40.810637],[-73.926138,40.810475999999994]]},"properties":{"routes":["6"],"direction":"N","colors":["#009952"],"colorCount":1,"color0":"#009952","color1":"","color2":""}},{"type":"Feature","geometry":{"type":"LineString","coordinates":[[-73.926138,40.810475999999994],[-73.926138,40.810475999999994],[-73.91924,40.807566]]},"properties":{"routes":["6"],"direction":"N","colors":["#009952"],"colorCount":1,"color0":"#009952","color1":"","color2":""}},{"type":"Feature","geometry":{"type":"LineString","coordinates":[[-73.91924,40.807566],[-73.91924,40.807566],[-73.914042,40.80536800000001]]},"properties":{"routes":["6"],"direction":"N","colors":["#009952"],"colorCount":1,"color0":"#009952","color1":"","color2":""}},{"type":"Feature","geometry":{"type":"LineString","coordinates":[[-73.914042,40.80536800000001],[-73.914042,40.80536800000001],[-73.912932,40.804902],[-73.912872,40.804878],[-73.912813,40.804858],[-73.91275399999999,40.80484],[-73.912696,40.804826],[-73.91264,40.804815],[-73.912584,40.804807],[-73.912528,40.804802],[-73.912474,40.80480099999999],[-73.91242,40.804802],[-73.912368,40.804807],[-73.912316,40.804815],[-73.912264,40.804826],[-73.91221399999999,40.804841],[-73.912165,40.804858],[-73.912116,40.804879],[-73.90891,40.806334],[-73.90884,40.806368],[-73.908774,40.806404],[-73.908711,40.806442],[-73.908651,40.80648300000001],[-73.90859499999999,40.806525],[-73.908543,40.80657],[-73.90849299999999,40.806618],[-73.908447,40.806667],[-73.908405,40.806719],[-73.908366,40.806773],[-73.90833,40.806829],[-73.908298,40.806887],[-73.908269,40.80694799999999],[-73.908244,40.807011],[-73.908222,40.807075999999995],[-73.907657,40.808719]]},"properties":{"routes":["6"],"direction":"N","colors":["#009952"],"colorCount":1,"color0":"#009952","color1":"","color2":""}},{"type":"Feature","geometry":{"type":"LineString","coordinates":[[-73.907657,40.808719],[-73.907657,40.808719],[-73.90732699999998,40.809654],[-73.907266,40.809831],[-73.907216,40.809947],[-73.907191,40.809991],[-73.907163,40.810034],[-73.907133,40.810075999999995],[-73.907101,40.810117],[-73.907067,40.810156],[-73.90703099999999,40.810194],[-73.906993,40.810231],[-73.906952,40.81026700000001],[-73.90691,40.810301],[-73.904713,40.81173299999999],[-73.904667,40.811765],[-73.904622,40.811796],[-73.904577,40.811826],[-73.904533,40.811855],[-73.90449,40.811883],[-73.904447,40.811911],[-73.90440599999998,40.811937],[-73.904365,40.811963],[-73.904324,40.811988],[-73.904285,40.812011],[-73.904246,40.812034],[-73.904208,40.812057],[-73.904171,40.812078],[-73.904134,40.812098],[-73.90409799999999,40.812118]]},"properties":{"routes":["6"],"direction":"N","colors":["#009952"],"colorCount":1,"color0":"#009952","color1":"","color2":""}},{"type":"Feature","geometry":{"type":"LineString","coordinates":[[-73.90409799999999,40.812118],[-73.90409799999999,40.812118],[-73.904076,40.812128],[-73.904054,40.812138],[-73.904032,40.812148],[-73.90401,40.812157],[-73.903988,40.812166],[-73.903967,40.812174000000006],[-73.903946,40.812183],[-73.903924,40.812191],[-73.903904,40.812199],[-73.903883,40.812206],[-73.903862,40.812214],[-73.90384199999998,40.812221],[-73.90382199999999,40.812227],[-73.903802,40.812234],[-73.903781,40.81224],[-73.899485,40.813447],[-73.899436,40.813461],[-73.899388,40.813475],[-73.899341,40.813489],[-73.899295,40.813505],[-73.899251,40.813522],[-73.899208,40.813539],[-73.899166,40.813557],[-73.899126,40.813577],[-73.899087,40.813597],[-73.89904999999999,40.81361799999999],[-73.899013,40.81364],[-73.898978,40.813663],[-73.89894499999998,40.813687],[-73.898913,40.813712],[-73.898882,40.81373800000001],[-73.896435,40.816104]]},"properties":{"routes":["6"],"direction":"N","colors":["#009952"],"colorCount":1,"color0":"#009952","color1":"","color2":""}},{"type":"Feature","geometry":{"type":"LineString","coordinates":[[-73.896435,40.816104],[-73.896435,40.816104],[-73.891955,40.820445],[-73.891926,40.82046700000001],[-73.891896,40.820488],[-73.891865,40.820509],[-73.891833,40.820529],[-73.891799,40.820549],[-73.891764,40.820568],[-73.891728,40.820587],[-73.891691,40.82060500000001],[-73.891653,40.82062299999999],[-73.891613,40.820641],[-73.891573,40.82065800000001],[-73.891531,40.820674000000004],[-73.891488,40.820691],[-73.891443,40.820707],[-73.891398,40.820722],[-73.890549,40.820948]]},"properties":{"routes":["6"],"direction":"N","colors":["#009952"],"colorCount":1,"color0":"#009952","color1":"","color2":""}},{"type":"Feature","geometry":{"type":"LineString","coordinates":[[-73.890549,40.820948],[-73.890549,40.820948],[-73.889769,40.821171],[-73.889724,40.821186],[-73.889678,40.82120199999999],[-73.889631,40.82122],[-73.889584,40.82124],[-73.889535,40.82126100000001],[-73.889486,40.821284],[-73.889436,40.821308],[-73.889385,40.82133399999999],[-73.889334,40.821362],[-73.889281,40.821391000000006],[-73.889228,40.821422],[-73.889174,40.821453999999996],[-73.889119,40.821488],[-73.88906399999999,40.821524],[-73.889008,40.821561],[-73.887776,40.822368],[-73.887697,40.82243],[-73.88762,40.822492],[-73.887547,40.82255500000001],[-73.88747699999999,40.82262],[-73.88741,40.822685],[-73.887346,40.822751],[-73.887286,40.822818],[-73.887229,40.822886],[-73.887175,40.82295500000001],[-73.887126,40.823025],[-73.887079,40.823097000000004],[-73.887035,40.82316999999999],[-73.886995,40.823242],[-73.88695699999998,40.823316],[-73.88692,40.823392],[-73.886853,40.823529],[-73.886787,40.823685],[-73.886737,40.823837],[-73.886692,40.823995],[-73.88665099999999,40.824206000000004],[-73.886598,40.824533],[-73.886283,40.826525]]},"properties":{"routes":["6"],"direction":"N","colors":["#009952"],"colorCount":1,"color0":"#009952","color1":"","color2":""}},{"type":"Feature","geometry":{"type":"LineString","coordinates":[[-73.886283,40.826525],[-73.886283,40.826525],[-73.88616,40.82728099999999],[-73.886127,40.827392],[-73.886085,40.827495],[-73.886034,40.82759200000001],[-73.885975,40.827682],[-73.885907,40.827765],[-73.885831,40.827841],[-73.88574699999998,40.82791],[-73.885653,40.827972],[-73.88555199999999,40.828027],[-73.885441,40.828076],[-73.885323,40.828117],[-73.885195,40.828151],[-73.885059,40.828179],[-73.884915,40.82819899999999],[-73.884763,40.828212],[-73.882301,40.828341],[-73.88225,40.828344],[-73.882198,40.828347],[-73.882147,40.828349],[-73.882095,40.828352],[-73.882043,40.828355],[-73.881991,40.828358],[-73.881939,40.828361],[-73.881887,40.828365],[-73.881834,40.828368],[-73.881782,40.828372],[-73.881729,40.828376],[-73.88167599999998,40.828379],[-73.881623,40.828383],[-73.88156899999998,40.828388000000004],[-73.881516,40.828391999999994],[-73.879159,40.828584]]},"properties":{"routes":["6"],"direction":"N","colors":["#009952"],"colorCount":1,"color0":"#009952","color1":"","color2":""}},{"type":"Feature","geometry":{"type":"LineString","coordinates":[[-73.879159,40.828584],[-73.879159,40.828584],[-73.877668,40.828708],[-73.877612,40.82871299999999],[-73.877555,40.82871899999999],[-73.877496,40.828727],[-73.877436,40.828735],[-73.877375,40.828744],[-73.877313,40.828755],[-73.877249,40.82876600000001],[-73.87718399999999,40.82877800000001],[-73.877118,40.828792],[-73.877051,40.828806],[-73.876982,40.828822],[-73.876912,40.828838],[-73.876841,40.828856],[-73.876769,40.828874],[-73.876695,40.828894],[-73.874516,40.829521]]},"properties":{"routes":["6"],"direction":"N","colors":["#009952"],"colorCount":1,"color0":"#009952","color1":"","color2":""}},{"type":"Feature","geometry":{"type":"LineString","coordinates":[[-73.874516,40.829521],[-73.874516,40.829521],[-73.867618,40.831509]]},"properties":{"routes":["6"],"direction":"N","colors":["#009952"],"colorCount":1,"color0":"#009952","color1":"","color2":""}},{"type":"Feature","geometry":{"type":"LineString","coordinates":[[-73.867618,40.831509],[-73.867618,40.831509],[-73.862382,40.83301900000001],[-73.862347,40.833028],[-73.862313,40.83303699999999],[-73.862279,40.833045],[-73.862245,40.833053],[-73.862212,40.83306],[-73.862178,40.833067],[-73.862145,40.833074],[-73.862113,40.83308000000001],[-73.86208,40.83308600000001],[-73.862048,40.833091],[-73.86201599999998,40.833096000000005],[-73.861984,40.8331],[-73.861952,40.83310399999999],[-73.861921,40.833107],[-73.86188999999999,40.83311],[-73.860816,40.833226]]},"properties":{"routes":["6"],"direction":"N","colors":["#009952"],"colorCount":1,"color0":"#009952","color1":"","color2":""}},{"type":"Feature","geometry":{"type":"LineString","coordinates":[[-73.860816,40.833226],[-73.860816,40.833226],[-73.851222,40.834255]]},"properties":{"routes":["6"],"direction":"N","colors":["#009952"],"colorCount":1,"color0":"#009952","color1":"","color2":""}},{"type":"Feature","geometry":{"type":"LineString","coordinates":[[-73.851222,40.834255],[-73.851222,40.834255],[-73.85005499999998,40.834379],[-73.849981,40.834389],[-73.84990699999999,40.834402000000004],[-73.849835,40.834417],[-73.849763,40.834435],[-73.849693,40.834456],[-73.849623,40.83448],[-73.849555,40.834507],[-73.849487,40.83453599999999],[-73.849421,40.834568],[-73.849355,40.834602999999994],[-73.849291,40.83464],[-73.849227,40.834681],[-73.849164,40.834724],[-73.849103,40.834769],[-73.849042,40.834818],[-73.847036,40.836487999999996]]},"properties":{"routes":["6"],"direction":"N","colors":["#009952"],"colorCount":1,"color0":"#009952","color1":"","color2":""}},{"type":"Feature","geometry":{"type":"LineString","coordinates":[[-73.847036,40.836487999999996],[-73.847036,40.836487999999996],[-73.84295199999998,40.839892000000006]]},"properties":{"routes":["6"],"direction":"N","colors":["#009952"],"colorCount":1,"color0":"#009952","color1":"","color2":""}},{"type":"Feature","geometry":{"type":"LineString","coordinates":[[-73.84295199999998,40.839892000000006],[-73.84295199999998,40.839892000000006],[-73.842229,40.840497],[-73.842193,40.840523],[-73.842157,40.840549],[-73.842121,40.840574],[-73.842086,40.840598],[-73.842051,40.840622],[-73.842016,40.840645],[-73.841982,40.840667],[-73.841948,40.840689],[-73.841915,40.84071],[-73.841881,40.84073],[-73.84184899999998,40.840749],[-73.841816,40.840768],[-73.841784,40.840787],[-73.841752,40.840804000000006],[-73.841721,40.840821],[-73.83742999999998,40.843045],[-73.837398,40.843063],[-73.837367,40.843081],[-73.837335,40.8431],[-73.837305,40.843119],[-73.837274,40.843138],[-73.837244,40.843157],[-73.837214,40.843176],[-73.837184,40.843196],[-73.837155,40.843216],[-73.837126,40.843236],[-73.83709699999999,40.843256],[-73.837069,40.843277],[-73.837041,40.843298000000004],[-73.837013,40.843319],[-73.836986,40.84334],[-73.836322,40.843863]]},"properties":{"routes":["6"],"direction":"N","colors":["#009952"],"colorCount":1,"color0":"#009952","color1":"","color2":""}},{"type":"Feature","geometry":{"type":"LineString","coordinates":[[-73.836322,40.843863],[-73.836322,40.843863],[-73.832569,40.84681]]},"properties":{"routes":["6"],"direction":"N","colors":["#009952"],"colorCount":1,"color0":"#009952","color1":"","color2":""}},{"type":"Feature","geometry":{"type":"LineString","coordinates":[[-73.832569,40.84681],[-73.832569,40.84681],[-73.831662,40.847525],[-73.831616,40.847565],[-73.831572,40.847606000000006],[-73.831528,40.847648],[-73.831486,40.847691],[-73.831445,40.847733999999996],[-73.83140599999999,40.847778],[-73.831367,40.847822],[-73.831329,40.847868000000005],[-73.831293,40.847914],[-73.831258,40.847961],[-73.831224,40.84800799999999],[-73.831191,40.848056],[-73.83116,40.848105],[-73.831129,40.848155],[-73.8311,40.84820499999999],[-73.830739,40.84881],[-73.830702,40.848875],[-73.830666,40.84894],[-73.830631,40.849004],[-73.830598,40.849069],[-73.830566,40.849133],[-73.830536,40.849196],[-73.83050599999999,40.849259],[-73.830478,40.849322],[-73.83045099999998,40.84938499999999],[-73.830426,40.849448],[-73.830402,40.84951],[-73.830379,40.849571],[-73.830357,40.849633000000004],[-73.830337,40.84969400000001],[-73.830318,40.84975500000001],[-73.829967,40.851038],[-73.829942,40.851124],[-73.829912,40.851206],[-73.829878,40.851285],[-73.829841,40.851361],[-73.829799,40.851434],[-73.829753,40.851504],[-73.829703,40.851571],[-73.829648,40.851634],[-73.82959,40.851695],[-73.829528,40.851752],[-73.829461,40.851806],[-73.829391,40.851856999999995],[-73.829316,40.851905],[-73.829237,40.851949],[-73.829153,40.851991000000005],[-73.82812099999998,40.852462]]},"properties":{"routes":["6"],"direction":"N","colors":["#009952"],"colorCount":1,"color0":"#009952","color1":"","color2":""}},{"type":"Feature","geometry":{"type":"LineString","coordinates":[[-73.82812099999998,40.852462],[-73.829153,40.851991000000005],[-73.829237,40.851949],[-73.829316,40.851905],[-73.829391,40.851856999999995],[-73.829461,40.851806],[-73.829528,40.851752],[-73.82959,40.851695],[-73.829648,40.851634],[-73.829703,40.851571],[-73.829753,40.851504],[-73.829799,40.851434],[-73.829841,40.851361],[-73.829878,40.851285],[-73.829912,40.851206],[-73.829942,40.851124],[-73.829967,40.851038],[-73.830318,40.84975500000001],[-73.830337,40.84969400000001],[-73.830357,40.849633000000004],[-73.830379,40.849571],[-73.830402,40.84951],[-73.830426,40.849448],[-73.83045099999998,40.84938499999999],[-73.830478,40.849322],[-73.83050599999999,40.849259],[-73.830536,40.849196],[-73.830566,40.849133],[-73.830598,40.849069],[-73.830631,40.849004],[-73.830666,40.84894],[-73.830702,40.848875],[-73.830739,40.84881],[-73.8311,40.84820499999999],[-73.831129,40.848155],[-73.83116,40.848105],[-73.831191,40.848056],[-73.831224,40.84800799999999],[-73.831258,40.847961],[-73.831293,40.847914],[-73.831329,40.847868000000005],[-73.831367,40.847822],[-73.83140599999999,40.847778],[-73.831445,40.847733999999996],[-73.831486,40.847691],[-73.831528,40.847648],[-73.831572,40.847606000000006],[-73.831616,40.847565],[-73.831662,40.847525],[-73.832569,40.84681]]},"properties":{"routes":["6"],"direction":"S","colors":["#009952"],"colorCount":1,"color0":"#009952","color1":"","color2":""}},{"type":"Feature","geometry":{"type":"LineString","coordinates":[[-73.832569,40.84681],[-73.832569,40.84681],[-73.836322,40.843863]]},"properties":{"routes":["6"],"direction":"S","colors":["#009952"],"colorCount":1,"color0":"#009952","color1":"","color2":""}},{"type":"Feature","geometry":{"type":"LineString","coordinates":[[-73.836322,40.843863],[-73.836322,40.843863],[-73.836986,40.84334],[-73.837013,40.843319],[-73.837041,40.843298000000004],[-73.837069,40.843277],[-73.83709699999999,40.843256],[-73.837126,40.843236],[-73.837155,40.843216],[-73.837184,40.843196],[-73.837214,40.843176],[-73.837244,40.843157],[-73.837274,40.843138],[-73.837305,40.843119],[-73.837335,40.8431],[-73.837367,40.843081],[-73.837398,40.843063],[-73.83742999999998,40.843045],[-73.841721,40.840821],[-73.841752,40.840804000000006],[-73.841784,40.840787],[-73.841816,40.840768],[-73.84184899999998,40.840749],[-73.841881,40.84073],[-73.841915,40.84071],[-73.841948,40.840689],[-73.841982,40.840667],[-73.842016,40.840645],[-73.842051,40.840622],[-73.842086,40.840598],[-73.842121,40.840574],[-73.842157,40.840549],[-73.842193,40.840523],[-73.842229,40.840497],[-73.84295199999998,40.839892000000006]]},"properties":{"routes":["6"],"direction":"S","colors":["#009952"],"colorCount":1,"color0":"#009952","color1":"","color2":""}},{"type":"Feature","geometry":{"type":"LineString","coordinates":[[-73.84295199999998,40.839892000000006],[-73.84295199999998,40.839892000000006],[-73.847036,40.836487999999996]]},"properties":{"routes":["6"],"direction":"S","colors":["#009952"],"colorCount":1,"color0":"#009952","color1":"","color2":""}},{"type":"Feature","geometry":{"type":"LineString","coordinates":[[-73.847036,40.836487999999996],[-73.847036,40.836487999999996],[-73.849042,40.834818],[-73.849103,40.834769],[-73.849164,40.834724],[-73.849227,40.834681],[-73.849291,40.83464],[-73.849355,40.834602999999994],[-73.849421,40.834568],[-73.849487,40.83453599999999],[-73.849555,40.834507],[-73.849623,40.83448],[-73.849693,40.834456],[-73.849763,40.834435],[-73.849835,40.834417],[-73.84990699999999,40.834402000000004],[-73.849981,40.834389],[-73.85005499999998,40.834379],[-73.851222,40.834255]]},"properties":{"routes":["6"],"direction":"S","colors":["#009952"],"colorCount":1,"color0":"#009952","color1":"","color2":""}},{"type":"Feature","geometry":{"type":"LineString","coordinates":[[-73.851222,40.834255],[-73.851222,40.834255],[-73.860816,40.833226]]},"properties":{"routes":["6"],"direction":"S","colors":["#009952"],"colorCount":1,"color0":"#009952","color1":"","color2":""}},{"type":"Feature","geometry":{"type":"LineString","coordinates":[[-73.860816,40.833226],[-73.860816,40.833226],[-73.86188999999999,40.83311],[-73.861921,40.833107],[-73.861952,40.83310399999999],[-73.861984,40.8331],[-73.86201599999998,40.833096000000005],[-73.862048,40.833091],[-73.86208,40.83308600000001],[-73.862113,40.83308000000001],[-73.862145,40.833074],[-73.862178,40.833067],[-73.862212,40.83306],[-73.862245,40.833053],[-73.862279,40.833045],[-73.862313,40.83303699999999],[-73.862347,40.833028],[-73.862382,40.83301900000001],[-73.867618,40.831509]]},"properties":{"routes":["6"],"direction":"S","colors":["#009952"],"colorCount":1,"color0":"#009952","color1":"","color2":""}},{"type":"Feature","geometry":{"type":"LineString","coordinates":[[-73.867618,40.831509],[-73.867618,40.831509],[-73.874516,40.829521]]},"properties":{"routes":["6"],"direction":"S","colors":["#009952"],"colorCount":1,"color0":"#009952","color1":"","color2":""}},{"type":"Feature","geometry":{"type":"LineString","coordinates":[[-73.874516,40.829521],[-73.874516,40.829521],[-73.876695,40.828894],[-73.876769,40.828874],[-73.876841,40.828856],[-73.876912,40.828838],[-73.876982,40.828822],[-73.877051,40.828806],[-73.877118,40.828792],[-73.87718399999999,40.82877800000001],[-73.877249,40.82876600000001],[-73.877313,40.828755],[-73.877375,40.828744],[-73.877436,40.828735],[-73.877496,40.828727],[-73.877555,40.82871899999999],[-73.877612,40.82871299999999],[-73.877668,40.828708],[-73.879159,40.828584]]},"properties":{"routes":["6"],"direction":"S","colors":["#009952"],"colorCount":1,"color0":"#009952","color1":"","color2":""}},{"type":"Feature","geometry":{"type":"LineString","coordinates":[[-73.879159,40.828584],[-73.879159,40.828584],[-73.881516,40.828391999999994],[-73.88156899999998,40.828388000000004],[-73.881623,40.828383],[-73.88167599999998,40.828379],[-73.881729,40.828376],[-73.881782,40.828372],[-73.881834,40.828368],[-73.881887,40.828365],[-73.881939,40.828361],[-73.881991,40.828358],[-73.882043,40.828355],[-73.882095,40.828352],[-73.882147,40.828349],[-73.882198,40.828347],[-73.88225,40.828344],[-73.882301,40.828341],[-73.884763,40.828212],[-73.884915,40.82819899999999],[-73.885059,40.828179],[-73.885195,40.828151],[-73.885323,40.828117],[-73.885441,40.828076],[-73.88555199999999,40.828027],[-73.885653,40.827972],[-73.88574699999998,40.82791],[-73.885831,40.827841],[-73.885907,40.827765],[-73.885975,40.827682],[-73.886034,40.82759200000001],[-73.886085,40.827495],[-73.886127,40.827392],[-73.88616,40.82728099999999],[-73.886283,40.826525]]},"properties":{"routes":["6"],"direction":"S","colors":["#009952"],"colorCount":1,"color0":"#009952","color1":"","color2":""}},{"type":"Feature","geometry":{"type":"LineString","coordinates":[[-73.886283,40.826525],[-73.886283,40.826525],[-73.886598,40.824533],[-73.88665099999999,40.824206000000004],[-73.886692,40.823995],[-73.886737,40.823837],[-73.886787,40.823685],[-73.886853,40.823529],[-73.88692,40.823392],[-73.88695699999998,40.823316],[-73.886995,40.823242],[-73.887035,40.82316999999999],[-73.887079,40.823097000000004],[-73.887126,40.823025],[-73.887175,40.82295500000001],[-73.887229,40.822886],[-73.887286,40.822818],[-73.887346,40.822751],[-73.88741,40.822685],[-73.88747699999999,40.82262],[-73.887547,40.82255500000001],[-73.88762,40.822492],[-73.887697,40.82243],[-73.887776,40.822368],[-73.889008,40.821561],[-73.88906399999999,40.821524],[-73.889119,40.821488],[-73.889174,40.821453999999996],[-73.889228,40.821422],[-73.889281,40.821391000000006],[-73.889334,40.821362],[-73.889385,40.82133399999999],[-73.889436,40.821308],[-73.889486,40.821284],[-73.889535,40.82126100000001],[-73.889584,40.82124],[-73.889631,40.82122],[-73.889678,40.82120199999999],[-73.889724,40.821186],[-73.889769,40.821171],[-73.890549,40.820948]]},"properties":{"routes":["6"],"direction":"S","colors":["#009952"],"colorCount":1,"color0":"#009952","color1":"","color2":""}},{"type":"Feature","geometry":{"type":"LineString","coordinates":[[-73.890549,40.820948],[-73.890549,40.820948],[-73.891398,40.820722],[-73.891443,40.820707],[-73.891488,40.820691],[-73.891531,40.820674000000004],[-73.891573,40.82065800000001],[-73.891613,40.820641],[-73.891653,40.82062299999999],[-73.891691,40.82060500000001],[-73.891728,40.820587],[-73.891764,40.820568],[-73.891799,40.820549],[-73.891833,40.820529],[-73.891865,40.820509],[-73.891896,40.820488],[-73.891926,40.82046700000001],[-73.891955,40.820445],[-73.896435,40.816104]]},"properties":{"routes":["6"],"direction":"S","colors":["#009952"],"colorCount":1,"color0":"#009952","color1":"","color2":""}},{"type":"Feature","geometry":{"type":"LineString","coordinates":[[-73.896435,40.816104],[-73.896435,40.816104],[-73.898882,40.81373800000001],[-73.898913,40.813712],[-73.89894499999998,40.813687],[-73.898978,40.813663],[-73.899013,40.81364],[-73.89904999999999,40.81361799999999],[-73.899087,40.813597],[-73.899126,40.813577],[-73.899166,40.813557],[-73.899208,40.813539],[-73.899251,40.813522],[-73.899295,40.813505],[-73.899341,40.813489],[-73.899388,40.813475],[-73.899436,40.813461],[-73.899485,40.813447],[-73.903781,40.81224],[-73.903802,40.812234],[-73.90382199999999,40.812227],[-73.90384199999998,40.812221],[-73.903862,40.812214],[-73.903883,40.812206],[-73.903904,40.812199],[-73.903924,40.812191],[-73.903946,40.812183],[-73.903967,40.812174000000006],[-73.903988,40.812166],[-73.90401,40.812157],[-73.904032,40.812148],[-73.904054,40.812138],[-73.904076,40.812128],[-73.90409799999999,40.812118]]},"properties":{"routes":["6"],"direction":"S","colors":["#009952"],"colorCount":1,"color0":"#009952","color1":"","color2":""}},{"type":"Feature","geometry":{"type":"LineString","coordinates":[[-73.90409799999999,40.812118],[-73.90409799999999,40.812118],[-73.904134,40.812098],[-73.904171,40.812078],[-73.904208,40.812057],[-73.904246,40.812034],[-73.904285,40.812011],[-73.904324,40.811988],[-73.904365,40.811963],[-73.90440599999998,40.811937],[-73.904447,40.811911],[-73.90449,40.811883],[-73.904533,40.811855],[-73.904577,40.811826],[-73.904622,40.811796],[-73.904667,40.811765],[-73.904713,40.81173299999999],[-73.90691,40.810301],[-73.906952,40.81026700000001],[-73.906993,40.810231],[-73.90703099999999,40.810194],[-73.907067,40.810156],[-73.907101,40.810117],[-73.907133,40.810075999999995],[-73.907163,40.810034],[-73.907191,40.809991],[-73.907216,40.809947],[-73.907266,40.809831],[-73.90732699999998,40.809654],[-73.907657,40.808719]]},"properties":{"routes":["6"],"direction":"S","colors":["#009952"],"colorCount":1,"color0":"#009952","color1":"","color2":""}},{"type":"Feature","geometry":{"type":"LineString","coordinates":[[-73.907657,40.808719],[-73.907657,40.808719],[-73.908222,40.807075999999995],[-73.908244,40.807011],[-73.908269,40.80694799999999],[-73.908298,40.806887],[-73.90833,40.806829],[-73.908366,40.806773],[-73.908405,40.806719],[-73.908447,40.806667],[-73.90849299999999,40.806618],[-73.908543,40.80657],[-73.90859499999999,40.806525],[-73.908651,40.80648300000001],[-73.908711,40.806442],[-73.908774,40.806404],[-73.90884,40.806368],[-73.90891,40.806334],[-73.912116,40.804879],[-73.912165,40.804858],[-73.91221399999999,40.804841],[-73.912264,40.804826],[-73.912316,40.804815],[-73.912368,40.804807],[-73.91242,40.804802],[-73.912474,40.80480099999999],[-73.912528,40.804802],[-73.912584,40.804807],[-73.91264,40.804815],[-73.912696,40.804826],[-73.91275399999999,40.80484],[-73.912813,40.804858],[-73.912872,40.804878],[-73.912932,40.804902],[-73.914042,40.80536800000001]]},"properties":{"routes":["6"],"direction":"S","colors":["#009952"],"colorCount":1,"color0":"#009952","color1":"","color2":""}},{"type":"Feature","geometry":{"type":"LineString","coordinates":[[-73.914042,40.80536800000001],[-73.914042,40.80536800000001],[-73.91924,40.807566]]},"properties":{"routes":["6"],"direction":"S","colors":["#009952"],"colorCount":1,"color0":"#009952","color1":"","color2":""}},{"type":"Feature","geometry":{"type":"LineString","coordinates":[[-73.91924,40.807566],[-73.91924,40.807566],[-73.926138,40.810475999999994]]},"properties":{"routes":["6"],"direction":"S","colors":["#009952"],"colorCount":1,"color0":"#009952","color1":"","color2":""}},{"type":"Feature","geometry":{"type":"LineString","coordinates":[[-73.926138,40.810475999999994],[-73.926138,40.810475999999994],[-73.926526,40.810637],[-73.92657799999999,40.81065900000001],[-73.92662799999998,40.810682],[-73.92667699999998,40.810704],[-73.926725,40.810727],[-73.92677100000002,40.810749],[-73.92681499999999,40.810772],[-73.92685799999998,40.810795000000006],[-73.9269,40.810817],[-73.92693899999999,40.81084],[-73.926978,40.810863],[-73.927015,40.810887],[-73.92705,40.81091],[-73.927084,40.810933000000006],[-73.92711599999998,40.810957],[-73.927147,40.81098],[-73.928587,40.812079],[-73.928739,40.812181],[-73.928892,40.812267],[-73.92904499999999,40.812339],[-73.929199,40.812397],[-73.929352,40.812441],[-73.929507,40.812471],[-73.929661,40.812486],[-73.929817,40.812488],[-73.92987155629362,40.81248342431086],[-73.92995909807438,40.812480471118164],[-73.93005166308097,40.812483620073],[-73.93014672105642,40.81248970150235],[-73.9302417417438,40.81249554573322],[-73.93033419488613,40.81249798309263],[-73.93042155022646,40.81249384390758],[-73.93050127750782,40.81247995850509],[-73.93057084647326,40.812453157212126],[-73.93062772686584,40.81241027035574]]},"properties":{"routes":["6"],"direction":"S","colors":["#009952"],"colorCount":1,"color0":"#009952","color1":"","color2":""}},{"type":"Feature","geometry":{"type":"LineString","coordinates":[[-74.00190999999998,40.755882],[-74.001729,40.75613],[-74.000106,40.758348],[-73.999932,40.758581],[-73.999748,40.758787],[-73.999554,40.758968],[-73.99935,40.759123],[-73.999136,40.759254],[-73.998912,40.75935799999999],[-73.998677,40.759438],[-73.998432,40.759492],[-73.998178,40.759521],[-73.997913,40.759524],[-73.997637,40.759502],[-73.997352,40.759454],[-73.997057,40.759382],[-73.996751,40.759284],[-73.996433,40.759159000000004],[-73.987691,40.755477]]},"properties":{"routes":["7"],"direction":"N","colors":["#9A38A1"],"colorCount":1,"color0":"#9A38A1","color1":"","color2":""}},{"type":"Feature","geometry":{"type":"LineString","coordinates":[[-73.987691,40.755477],[-73.987691,40.755477],[-73.984755,40.754242],[-73.984703,40.754224],[-73.984649,40.754207],[-73.984593,40.754193],[-73.984537,40.754180999999996],[-73.984479,40.75417300000001],[-73.984421,40.754167],[-73.984361,40.754164],[-73.984301,40.754163],[-73.984239,40.754165],[-73.984176,40.75417],[-73.984112,40.754178],[-73.984047,40.754188],[-73.983981,40.754201],[-73.983914,40.754217],[-73.983846,40.754234],[-73.983748,40.75425599999999],[-73.983705,40.754263],[-73.983661,40.754269],[-73.98361599999998,40.754273],[-73.98357,40.754276],[-73.98352299999999,40.754277],[-73.983475,40.754276],[-73.983426,40.754274],[-73.983376,40.75427],[-73.983325,40.754264],[-73.983273,40.754257],[-73.98322,40.754249],[-73.983166,40.75423800000001],[-73.983111,40.754227],[-73.98305499999998,40.754213],[-73.982998,40.754198],[-73.982936,40.75417900000001],[-73.982872,40.754159],[-73.982808,40.754138],[-73.98274299999999,40.754115999999996],[-73.982677,40.754093],[-73.982609,40.75407],[-73.982541,40.754045],[-73.982472,40.75402],[-73.982402,40.75399399999999],[-73.982332,40.753968],[-73.98226,40.75394],[-73.982187,40.75391100000001],[-73.982113,40.753882],[-73.982039,40.753851999999995],[-73.981963,40.753821]]},"properties":{"routes":["7"],"direction":"N","colors":["#9A38A1"],"colorCount":1,"color0":"#9A38A1","color1":"","color2":""}},{"type":"Feature","geometry":{"type":"LineString","coordinates":[[-73.981963,40.753821],[-73.981963,40.753821],[-73.981151,40.753483],[-73.981081,40.753455],[-73.981006,40.75343],[-73.980971,40.753419],[-73.980932,40.75341],[-73.980891,40.753401000000004],[-73.980848,40.75339],[-73.980767,40.753364],[-73.980686,40.753333],[-73.97871899999998,40.752511],[-73.97865,40.752484],[-73.978584,40.752463],[-73.978522,40.752448],[-73.97846,40.752434],[-73.978395,40.752415],[-73.978335,40.752391],[-73.976041,40.751431]]},"properties":{"routes":["7"],"direction":"N","colors":["#9A38A1"],"colorCount":1,"color0":"#9A38A1","color1":"","color2":""}},{"type":"Feature","geometry":{"type":"LineString","coordinates":[[-73.976041,40.751431],[-73.976041,40.751431],[-73.957031,40.74343],[-73.956955,40.743399],[-73.956879,40.743369],[-73.95680199999998,40.74334],[-73.956724,40.743312],[-73.956645,40.743284],[-73.956566,40.743258],[-73.956485,40.743232],[-73.956404,40.743208],[-73.956323,40.743184],[-73.95624,40.743161],[-73.95615599999998,40.743139],[-73.956072,40.743118],[-73.955987,40.743098],[-73.95590199999998,40.743079],[-73.955815,40.743061],[-73.953581,40.742626]]},"properties":{"routes":["7"],"direction":"N","colors":["#9A38A1"],"colorCount":1,"color0":"#9A38A1","color1":"","color2":""}},{"type":"Feature","geometry":{"type":"LineString","coordinates":[[-73.953581,40.742626],[-73.953581,40.742626],[-73.950324,40.741988],[-73.95028999999998,40.741984],[-73.950256,40.74198],[-73.950222,40.741977],[-73.950189,40.741974],[-73.950156,40.74197199999999],[-73.950123,40.741971],[-73.950091,40.741971],[-73.950059,40.741971],[-73.950028,40.741973],[-73.949997,40.741975],[-73.949966,40.741977],[-73.949936,40.741981],[-73.94990599999998,40.741985],[-73.949877,40.74199],[-73.949849,40.741997],[-73.948916,40.742216000000006]]},"properties":{"routes":["7"],"direction":"N","colors":["#9A38A1"],"colorCount":1,"color0":"#9A38A1","color1":"","color2":""}},{"type":"Feature","geometry":{"type":"LineString","coordinates":[[-73.948916,40.742216000000006],[-73.948916,40.742216000000006],[-73.947842,40.74247],[-73.947293,40.742634],[-73.94700599999999,40.742728],[-73.946706,40.742839],[-73.946315,40.742996],[-73.945192,40.74345300000001],[-73.945093,40.743501],[-73.945004,40.743551],[-73.944924,40.743603],[-73.944855,40.743659],[-73.94479599999998,40.743716],[-73.94474799999999,40.743777],[-73.944709,40.74384],[-73.944681,40.743905],[-73.944663,40.743973],[-73.944654,40.744043],[-73.944654,40.744116],[-73.944663,40.74419199999999],[-73.944685,40.74427],[-73.944722,40.744349],[-73.944771,40.744434],[-73.945549,40.745566],[-73.945565,40.745597],[-73.94558,40.745628],[-73.945593,40.74566],[-73.945604,40.745692],[-73.945613,40.745724],[-73.945619,40.745757],[-73.945624,40.745791],[-73.945626,40.745825],[-73.945626,40.74586],[-73.945624,40.745895],[-73.945619,40.74593],[-73.945613,40.745966],[-73.945604,40.746003],[-73.945593,40.74604],[-73.945579,40.74607700000001],[-73.945264,40.747023]]},"properties":{"routes":["7"],"direction":"N","colors":["#9A38A1"],"colorCount":1,"color0":"#9A38A1","color1":"","color2":""}},{"type":"Feature","geometry":{"type":"LineString","coordinates":[[-73.945264,40.747023],[-73.945264,40.747023],[-73.944909,40.748110000000004],[-73.94489599999999,40.748151],[-73.94488,40.748191],[-73.944863,40.748231],[-73.944846,40.748269],[-73.94482699999999,40.748307000000004],[-73.944808,40.748345],[-73.944788,40.748382],[-73.94476799999998,40.748418],[-73.944746,40.748454],[-73.944724,40.748489],[-73.944701,40.748524],[-73.944677,40.748558],[-73.944652,40.748591],[-73.944626,40.74862400000001],[-73.944599,40.748656],[-73.942624,40.750926],[-73.942565,40.750983],[-73.942502,40.75103500000001],[-73.942435,40.75108],[-73.942366,40.75111799999999],[-73.942293,40.75115],[-73.94224747875978,40.75116497409218],[-73.94216495666355,40.75119283868774],[-73.94207557545698,40.75122296343712],[-73.94198206309339,40.7512522992809],[-73.94188714752607,40.75127779715969],[-73.94179355670838,40.7512964080141],[-73.9417040185936,40.75130508278472],[-73.94162126113505,40.75130077241218],[-73.94154801228609,40.75128042783707],[-73.94148699999998,40.751241]]},"properties":{"routes":["7"],"direction":"N","colors":["#9A38A1"],"colorCount":1,"color0":"#9A38A1","color1":"","color2":""}},{"type":"Feature","geometry":{"type":"LineString","coordinates":[[-73.94153899999999,40.75129],[-73.94153899999999,40.75129],[-73.94151399999998,40.751266],[-73.94148699999998,40.751241],[-73.94145899999998,40.751217],[-73.94142899999999,40.751192],[-73.941397,40.75116700000001],[-73.941364,40.751143],[-73.94132899999998,40.751117],[-73.941293,40.751092],[-73.941255,40.751067],[-73.941215,40.75104100000001],[-73.941174,40.751016],[-73.941131,40.75099],[-73.941087,40.750963],[-73.94020199999999,40.75058200000001]]},"properties":{"routes":["7","N","W"],"direction":"N","colors":["#9A38A1","#F6BC26"],"colorCount":2,"color0":"#9A38A1","color1":"#F6BC26","color2":""}},{"type":"Feature","geometry":{"type":"LineString","coordinates":[[-73.94020199999999,40.75058200000001],[-73.94020199999999,40.75058200000001],[-73.93917399999998,40.750134],[-73.93903,40.750057999999996],[-73.938889,40.749982],[-73.938753,40.749906],[-73.938621,40.74983],[-73.938493,40.749754],[-73.93837,40.749678],[-73.938251,40.749602],[-73.938136,40.74952600000001],[-73.938026,40.74945],[-73.93792,40.749373],[-73.937818,40.749297],[-73.93772,40.74922],[-73.937627,40.749143],[-73.937538,40.749067],[-73.93747999999998,40.749013]]},"properties":{"routes":["7","N","W"],"direction":"N","colors":["#9A38A1","#F6BC26"],"colorCount":2,"color0":"#9A38A1","color1":"#F6BC26","color2":""}},{"type":"Feature","geometry":{"type":"LineString","coordinates":[[-73.93747999999998,40.749013],[-73.937455,40.748991],[-73.93355599999998,40.745219999999996],[-73.933497,40.74517099999999],[-73.933435,40.745125],[-73.933371,40.745081],[-73.933304,40.74504],[-73.933235,40.745001],[-73.933164,40.744965],[-73.933091,40.744931],[-73.933015,40.7449],[-73.932936,40.744871],[-73.932856,40.744845],[-73.932773,40.744822],[-73.93268699999999,40.744801],[-73.9326,40.744782],[-73.932509,40.744766],[-73.932417,40.74475300000001],[-73.93099699999999,40.744587]]},"properties":{"routes":["7"],"direction":"N","colors":["#9A38A1"],"colorCount":1,"color0":"#9A38A1","color1":"","color2":""}},{"type":"Feature","geometry":{"type":"LineString","coordinates":[[-73.93099699999999,40.744587],[-73.93099699999999,40.744587],[-73.924016,40.743781]]},"properties":{"routes":["7"],"direction":"N","colors":["#9A38A1"],"colorCount":1,"color0":"#9A38A1","color1":"","color2":""}},{"type":"Feature","geometry":{"type":"LineString","coordinates":[[-73.924016,40.743781],[-73.924016,40.743781],[-73.918435,40.743131999999996]]},"properties":{"routes":["7"],"direction":"N","colors":["#9A38A1"],"colorCount":1,"color0":"#9A38A1","color1":"","color2":""}},{"type":"Feature","geometry":{"type":"LineString","coordinates":[[-73.918435,40.743131999999996],[-73.918435,40.743131999999996],[-73.917065,40.742977],[-73.916997,40.742972],[-73.916929,40.742969],[-73.916862,40.742967],[-73.916796,40.742967],[-73.91673,40.742968],[-73.916665,40.74297],[-73.9166,40.742974],[-73.91653599999998,40.74298],[-73.916472,40.742987],[-73.916409,40.742996],[-73.916347,40.743005999999994],[-73.916285,40.743017],[-73.916223,40.74303],[-73.91616199999999,40.743045],[-73.916102,40.743061],[-73.912549,40.744149],[-73.91081899999999,40.744671],[-73.910763,40.744687],[-73.910707,40.744702],[-73.91065,40.744717],[-73.910592,40.744732],[-73.910535,40.744747],[-73.910476,40.744761],[-73.910418,40.744775000000004],[-73.910358,40.744789],[-73.910299,40.744803],[-73.91023799999999,40.744816],[-73.910178,40.744829],[-73.910116,40.74484199999999],[-73.91005499999999,40.744855],[-73.909993,40.744867],[-73.90993,40.744879],[-73.90732699999998,40.745321],[-73.907273,40.745328],[-73.907219,40.745335],[-73.907166,40.745341],[-73.907113,40.745347],[-73.907062,40.745352],[-73.90701,40.745357],[-73.90696,40.745361],[-73.90691,40.745365],[-73.906861,40.74536799999999],[-73.906813,40.745371],[-73.906765,40.745374],[-73.90671799999998,40.745376],[-73.90667099999999,40.745377],[-73.906625,40.745378],[-73.90658,40.745379],[-73.90569599999999,40.745386],[-73.905529,40.745391],[-73.90549299999999,40.745392],[-73.905456,40.745393],[-73.905418,40.745394],[-73.90538,40.745396],[-73.90534,40.745398],[-73.905299,40.7454],[-73.905256,40.745402],[-73.905213,40.745404],[-73.905169,40.745407],[-73.905124,40.74541],[-73.905078,40.745413],[-73.90503,40.745416],[-73.904982,40.74542],[-73.904932,40.745424],[-73.904882,40.745428],[-73.902984,40.74562999999999]]},"properties":{"routes":["7"],"direction":"N","colors":["#9A38A1"],"colorCount":1,"color0":"#9A38A1","color1":"","color2":""}},{"type":"Feature","geometry":{"type":"LineString","coordinates":[[-73.902984,40.74562999999999],[-73.902984,40.74562999999999],[-73.896403,40.746325],[-73.891394,40.746848]]},"properties":{"routes":["7"],"direction":"N","colors":["#9A38A1"],"colorCount":1,"color0":"#9A38A1","color1":"","color2":""}},{"type":"Feature","geometry":{"type":"LineString","coordinates":[[-73.891394,40.746848],[-73.891394,40.746848],[-73.883697,40.74765899999999]]},"properties":{"routes":["7"],"direction":"N","colors":["#9A38A1"],"colorCount":1,"color0":"#9A38A1","color1":"","color2":""}},{"type":"Feature","geometry":{"type":"LineString","coordinates":[[-73.883697,40.74765899999999],[-73.883697,40.74765899999999],[-73.876613,40.748408]]},"properties":{"routes":["7"],"direction":"N","colors":["#9A38A1"],"colorCount":1,"color0":"#9A38A1","color1":"","color2":""}},{"type":"Feature","geometry":{"type":"LineString","coordinates":[[-73.876613,40.748408],[-73.876613,40.748408],[-73.869527,40.749145]]},"properties":{"routes":["7"],"direction":"N","colors":["#9A38A1"],"colorCount":1,"color0":"#9A38A1","color1":"","color2":""}},{"type":"Feature","geometry":{"type":"LineString","coordinates":[[-73.869527,40.749145],[-73.869527,40.749145],[-73.8627,40.74986500000001]]},"properties":{"routes":["7"],"direction":"N","colors":["#9A38A1"],"colorCount":1,"color0":"#9A38A1","color1":"","color2":""}},{"type":"Feature","geometry":{"type":"LineString","coordinates":[[-73.8627,40.74986500000001],[-73.8627,40.74986500000001],[-73.861615,40.749981],[-73.861521,40.749992],[-73.861428,40.750004],[-73.861338,40.750017],[-73.861249,40.75003],[-73.861162,40.750045],[-73.861078,40.750059],[-73.860995,40.750075],[-73.860914,40.750091],[-73.860835,40.750108],[-73.860758,40.750126],[-73.860682,40.750144],[-73.860609,40.750163],[-73.860538,40.750183],[-73.860468,40.750204000000004],[-73.86040099999998,40.750225],[-73.855334,40.75173]]},"properties":{"routes":["7"],"direction":"N","colors":["#9A38A1"],"colorCount":1,"color0":"#9A38A1","color1":"","color2":""}},{"type":"Feature","geometry":{"type":"LineString","coordinates":[[-73.855334,40.75173],[-73.855334,40.75173],[-73.845625,40.754622]]},"properties":{"routes":["7"],"direction":"N","colors":["#9A38A1"],"colorCount":1,"color0":"#9A38A1","color1":"","color2":""}},{"type":"Feature","geometry":{"type":"LineString","coordinates":[[-73.845625,40.754622],[-73.845625,40.754622],[-73.841916,40.755728],[-73.84187199999998,40.755741],[-73.841827,40.75575499999999],[-73.841782,40.75577],[-73.841735,40.755786],[-73.84168699999998,40.75580200000001],[-73.841638,40.75581999999999],[-73.841587,40.755838],[-73.841536,40.755857],[-73.84148399999998,40.755876],[-73.841431,40.75589699999999],[-73.841376,40.755918],[-73.841321,40.75594000000001],[-73.841264,40.755963],[-73.841207,40.755987],[-73.841148,40.75601100000001],[-73.837147,40.757619],[-73.83710299999998,40.757635],[-73.837059,40.757651],[-73.837015,40.757666],[-73.836971,40.75768],[-73.836927,40.757695],[-73.836883,40.757708],[-73.83684,40.757722],[-73.836796,40.757734],[-73.836753,40.757747],[-73.83671,40.757758],[-73.836667,40.75777000000001],[-73.836623,40.757780000000004],[-73.83658099999998,40.757791],[-73.836538,40.757801],[-73.836495,40.75781],[-73.834494,40.758152],[-73.834417,40.758167],[-73.834342,40.75818199999999],[-73.834268,40.758197],[-73.834196,40.758213],[-73.83412499999999,40.75822900000001],[-73.834057,40.758245],[-73.83399,40.758262],[-73.833925,40.758279],[-73.833861,40.75829600000001],[-73.833799,40.75831399999999],[-73.83373899999998,40.758332],[-73.83368,40.75835],[-73.833624,40.758368999999995],[-73.833568,40.758388],[-73.833515,40.758407],[-73.830623,40.759409],[-73.830588,40.759421],[-73.830553,40.759433],[-73.830519,40.759445],[-73.830486,40.759456],[-73.830453,40.759467],[-73.830421,40.759477999999994],[-73.830389,40.75948799999999],[-73.830359,40.759498],[-73.830329,40.759508],[-73.83029899999998,40.759517],[-73.83027,40.759526],[-73.830242,40.759534],[-73.830215,40.759542999999994],[-73.830188,40.75955],[-73.830162,40.759558],[-73.83003,40.7596]]},"properties":{"routes":["7"],"direction":"N","colors":["#9A38A1"],"colorCount":1,"color0":"#9A38A1","color1":"","color2":""}},{"type":"Feature","geometry":{"type":"LineString","coordinates":[[-73.83003,40.7596],[-73.830162,40.759558],[-73.830188,40.75955],[-73.830215,40.759542999999994],[-73.830242,40.759534],[-73.83027,40.759526],[-73.83029899999998,40.759517],[-73.830329,40.759508],[-73.830359,40.759498],[-73.830389,40.75948799999999],[-73.830421,40.759477999999994],[-73.830453,40.759467],[-73.830486,40.759456],[-73.830519,40.759445],[-73.830553,40.759433],[-73.830588,40.759421],[-73.830623,40.759409],[-73.833515,40.758407],[-73.833568,40.758388],[-73.833624,40.758368999999995],[-73.83368,40.75835],[-73.83373899999998,40.758332],[-73.833799,40.75831399999999],[-73.833861,40.75829600000001],[-73.833925,40.758279],[-73.83399,40.758262],[-73.834057,40.758245],[-73.83412499999999,40.75822900000001],[-73.834196,40.758213],[-73.834268,40.758197],[-73.834342,40.75818199999999],[-73.834417,40.758167],[-73.834494,40.758152],[-73.836495,40.75781],[-73.836538,40.757801],[-73.83658099999998,40.757791],[-73.836623,40.757780000000004],[-73.836667,40.75777000000001],[-73.83671,40.757758],[-73.836753,40.757747],[-73.836796,40.757734],[-73.83684,40.757722],[-73.836883,40.757708],[-73.836927,40.757695],[-73.836971,40.75768],[-73.837015,40.757666],[-73.837059,40.757651],[-73.83710299999998,40.757635],[-73.837147,40.757619],[-73.841148,40.75601100000001],[-73.841207,40.755987],[-73.841264,40.755963],[-73.841321,40.75594000000001],[-73.841376,40.755918],[-73.841431,40.75589699999999],[-73.84148399999998,40.755876],[-73.841536,40.755857],[-73.841587,40.755838],[-73.841638,40.75581999999999],[-73.84168699999998,40.75580200000001],[-73.841735,40.755786],[-73.841782,40.75577],[-73.841827,40.75575499999999],[-73.84187199999998,40.755741],[-73.841916,40.755728],[-73.845625,40.754622]]},"properties":{"routes":["7"],"direction":"S","colors":["#9A38A1"],"colorCount":1,"color0":"#9A38A1","color1":"","color2":""}},{"type":"Feature","geometry":{"type":"LineString","coordinates":[[-73.845625,40.754622],[-73.845625,40.754622],[-73.855334,40.75173]]},"properties":{"routes":["7"],"direction":"S","colors":["#9A38A1"],"colorCount":1,"color0":"#9A38A1","color1":"","color2":""}},{"type":"Feature","geometry":{"type":"LineString","coordinates":[[-73.855334,40.75173],[-73.855334,40.75173],[-73.86040099999998,40.750225],[-73.860468,40.750204000000004],[-73.860538,40.750183],[-73.860609,40.750163],[-73.860682,40.750144],[-73.860758,40.750126],[-73.860835,40.750108],[-73.860914,40.750091],[-73.860995,40.750075],[-73.861078,40.750059],[-73.861162,40.750045],[-73.861249,40.75003],[-73.861338,40.750017],[-73.861428,40.750004],[-73.861521,40.749992],[-73.861615,40.749981],[-73.8627,40.74986500000001]]},"properties":{"routes":["7"],"direction":"S","colors":["#9A38A1"],"colorCount":1,"color0":"#9A38A1","color1":"","color2":""}},{"type":"Feature","geometry":{"type":"LineString","coordinates":[[-73.8627,40.74986500000001],[-73.8627,40.74986500000001],[-73.869527,40.749145]]},"properties":{"routes":["7"],"direction":"S","colors":["#9A38A1"],"colorCount":1,"color0":"#9A38A1","color1":"","color2":""}},{"type":"Feature","geometry":{"type":"LineString","coordinates":[[-73.869527,40.749145],[-73.869527,40.749145],[-73.876613,40.748408]]},"properties":{"routes":["7"],"direction":"S","colors":["#9A38A1"],"colorCount":1,"color0":"#9A38A1","color1":"","color2":""}},{"type":"Feature","geometry":{"type":"LineString","coordinates":[[-73.876613,40.748408],[-73.876613,40.748408],[-73.883697,40.74765899999999]]},"properties":{"routes":["7"],"direction":"S","colors":["#9A38A1"],"colorCount":1,"color0":"#9A38A1","color1":"","color2":""}},{"type":"Feature","geometry":{"type":"LineString","coordinates":[[-73.883697,40.74765899999999],[-73.883697,40.74765899999999],[-73.891394,40.746848]]},"properties":{"routes":["7"],"direction":"S","colors":["#9A38A1"],"colorCount":1,"color0":"#9A38A1","color1":"","color2":""}},{"type":"Feature","geometry":{"type":"LineString","coordinates":[[-73.891394,40.746848],[-73.891394,40.746848],[-73.896403,40.746325]]},"properties":{"routes":["7"],"direction":"S","colors":["#9A38A1"],"colorCount":1,"color0":"#9A38A1","color1":"","color2":""}},{"type":"Feature","geometry":{"type":"LineString","coordinates":[[-73.896403,40.746325],[-73.896403,40.746325],[-73.902984,40.74562999999999]]},"properties":{"routes":["7"],"direction":"S","colors":["#9A38A1"],"colorCount":1,"color0":"#9A38A1","color1":"","color2":""}},{"type":"Feature","geometry":{"type":"LineString","coordinates":[[-73.902984,40.74562999999999],[-73.902984,40.74562999999999],[-73.904882,40.745428],[-73.904932,40.745424],[-73.904982,40.74542],[-73.90503,40.745416],[-73.905078,40.745413],[-73.905124,40.74541],[-73.905169,40.745407],[-73.905213,40.745404],[-73.905256,40.745402],[-73.905299,40.7454],[-73.90534,40.745398],[-73.90538,40.745396],[-73.905418,40.745394],[-73.905456,40.745393],[-73.90549299999999,40.745392],[-73.905529,40.745391],[-73.90569599999999,40.745386],[-73.90658,40.745379],[-73.906625,40.745378],[-73.90667099999999,40.745377],[-73.90671799999998,40.745376],[-73.906765,40.745374],[-73.906813,40.745371],[-73.906861,40.74536799999999],[-73.90691,40.745365],[-73.90696,40.745361],[-73.90701,40.745357],[-73.907062,40.745352],[-73.907113,40.745347],[-73.907166,40.745341],[-73.907219,40.745335],[-73.907273,40.745328],[-73.90732699999998,40.745321],[-73.90993,40.744879],[-73.909993,40.744867],[-73.91005499999999,40.744855],[-73.910116,40.74484199999999],[-73.910178,40.744829],[-73.91023799999999,40.744816],[-73.910299,40.744803],[-73.910358,40.744789],[-73.910418,40.744775000000004],[-73.910476,40.744761],[-73.910535,40.744747],[-73.910592,40.744732],[-73.91065,40.744717],[-73.910707,40.744702],[-73.910763,40.744687],[-73.91081899999999,40.744671],[-73.912549,40.744149]]},"properties":{"routes":["7"],"direction":"S","colors":["#9A38A1"],"colorCount":1,"color0":"#9A38A1","color1":"","color2":""}},{"type":"Feature","geometry":{"type":"LineString","coordinates":[[-73.912549,40.744149],[-73.912549,40.744149],[-73.916102,40.743061],[-73.91616199999999,40.743045],[-73.916223,40.74303],[-73.916285,40.743017],[-73.916347,40.743005999999994],[-73.916409,40.742996],[-73.916472,40.742987],[-73.91653599999998,40.74298],[-73.9166,40.742974],[-73.916665,40.74297],[-73.91673,40.742968],[-73.916796,40.742967],[-73.916862,40.742967],[-73.916929,40.742969],[-73.916997,40.742972],[-73.917065,40.742977],[-73.918435,40.743131999999996]]},"properties":{"routes":["7"],"direction":"S","colors":["#9A38A1"],"colorCount":1,"color0":"#9A38A1","color1":"","color2":""}},{"type":"Feature","geometry":{"type":"LineString","coordinates":[[-73.918435,40.743131999999996],[-73.918435,40.743131999999996],[-73.924016,40.743781]]},"properties":{"routes":["7"],"direction":"S","colors":["#9A38A1"],"colorCount":1,"color0":"#9A38A1","color1":"","color2":""}},{"type":"Feature","geometry":{"type":"LineString","coordinates":[[-73.924016,40.743781],[-73.924016,40.743781],[-73.93099699999999,40.744587]]},"properties":{"routes":["7"],"direction":"S","colors":["#9A38A1"],"colorCount":1,"color0":"#9A38A1","color1":"","color2":""}},{"type":"Feature","geometry":{"type":"LineString","coordinates":[[-73.93099699999999,40.744587],[-73.93099699999999,40.744587],[-73.932417,40.74475300000001],[-73.932509,40.744766],[-73.9326,40.744782],[-73.93268699999999,40.744801],[-73.932773,40.744822],[-73.932856,40.744845],[-73.932936,40.744871],[-73.933015,40.7449],[-73.933091,40.744931],[-73.933164,40.744965],[-73.933235,40.745001],[-73.933304,40.74504],[-73.933371,40.745081],[-73.933435,40.745125],[-73.933497,40.74517099999999],[-73.93355599999998,40.745219999999996],[-73.937455,40.748991],[-73.937493,40.749025]]},"properties":{"routes":["7"],"direction":"S","colors":["#9A38A1"],"colorCount":1,"color0":"#9A38A1","color1":"","color2":""}},{"type":"Feature","geometry":{"type":"LineString","coordinates":[[-73.937493,40.749025],[-73.937538,40.749067],[-73.937627,40.749143],[-73.93772,40.74922],[-73.937818,40.749297],[-73.93792,40.749373],[-73.938026,40.74945],[-73.938136,40.74952600000001],[-73.938251,40.749602],[-73.93837,40.749678],[-73.938493,40.749754],[-73.938621,40.74983],[-73.938753,40.749906],[-73.938889,40.749982],[-73.93903,40.750057999999996],[-73.93917399999998,40.750134],[-73.94020199999999,40.75058200000001]]},"properties":{"routes":["7","N","W"],"direction":"S","colors":["#9A38A1","#F6BC26"],"colorCount":2,"color0":"#9A38A1","color1":"#F6BC26","color2":""}},{"type":"Feature","geometry":{"type":"LineString","coordinates":[[-73.94020199999999,40.75058200000001],[-73.94020199999999,40.75058200000001],[-73.941087,40.750963],[-73.941131,40.75099],[-73.941174,40.751016],[-73.941215,40.75104100000001],[-73.941255,40.751067],[-73.941293,40.751092],[-73.94132899999998,40.751117],[-73.941364,40.751143],[-73.941397,40.75116700000001],[-73.94142899999999,40.751192],[-73.94145899999998,40.751217],[-73.94148699999998,40.751241],[-73.94151399999998,40.751266],[-73.94153899999999,40.75129],[-73.941549,40.7513]]},"properties":{"routes":["7","N","W"],"direction":"S","colors":["#9A38A1","#F6BC26"],"colorCount":2,"color0":"#9A38A1","color1":"#F6BC26","color2":""}},{"type":"Feature","geometry":{"type":"LineString","coordinates":[[-73.94145447204458,40.75121322670383],[-73.94151544581727,40.75125014257731],[-73.94158677800527,40.75127086754025],[-73.94166624893404,40.75127800429015],[-73.94175163892909,40.75127415552453],[-73.94184072831591,40.751261923940916],[-73.94193129741998,40.751243912236816],[-73.9420211265668,40.75122272310974],[-73.94210799608184,40.75120095925723],[-73.94218968629063,40.75118122337682],[-73.942217,40.751174999999996],[-73.942293,40.75115],[-73.942366,40.75111799999999],[-73.942435,40.75108],[-73.942502,40.75103500000001],[-73.942565,40.750983],[-73.942624,40.750926],[-73.944599,40.748656],[-73.944626,40.74862400000001],[-73.944652,40.748591],[-73.944677,40.748558],[-73.944701,40.748524],[-73.944724,40.748489],[-73.944746,40.748454],[-73.94476799999998,40.748418],[-73.944788,40.748382],[-73.944808,40.748345],[-73.94482699999999,40.748307000000004],[-73.944846,40.748269],[-73.944863,40.748231],[-73.94488,40.748191],[-73.94489599999999,40.748151],[-73.944909,40.748110000000004],[-73.945264,40.747023]]},"properties":{"routes":["7"],"direction":"S","colors":["#9A38A1"],"colorCount":1,"color0":"#9A38A1","color1":"","color2":""}},{"type":"Feature","geometry":{"type":"LineString","coordinates":[[-73.945264,40.747023],[-73.945264,40.747023],[-73.945579,40.74607700000001],[-73.945593,40.74604],[-73.945604,40.746003],[-73.945613,40.745966],[-73.945619,40.74593],[-73.945624,40.745895],[-73.945626,40.74586],[-73.945626,40.745825],[-73.945624,40.745791],[-73.945619,40.745757],[-73.945613,40.745724],[-73.945604,40.745692],[-73.945593,40.74566],[-73.94558,40.745628],[-73.945565,40.745597],[-73.945549,40.745566],[-73.944771,40.744434],[-73.944722,40.744349],[-73.944685,40.74427],[-73.944663,40.74419199999999],[-73.944654,40.744116],[-73.944654,40.744043],[-73.944663,40.743973],[-73.944681,40.743905],[-73.944709,40.74384],[-73.94474799999999,40.743777],[-73.94479599999998,40.743716],[-73.944855,40.743659],[-73.944924,40.743603],[-73.945004,40.743551],[-73.945093,40.743501],[-73.945192,40.74345300000001],[-73.946315,40.742996],[-73.946706,40.742839],[-73.94700599999999,40.742728],[-73.947293,40.742634],[-73.947842,40.74247],[-73.948916,40.742216000000006]]},"properties":{"routes":["7"],"direction":"S","colors":["#9A38A1"],"colorCount":1,"color0":"#9A38A1","color1":"","color2":""}},{"type":"Feature","geometry":{"type":"LineString","coordinates":[[-73.948916,40.742216000000006],[-73.948916,40.742216000000006],[-73.949849,40.741997],[-73.949877,40.74199],[-73.94990599999998,40.741985],[-73.949936,40.741981],[-73.949966,40.741977],[-73.949997,40.741975],[-73.950028,40.741973],[-73.950059,40.741971],[-73.950091,40.741971],[-73.950123,40.741971],[-73.950156,40.74197199999999],[-73.950189,40.741974],[-73.950222,40.741977],[-73.950256,40.74198],[-73.95028999999998,40.741984],[-73.950324,40.741988],[-73.953581,40.742626]]},"properties":{"routes":["7"],"direction":"S","colors":["#9A38A1"],"colorCount":1,"color0":"#9A38A1","color1":"","color2":""}},{"type":"Feature","geometry":{"type":"LineString","coordinates":[[-73.953581,40.742626],[-73.953581,40.742626],[-73.955815,40.743061],[-73.95590199999998,40.743079],[-73.955987,40.743098],[-73.956072,40.743118],[-73.95615599999998,40.743139],[-73.95624,40.743161],[-73.956323,40.743184],[-73.956404,40.743208],[-73.956485,40.743232],[-73.956566,40.743258],[-73.956645,40.743284],[-73.956724,40.743312],[-73.95680199999998,40.74334],[-73.956879,40.743369],[-73.956955,40.743399],[-73.957031,40.74343],[-73.976041,40.751431]]},"properties":{"routes":["7"],"direction":"S","colors":["#9A38A1"],"colorCount":1,"color0":"#9A38A1","color1":"","color2":""}},{"type":"Feature","geometry":{"type":"LineString","coordinates":[[-73.976041,40.751431],[-73.976041,40.751431],[-73.978335,40.752391],[-73.978395,40.752415],[-73.97846,40.752434],[-73.978522,40.752448],[-73.978584,40.752463],[-73.97865,40.752484],[-73.97871899999998,40.752511],[-73.980686,40.753333],[-73.980767,40.753364],[-73.980848,40.75339],[-73.980891,40.753401000000004],[-73.980932,40.75341],[-73.980971,40.753419],[-73.981006,40.75343],[-73.981081,40.753455],[-73.981151,40.753483],[-73.981963,40.753821]]},"properties":{"routes":["7"],"direction":"S","colors":["#9A38A1"],"colorCount":1,"color0":"#9A38A1","color1":"","color2":""}},{"type":"Feature","geometry":{"type":"LineString","coordinates":[[-73.981963,40.753821],[-73.981963,40.753821],[-73.982039,40.753851999999995],[-73.982113,40.753882],[-73.982187,40.75391100000001],[-73.98226,40.75394],[-73.982332,40.753968],[-73.982402,40.75399399999999],[-73.982472,40.75402],[-73.982541,40.754045],[-73.982609,40.75407],[-73.982677,40.754093],[-73.98274299999999,40.754115999999996],[-73.982808,40.754138],[-73.982872,40.754159],[-73.982936,40.75417900000001],[-73.982998,40.754198],[-73.98305499999998,40.754213],[-73.983111,40.754227],[-73.983166,40.75423800000001],[-73.98322,40.754249],[-73.983273,40.754257],[-73.983325,40.754264],[-73.983376,40.75427],[-73.983426,40.754274],[-73.983475,40.754276],[-73.98352299999999,40.754277],[-73.98357,40.754276],[-73.98361599999998,40.754273],[-73.983661,40.754269],[-73.983705,40.754263],[-73.983748,40.75425599999999],[-73.983846,40.754234],[-73.983914,40.754217],[-73.983981,40.754201],[-73.984047,40.754188],[-73.984112,40.754178],[-73.984176,40.75417],[-73.984239,40.754165],[-73.984301,40.754163],[-73.984361,40.754164],[-73.984421,40.754167],[-73.984479,40.75417300000001],[-73.984537,40.754180999999996],[-73.984593,40.754193],[-73.984649,40.754207],[-73.984703,40.754224],[-73.984755,40.754242],[-73.987691,40.755477]]},"properties":{"routes":["7"],"direction":"S","colors":["#9A38A1"],"colorCount":1,"color0":"#9A38A1","color1":"","color2":""}},{"type":"Feature","geometry":{"type":"LineString","coordinates":[[-73.987691,40.755477],[-73.987691,40.755477],[-73.996433,40.759159000000004],[-73.996751,40.759284],[-73.997057,40.759382],[-73.997352,40.759454],[-73.997637,40.759502],[-73.997913,40.759524],[-73.998178,40.759521],[-73.998432,40.759492],[-73.998677,40.759438],[-73.998912,40.75935799999999],[-73.999136,40.759254],[-73.99935,40.759123],[-73.999554,40.758968],[-73.999748,40.758787],[-73.999932,40.758581],[-74.000106,40.758348],[-74.001729,40.75613],[-74.00190999999998,40.755882]]},"properties":{"routes":["7"],"direction":"S","colors":["#9A38A1"],"colorCount":1,"color0":"#9A38A1","color1":"","color2":""}},{"type":"Feature","geometry":{"type":"LineString","coordinates":[[-73.755405,40.603995],[-73.755898,40.603729],[-73.755925,40.603715],[-73.755953,40.603701],[-73.75597999999998,40.603686999999994],[-73.756007,40.603673],[-73.75603499999998,40.603658],[-73.756062,40.603644],[-73.756089,40.603629],[-73.756117,40.603613],[-73.756144,40.603598],[-73.756172,40.603582],[-73.756199,40.603566],[-73.756226,40.60355],[-73.756254,40.603534],[-73.756281,40.603518],[-73.756309,40.603501],[-73.756581,40.603349],[-73.756619,40.603327],[-73.75665799999999,40.603304],[-73.756698,40.60328100000001],[-73.756738,40.603258],[-73.75678,40.60323399999999],[-73.756822,40.60321],[-73.756865,40.603186],[-73.756909,40.603162],[-73.756954,40.603137],[-73.757,40.603112],[-73.757046,40.603087],[-73.757094,40.603062],[-73.75714199999999,40.603036],[-73.757191,40.60301],[-73.75724099999998,40.602984],[-73.75837499999999,40.602380999999994],[-73.75860599999999,40.602254],[-73.75883,40.602124],[-73.759048,40.60199299999999],[-73.75926,40.601859000000005],[-73.759466,40.601724],[-73.759665,40.60158700000001],[-73.759859,40.601447],[-73.76004599999999,40.601306],[-73.760227,40.601163],[-73.760401,40.601017],[-73.76057,40.60087000000001],[-73.760732,40.600721],[-73.760888,40.60057],[-73.761038,40.600416],[-73.761181,40.600262],[-73.761353,40.600066]]},"properties":{"routes":["A"],"direction":"N","colors":["#0062CF"],"colorCount":1,"color0":"#0062CF","color1":"","color2":""}},{"type":"Feature","geometry":{"type":"LineString","coordinates":[[-73.761353,40.600066],[-73.761353,40.600066],[-73.762051,40.599257],[-73.762101,40.599204],[-73.762153,40.59915],[-73.762206,40.599097],[-73.762262,40.599045],[-73.762319,40.598994],[-73.762377,40.598943],[-73.762438,40.598893],[-73.7625,40.59884300000001],[-73.762564,40.598795],[-73.76263,40.598747],[-73.762698,40.598699],[-73.762767,40.598653],[-73.762838,40.598607],[-73.762911,40.598562],[-73.762987,40.598518000000006],[-73.768175,40.595398]]},"properties":{"routes":["A"],"direction":"N","colors":["#0062CF"],"colorCount":1,"color0":"#0062CF","color1":"","color2":""}},{"type":"Feature","geometry":{"type":"LineString","coordinates":[[-73.768175,40.595398],[-73.768175,40.595398],[-73.770405,40.594053],[-73.77053999999998,40.593974],[-73.770679,40.593898],[-73.77082099999998,40.593826],[-73.770966,40.593758],[-73.771115,40.59369399999999],[-73.771268,40.593634],[-73.771424,40.593578],[-73.771583,40.593525],[-73.771746,40.593477],[-73.771913,40.59343199999999],[-73.772082,40.593392],[-73.772256,40.593354999999995],[-73.772433,40.593322],[-73.772613,40.593293],[-73.772796,40.593269],[-73.776013,40.592943]]},"properties":{"routes":["A"],"direction":"N","colors":["#0062CF"],"colorCount":1,"color0":"#0062CF","color1":"","color2":""}},{"type":"Feature","geometry":{"type":"LineString","coordinates":[[-73.776013,40.592943],[-73.776013,40.592943],[-73.783159,40.592222],[-73.78333,40.592206],[-73.7835,40.592192],[-73.783668,40.592178999999994],[-73.783836,40.592169],[-73.784004,40.592161],[-73.78417,40.592155],[-73.78433599999998,40.59215],[-73.78450199999999,40.592148],[-73.784666,40.592148],[-73.78483,40.592149],[-73.784993,40.592153],[-73.785156,40.592158],[-73.785317,40.592166],[-73.785479,40.592176],[-73.785638,40.592187],[-73.787287,40.59232],[-73.787362,40.592326],[-73.787439,40.592331],[-73.787517,40.592337],[-73.787596,40.592341],[-73.787676,40.592346],[-73.78775599999999,40.59235],[-73.787838,40.592354],[-73.78792,40.592358],[-73.788004,40.592361],[-73.788088,40.59236400000001],[-73.788173,40.592367],[-73.788259,40.592369],[-73.788346,40.592371],[-73.788434,40.592373],[-73.78852199999999,40.59237400000001]]},"properties":{"routes":["A"],"direction":"N","colors":["#0062CF"],"colorCount":1,"color0":"#0062CF","color1":"","color2":""}},{"type":"Feature","geometry":{"type":"LineString","coordinates":[[-73.78852199999999,40.59237400000001],[-73.78852199999999,40.59237400000001],[-73.788732,40.592373],[-73.788935,40.59237000000001],[-73.78913,40.592366],[-73.78931799999998,40.59236],[-73.789498,40.592352],[-73.789671,40.592343],[-73.789836,40.592332],[-73.789994,40.592319],[-73.79014399999998,40.592304999999996],[-73.790287,40.592289],[-73.790423,40.592272],[-73.790551,40.592253],[-73.790671,40.59223200000001],[-73.790784,40.592209],[-73.79088999999999,40.592186],[-73.794251,40.59133599999999],[-73.794327,40.591318],[-73.79440399999999,40.591301],[-73.79448099999999,40.591284],[-73.794559,40.591268],[-73.794637,40.591252],[-73.794716,40.591236],[-73.794795,40.591221],[-73.794875,40.59120599999999],[-73.794955,40.591191],[-73.795036,40.591177],[-73.795117,40.591163],[-73.795199,40.591149],[-73.795281,40.591136],[-73.795364,40.59112300000001],[-73.795446,40.59111],[-73.796924,40.590927]]},"properties":{"routes":["A"],"direction":"N","colors":["#0062CF"],"colorCount":1,"color0":"#0062CF","color1":"","color2":""}},{"type":"Feature","geometry":{"type":"LineString","coordinates":[[-73.796924,40.590927],[-73.796924,40.590927],[-73.802733,40.590214],[-73.802858,40.590199],[-73.802987,40.590189],[-73.803118,40.590182],[-73.803252,40.590179],[-73.803388,40.590179],[-73.803526,40.590182],[-73.803667,40.590189],[-73.80381,40.5902],[-73.803955,40.590213],[-73.804103,40.59023],[-73.804254,40.590251],[-73.804406,40.590275],[-73.804562,40.590302],[-73.804719,40.590333],[-73.804877,40.590367],[-73.80633199999998,40.590713],[-73.806647,40.590788],[-73.806945,40.590876],[-73.807227,40.590976],[-73.80749399999999,40.591089],[-73.80774599999998,40.591213],[-73.807982,40.59135],[-73.808203,40.591499],[-73.808409,40.59166],[-73.808599,40.591833],[-73.808775,40.592018],[-73.808919,40.592196]]},"properties":{"routes":["A"],"direction":"N","colors":["#0062CF"],"colorCount":1,"color0":"#0062CF","color1":"","color2":""}},{"type":"Feature","geometry":{"type":"LineString","coordinates":[[-73.808919,40.592196],[-73.808935,40.592216],[-73.809079,40.592425],[-73.80920799999998,40.592647],[-73.809322,40.592881],[-73.809421,40.593127],[-73.815653,40.607677],[-73.815661,40.607698],[-73.81567,40.607719],[-73.815678,40.60774],[-73.815687,40.60776],[-73.815696,40.607781],[-73.815704,40.607801],[-73.815713,40.607822],[-73.815721,40.607842],[-73.81572999999999,40.607862],[-73.815738,40.607883],[-73.815746,40.607903],[-73.81575399999998,40.607923],[-73.815762,40.607941999999994],[-73.81577,40.607962],[-73.81577799999998,40.607982],[-73.815808,40.60806000000001],[-73.815838,40.60814],[-73.815867,40.60822],[-73.815896,40.6083],[-73.81592499999998,40.608382]]},"properties":{"routes":["A","H"],"direction":"N","colors":["#0062CF","#7C858C"],"colorCount":2,"color0":"#0062CF","color1":"#7C858C","color2":""}},{"type":"Feature","geometry":{"type":"LineString","coordinates":[[-73.81592499999998,40.608382],[-73.81592499999998,40.608382],[-73.81595399999999,40.608465],[-73.815982,40.608548],[-73.81601,40.608632],[-73.816038,40.608717],[-73.816065,40.608803],[-73.816092,40.60889],[-73.816119,40.608977],[-73.816145,40.609066],[-73.816171,40.609155],[-73.816197,40.609245],[-73.82841999999998,40.656136],[-73.828456,40.656261],[-73.828493,40.65638499999999],[-73.828531,40.656508],[-73.828571,40.65662900000001],[-73.828611,40.65675],[-73.828652,40.65687],[-73.828694,40.656988],[-73.82873699999999,40.65710599999999],[-73.82878,40.657222],[-73.828825,40.657337],[-73.82887,40.657451],[-73.828917,40.657564],[-73.828964,40.657676],[-73.829012,40.657787],[-73.82906199999998,40.657898],[-73.830301,40.660476]]},"properties":{"routes":["A","H"],"direction":"N","colors":["#0062CF","#7C858C"],"colorCount":2,"color0":"#0062CF","color1":"#7C858C","color2":""}},{"type":"Feature","geometry":{"type":"LineString","coordinates":[[-73.830301,40.660476],[-73.830301,40.660476],[-73.834058,40.668234]]},"properties":{"routes":["A","H"],"direction":"N","colors":["#0062CF","#7C858C"],"colorCount":2,"color0":"#0062CF","color1":"#7C858C","color2":""}},{"type":"Feature","geometry":{"type":"LineString","coordinates":[[-73.834058,40.668234],[-73.834058,40.668234],[-73.83591899999999,40.672097]]},"properties":{"routes":["A","H"],"direction":"N","colors":["#0062CF","#7C858C"],"colorCount":2,"color0":"#0062CF","color1":"#7C858C","color2":""}},{"type":"Feature","geometry":{"type":"LineString","coordinates":[[-73.83591899999999,40.672097],[-73.83591899999999,40.672097],[-73.83871499999998,40.677879],[-73.838734,40.677921],[-73.838754,40.677965],[-73.838775,40.678009],[-73.83879699999999,40.678055],[-73.83881899999999,40.678102],[-73.838843,40.678149999999995],[-73.838867,40.678199],[-73.838893,40.678249],[-73.838919,40.678301],[-73.838946,40.678352999999994],[-73.838974,40.678407],[-73.839003,40.678461],[-73.839033,40.678517],[-73.839063,40.678574],[-73.839095,40.678632],[-73.840071,40.680272],[-73.840138,40.680367],[-73.84021,40.680455],[-73.840289,40.680534],[-73.840373,40.680605],[-73.840463,40.680667],[-73.840559,40.680722],[-73.840661,40.68076799999999],[-73.84076899999998,40.680806],[-73.840882,40.680836],[-73.840995,40.680856]]},"properties":{"routes":["A","H"],"direction":"N","colors":["#0062CF","#7C858C"],"colorCount":2,"color0":"#0062CF","color1":"#7C858C","color2":""}},{"type":"Feature","geometry":{"type":"LineString","coordinates":[[-73.84075,40.681025999999996],[-73.84168699999998,40.680843],[-73.843853,40.680429]]},"properties":{"routes":["A","H"],"direction":"N","colors":["#0062CF","#7C858C"],"colorCount":2,"color0":"#0062CF","color1":"#7C858C","color2":""}},{"type":"Feature","geometry":{"type":"LineString","coordinates":[[-73.843853,40.680429],[-73.843853,40.680429],[-73.844224,40.680357],[-73.84428899999999,40.680345],[-73.844356,40.680333],[-73.844422,40.680322],[-73.84448999999998,40.680312],[-73.844557,40.680302],[-73.84462599999999,40.680292],[-73.84469499999999,40.680283],[-73.844765,40.680275],[-73.844835,40.680267],[-73.844906,40.680259],[-73.844978,40.680252],[-73.84505,40.680246000000004],[-73.845123,40.680240000000005],[-73.845197,40.680234],[-73.845271,40.680229],[-73.85147,40.679843]]},"properties":{"routes":["A"],"direction":"N","colors":["#0062CF"],"colorCount":1,"color0":"#0062CF","color1":"","color2":""}},{"type":"Feature","geometry":{"type":"LineString","coordinates":[[-73.85147,40.679843],[-73.85147,40.679843],[-73.85899199999999,40.679371]]},"properties":{"routes":["A"],"direction":"N","colors":["#0062CF"],"colorCount":1,"color0":"#0062CF","color1":"","color2":""}},{"type":"Feature","geometry":{"type":"LineString","coordinates":[[-73.85899199999999,40.679371],[-73.85899199999999,40.679371],[-73.860342,40.679287],[-73.860372,40.679285],[-73.860402,40.679283],[-73.860432,40.679281],[-73.860462,40.679278],[-73.860492,40.67927499999999],[-73.860522,40.67927099999999],[-73.860552,40.679267],[-73.860582,40.679263000000006],[-73.860612,40.679258],[-73.860642,40.67925300000001],[-73.860673,40.679248],[-73.860703,40.679242],[-73.860733,40.679236],[-73.860764,40.67923],[-73.860794,40.679223],[-73.861871,40.678935],[-73.861947,40.678912],[-73.862023,40.678888],[-73.862097,40.678862],[-73.862171,40.678836],[-73.86224399999999,40.678808000000004],[-73.862315,40.678779],[-73.862386,40.678749],[-73.862456,40.678718],[-73.862525,40.67868599999999],[-73.862592,40.678653],[-73.86265899999998,40.678618],[-73.862725,40.678583],[-73.86278999999999,40.678546000000004],[-73.862854,40.678508],[-73.86291699999998,40.67846900000001],[-73.86505,40.677044]]},"properties":{"routes":["A"],"direction":"N","colors":["#0062CF"],"colorCount":1,"color0":"#0062CF","color1":"","color2":""}},{"type":"Feature","geometry":{"type":"LineString","coordinates":[[-73.86505,40.677044],[-73.86505,40.677044],[-73.865742,40.676558],[-73.865795,40.676522],[-73.86585,40.676487],[-73.865905,40.67645399999999],[-73.865961,40.676422],[-73.866018,40.676392],[-73.86607599999999,40.676363],[-73.866134,40.676335],[-73.86619399999998,40.676309],[-73.866254,40.676284],[-73.866316,40.676261000000004],[-73.866378,40.67623900000001],[-73.866441,40.676218],[-73.86650499999999,40.676199],[-73.86657,40.676181],[-73.866636,40.676166],[-73.87210599999999,40.675377]]},"properties":{"routes":["A"],"direction":"N","colors":["#0062CF"],"colorCount":1,"color0":"#0062CF","color1":"","color2":""}},{"type":"Feature","geometry":{"type":"LineString","coordinates":[[-73.87210599999999,40.675377],[-73.87210599999999,40.675377],[-73.88075,40.67413]]},"properties":{"routes":["A","C"],"direction":"N","colors":["#0062CF"],"colorCount":1,"color0":"#0062CF","color1":"","color2":""}},{"type":"Feature","geometry":{"type":"LineString","coordinates":[[-73.88075,40.67413],[-73.88075,40.67413],[-73.890358,40.67271]]},"properties":{"routes":["A","C"],"direction":"N","colors":["#0062CF"],"colorCount":1,"color0":"#0062CF","color1":"","color2":""}},{"type":"Feature","geometry":{"type":"LineString","coordinates":[[-73.890358,40.67271],[-73.890358,40.67271],[-73.89383,40.672196],[-73.89409399999998,40.672159],[-73.89434,40.67213999999999],[-73.894572,40.672138000000004],[-73.89479,40.672154],[-73.894994,40.672186],[-73.895184,40.672236],[-73.89536,40.672302],[-73.895522,40.67238600000001],[-73.895671,40.672487],[-73.89580499999998,40.67260499999999],[-73.895925,40.672739],[-73.896032,40.672891],[-73.896124,40.673061],[-73.896202,40.673246999999996],[-73.896264,40.67344799999999],[-73.896548,40.674542]]},"properties":{"routes":["A","C"],"direction":"N","colors":["#0062CF"],"colorCount":1,"color0":"#0062CF","color1":"","color2":""}},{"type":"Feature","geometry":{"type":"LineString","coordinates":[[-73.896548,40.674542],[-73.896548,40.674542],[-73.897088,40.676653],[-73.897162,40.676834],[-73.897255,40.677001],[-73.897365,40.677156],[-73.897492,40.677299000000005],[-73.89763699999999,40.67743],[-73.897799,40.677549],[-73.897979,40.677657],[-73.898176,40.677752],[-73.89839,40.677836],[-73.898621,40.677908],[-73.89886999999999,40.67796899999999],[-73.899135,40.678017],[-73.899419,40.678054],[-73.899719,40.678079],[-73.900033,40.678093000000004],[-73.900444,40.678112],[-73.900494,40.678114],[-73.900543,40.678117],[-73.900593,40.67812],[-73.900641,40.678123],[-73.90069,40.678126],[-73.900738,40.67813],[-73.900785,40.678134],[-73.900833,40.678138],[-73.900879,40.67814200000001],[-73.900926,40.678147],[-73.900972,40.678152000000004],[-73.901017,40.678157],[-73.901063,40.678162],[-73.901108,40.678168],[-73.901152,40.678174],[-73.902619,40.678361],[-73.90266799999999,40.678365],[-73.902717,40.678369],[-73.90276699999998,40.678373],[-73.90281599999999,40.678376],[-73.902866,40.678379],[-73.902915,40.678382],[-73.902965,40.678384],[-73.903015,40.678386],[-73.903065,40.678388],[-73.903115,40.678389],[-73.903165,40.67839],[-73.903215,40.67839],[-73.903266,40.678391],[-73.903316,40.67839],[-73.903367,40.67839],[-73.905316,40.678334]]},"properties":{"routes":["A","C"],"direction":"N","colors":["#0062CF"],"colorCount":1,"color0":"#0062CF","color1":"","color2":""}},{"type":"Feature","geometry":{"type":"LineString","coordinates":[[-73.905316,40.678334],[-73.905316,40.678334],[-73.90799699999998,40.67822699999999],[-73.908133,40.67822099999999],[-73.90827,40.678217000000004],[-73.908405,40.67821300000001],[-73.908539,40.678211],[-73.908673,40.67820900000001],[-73.908805,40.67820700000001],[-73.908936,40.67820700000001],[-73.909066,40.67820700000001],[-73.909195,40.678208],[-73.909323,40.67821],[-73.909449,40.67821300000001],[-73.909575,40.678216],[-73.9097,40.67822],[-73.909823,40.67822499999999],[-73.909946,40.67823099999999],[-73.911946,40.67834]]},"properties":{"routes":["A","C"],"direction":"N","colors":["#0062CF"],"colorCount":1,"color0":"#0062CF","color1":"","color2":""}},{"type":"Feature","geometry":{"type":"LineString","coordinates":[[-73.911946,40.67834],[-73.911946,40.67834],[-73.920786,40.67882199999999]]},"properties":{"routes":["A","C"],"direction":"N","colors":["#0062CF"],"colorCount":1,"color0":"#0062CF","color1":"","color2":""}},{"type":"Feature","geometry":{"type":"LineString","coordinates":[[-73.920786,40.67882199999999],[-73.920786,40.67882199999999],[-73.930729,40.679364]]},"properties":{"routes":["A","C"],"direction":"N","colors":["#0062CF"],"colorCount":1,"color0":"#0062CF","color1":"","color2":""}},{"type":"Feature","geometry":{"type":"LineString","coordinates":[[-73.930729,40.679364],[-73.930729,40.679364],[-73.940858,40.67992099999999]]},"properties":{"routes":["A","C"],"direction":"N","colors":["#0062CF"],"colorCount":1,"color0":"#0062CF","color1":"","color2":""}},{"type":"Feature","geometry":{"type":"LineString","coordinates":[[-73.940858,40.67992099999999],[-73.940858,40.67992099999999],[-73.950426,40.680438]]},"properties":{"routes":["A","C"],"direction":"N","colors":["#0062CF"],"colorCount":1,"color0":"#0062CF","color1":"","color2":""}},{"type":"Feature","geometry":{"type":"LineString","coordinates":[[-73.950426,40.680438],[-73.950426,40.680438],[-73.952338,40.680543],[-73.952432,40.680548],[-73.952527,40.680554],[-73.95262399999999,40.680561],[-73.952721,40.68057],[-73.952821,40.68058],[-73.952921,40.680591],[-73.953023,40.680604],[-73.953127,40.680618],[-73.953232,40.680634000000005],[-73.95333899999999,40.680651],[-73.953447,40.680669],[-73.953556,40.68068900000001],[-73.953667,40.68071],[-73.95377899999998,40.680733],[-73.953893,40.680757],[-73.956848,40.68138]]},"properties":{"routes":["A","C"],"direction":"N","colors":["#0062CF"],"colorCount":1,"color0":"#0062CF","color1":"","color2":""}},{"type":"Feature","geometry":{"type":"LineString","coordinates":[[-73.956848,40.68138],[-73.956848,40.68138],[-73.965838,40.683263]]},"properties":{"routes":["A","C"],"direction":"N","colors":["#0062CF"],"colorCount":1,"color0":"#0062CF","color1":"","color2":""}},{"type":"Feature","geometry":{"type":"LineString","coordinates":[[-73.965838,40.683263],[-73.965838,40.683263],[-73.96742999999998,40.68359499999999],[-73.967499,40.683608],[-73.967566,40.683624],[-73.96763399999999,40.68364],[-73.967701,40.683657],[-73.967769,40.683675],[-73.96783699999999,40.683694],[-73.967904,40.68371499999999],[-73.967972,40.683736],[-73.968039,40.683758],[-73.968107,40.683781],[-73.968175,40.683805],[-73.968242,40.68383],[-73.96831,40.683856],[-73.968377,40.683883],[-73.968445,40.683911],[-73.97394599999998,40.686113]]},"properties":{"routes":["A","C"],"direction":"N","colors":["#0062CF"],"colorCount":1,"color0":"#0062CF","color1":"","color2":""}},{"type":"Feature","geometry":{"type":"LineString","coordinates":[[-73.97394599999998,40.686113],[-73.97394599999998,40.686113],[-73.97535669194556,40.68668692091887],[-73.97543122979303,40.68672555508162],[-73.97550015982196,40.68677507430309],[-73.97556539330077,40.686831077596636],[-73.97562884149801,40.68688916397564],[-73.97569241568208,40.686944932453464],[-73.97575802712147,40.68699398204347],[-73.97582758708468,40.687031911759036],[-73.97590300684016,40.687054320613505],[-73.97598619765638,40.687056807620266]]},"properties":{"routes":["A","C"],"direction":"N","colors":["#0062CF"],"colorCount":1,"color0":"#0062CF","color1":"","color2":""}},{"type":"Feature","geometry":{"type":"LineString","coordinates":[[-73.975727,40.687083],[-73.976828,40.68697100000001],[-73.978621,40.686762],[-73.97875099999999,40.686747],[-73.97887699999998,40.686735],[-73.979002,40.686726],[-73.979124,40.68672099999999],[-73.979245,40.686718],[-73.979363,40.686718],[-73.97948,40.68672],[-73.979594,40.686726],[-73.979706,40.686735],[-73.979816,40.686747],[-73.979924,40.686762],[-73.98003,40.686779],[-73.980134,40.6868],[-73.980236,40.686823],[-73.980336,40.686851000000004],[-73.980738,40.686969],[-73.98077399999998,40.686977000000006],[-73.98081,40.686986],[-73.980847,40.686995],[-73.980884,40.687004],[-73.980921,40.687014],[-73.980958,40.687025],[-73.980996,40.687036000000006],[-73.981034,40.687048000000004],[-73.981072,40.68706],[-73.98110999999999,40.687073],[-73.981149,40.687086],[-73.981188,40.6871],[-73.981227,40.687114],[-73.98126599999999,40.687129],[-73.981306,40.687144],[-73.981883,40.68735],[-73.98195299999999,40.687376],[-73.982022,40.687403],[-73.982091,40.687429],[-73.98216,40.687455],[-73.982229,40.68748],[-73.982299,40.687504999999994],[-73.982368,40.687531],[-73.982438,40.687555],[-73.982508,40.68757999999999],[-73.982578,40.687604],[-73.982648,40.687628999999994],[-73.982718,40.687653],[-73.982789,40.687676],[-73.982859,40.68769999999999],[-73.98293,40.687723],[-73.98300499999999,40.687747],[-73.98307999999999,40.68777099999999],[-73.98315499999998,40.687795],[-73.983229,40.68782000000001],[-73.983304,40.687845],[-73.983379,40.68787],[-73.983454,40.687896],[-73.983528,40.687922],[-73.983603,40.687948],[-73.983678,40.687975],[-73.983752,40.688002],[-73.983827,40.68802899999999],[-73.983901,40.688056],[-73.983976,40.688083999999996],[-73.98405,40.688112],[-73.985001,40.688484]]},"properties":{"routes":["A","C","G"],"direction":"S","colors":["#0062CF","#799534"],"colorCount":2,"color0":"#0062CF","color1":"#799534","color2":""}},{"type":"Feature","geometry":{"type":"LineString","coordinates":[[-73.985001,40.688484],[-73.985001,40.688484],[-73.987376,40.689409],[-73.987486,40.689472],[-73.987586,40.68954],[-73.987672,40.68961],[-73.987681,40.689619]]},"properties":{"routes":["A","C","G"],"direction":"N","colors":["#0062CF","#799534"],"colorCount":2,"color0":"#0062CF","color1":"#799534","color2":""}},{"type":"Feature","geometry":{"type":"LineString","coordinates":[[-73.987681,40.689619],[-73.987747,40.689684],[-73.98778375477683,40.689729647061554],[-73.98782985373339,40.68978356778697],[-73.98788082035618,40.689839732185405],[-73.98793273996635,40.68989756960979],[-73.98798169788493,40.68995650941311],[-73.98802377943302,40.690015980948345],[-73.9880550699317,40.690075413568444],[-73.98807165470205,40.690134236626385],[-73.98806961906516,40.69019187947513],[-73.98804504834212,40.69024777146766]]},"properties":{"routes":["A","C"],"direction":"N","colors":["#0062CF"],"colorCount":1,"color0":"#0062CF","color1":"","color2":""}},{"type":"Feature","geometry":{"type":"LineString","coordinates":[[-73.988177,40.690053],[-73.987738,40.690701],[-73.987582,40.690945],[-73.987556,40.690993],[-73.987532,40.69104099999999],[-73.987509,40.691089],[-73.987488,40.691138],[-73.987469,40.691187],[-73.987452,40.691236],[-73.987437,40.691286],[-73.987423,40.691336],[-73.987412,40.691386],[-73.987402,40.691437],[-73.987394,40.69148800000001],[-73.987387,40.691539],[-73.987383,40.691591],[-73.98738,40.691643],[-73.987379,40.691695],[-73.98734299999998,40.692332],[-73.987342,40.692338]]},"properties":{"routes":["A","C","F"],"direction":"N","colors":["#0062CF","#EB6800"],"colorCount":2,"color0":"#0062CF","color1":"#EB6800","color2":""}},{"type":"Feature","geometry":{"type":"LineString","coordinates":[[-73.987342,40.692338],[-73.987342,40.692338],[-73.98734299999998,40.692346],[-73.987277,40.693682],[-73.987276,40.693715],[-73.987273,40.693748],[-73.987271,40.693782],[-73.98726799999999,40.693816],[-73.98726499999998,40.69384999999999],[-73.98726199999999,40.693884],[-73.987259,40.693919],[-73.987255,40.693953],[-73.987252,40.69398799999999],[-73.987248,40.694024],[-73.98724399999999,40.694059],[-73.98724,40.694095],[-73.987235,40.694131],[-73.987231,40.69416700000001],[-73.987226,40.694204],[-73.987211,40.694334],[-73.987206,40.69436399999999],[-73.987202,40.694394],[-73.987198,40.694424],[-73.987194,40.694455],[-73.987191,40.694487],[-73.98718699999999,40.694519],[-73.987184,40.694551],[-73.987182,40.694585],[-73.987179,40.694618],[-73.987177,40.694652],[-73.987175,40.694686999999995],[-73.987173,40.694722],[-73.987172,40.69475799999999],[-73.987171,40.694794],[-73.98716999999999,40.694832],[-73.987036,40.697395],[-73.986968,40.698446]]},"properties":{"routes":["A","C","F"],"direction":"N","colors":["#0062CF","#EB6800"],"colorCount":2,"color0":"#0062CF","color1":"#EB6800","color2":""}},{"type":"Feature","geometry":{"type":"LineString","coordinates":[[-73.98698120758947,40.698241865051195],[-73.98699165885196,40.69830504560801],[-73.98702801929218,40.69836043655971],[-73.98708466076516,40.69840987312659],[-73.987155955126,40.698455190528925],[-73.98723627422969,40.698498223986974],[-73.98731998993138,40.698540808721035],[-73.98740147408608,40.69858477995137],[-73.98747509854888,40.69863197289826],[-73.98753523517486,40.698684222781985],[-73.987562,40.698713],[-73.987713,40.69884],[-73.987884,40.698951],[-73.988074,40.699047],[-73.988283,40.699128],[-73.988511,40.699194],[-73.988758,40.699244],[-73.989025,40.69927899999999],[-73.989309,40.6993],[-73.99052999999999,40.699337]]},"properties":{"routes":["A","C"],"direction":"N","colors":["#0062CF"],"colorCount":1,"color0":"#0062CF","color1":"","color2":""}},{"type":"Feature","geometry":{"type":"LineString","coordinates":[[-73.990531,40.699337],[-73.990531,40.699337],[-73.991305,40.699368],[-73.99142299999998,40.699375],[-73.991539,40.699382],[-73.991654,40.699391],[-73.991768,40.699402],[-73.99187999999998,40.699414],[-73.991991,40.699428],[-73.992101,40.699444],[-73.992209,40.699461],[-73.992316,40.69948],[-73.992422,40.6995],[-73.992527,40.699523000000006],[-73.99262999999999,40.699546],[-73.992732,40.699572],[-73.992833,40.699599],[-73.992931,40.699629],[-73.996206,40.700539],[-73.996623,40.700676],[-73.99703,40.700823],[-73.997422,40.700978],[-73.9978,40.701141],[-73.998162,40.701312],[-73.998509,40.701491000000004],[-73.99884099999998,40.701679],[-73.999159,40.70187500000001],[-73.999461,40.702079],[-73.999749,40.702291],[-74.00002099999999,40.702511],[-74.00027899999999,40.70273999999999],[-74.000522,40.702976],[-74.000749,40.703221],[-74.00096599999999,40.703473],[-74.00484499999999,40.708461],[-74.004894,40.708525],[-74.004947,40.708589],[-74.005002,40.708651],[-74.005061,40.708712],[-74.005122,40.708771],[-74.005187,40.70883],[-74.00525399999998,40.70888599999999],[-74.005325,40.708940999999996],[-74.005398,40.708995],[-74.005475,40.709048],[-74.005554,40.709099],[-74.005637,40.70914799999999],[-74.00572199999999,40.709196999999996],[-74.005811,40.709244],[-74.0059,40.709287],[-74.007691,40.710197]]},"properties":{"routes":["A","C"],"direction":"N","colors":["#0062CF"],"colorCount":1,"color0":"#0062CF","color1":"","color2":""}},{"type":"Feature","geometry":{"type":"LineString","coordinates":[[-74.007691,40.710197],[-74.007691,40.710197],[-74.009737,40.711225999999996],[-74.009837,40.711290999999996],[-74.00992399999998,40.711358],[-74.00999899999998,40.71142699999999],[-74.010062,40.71149799999999],[-74.010112,40.711571],[-74.010149,40.711645],[-74.010174,40.711722],[-74.010187,40.711801],[-74.010187,40.711881],[-74.010175,40.71196299999999],[-74.01014999999998,40.712048],[-74.010113,40.712134],[-74.010063,40.712222],[-74.010001,40.712312],[-74.00996,40.712363]]},"properties":{"routes":["A","C"],"direction":"N","colors":["#0062CF"],"colorCount":1,"color0":"#0062CF","color1":"","color2":""}},{"type":"Feature","geometry":{"type":"LineString","coordinates":[[-74.008585,40.714111],[-74.008585,40.714111],[-74.005494,40.718039],[-74.005447,40.718106],[-74.005404,40.71817399999999],[-74.005365,40.718242],[-74.005329,40.71831],[-74.005297,40.718379],[-74.005268,40.718449],[-74.005243,40.718519],[-74.005222,40.718589],[-74.005203,40.71866],[-74.005189,40.718732],[-74.00517799999999,40.718804],[-74.00517,40.718876],[-74.005166,40.718949],[-74.005164,40.719022],[-74.005164,40.719022],[-74.005166,40.719096],[-74.00522999999998,40.720785],[-74.005229,40.720824]]},"properties":{"routes":["A","C","E"],"direction":"N","colors":["#0062CF"],"colorCount":1,"color0":"#0062CF","color1":"","color2":""}},{"type":"Feature","geometry":{"type":"LineString","coordinates":[[-74.00996,40.712363],[-74.009926,40.712405],[-74.008585,40.714111]]},"properties":{"routes":["A","C","E"],"direction":"N","colors":["#0062CF"],"colorCount":1,"color0":"#0062CF","color1":"","color2":""}},{"type":"Feature","geometry":{"type":"LineString","coordinates":[[-74.005229,40.720824],[-74.005229,40.720824],[-74.005294,40.721758],[-74.005299,40.721824000000005],[-74.00530199999999,40.721889000000004],[-74.005304,40.721953],[-74.005304,40.722016],[-74.00530199999999,40.722077999999996],[-74.005299,40.72214],[-74.005293,40.722201],[-74.005286,40.722261],[-74.005278,40.72232],[-74.005267,40.722379],[-74.00525499999999,40.722436],[-74.005241,40.722493],[-74.005225,40.722548999999994],[-74.005208,40.722605],[-74.005189,40.722659],[-74.003739,40.726227]]},"properties":{"routes":["A","C","E"],"direction":"N","colors":["#0062CF"],"colorCount":1,"color0":"#0062CF","color1":"","color2":""}},{"type":"Feature","geometry":{"type":"LineString","coordinates":[[-74.003739,40.726227],[-74.003739,40.726227],[-74.002778,40.728449]]},"properties":{"routes":["A","C","E"],"direction":"N","colors":["#0062CF"],"colorCount":1,"color0":"#0062CF","color1":"","color2":""}},{"type":"Feature","geometry":{"type":"LineString","coordinates":[[-74.002778,40.728449],[-74.00272,40.728583],[-74.002705,40.728621],[-74.002689,40.728661],[-74.002673,40.728702],[-74.002655,40.728744],[-74.002637,40.728787],[-74.002617,40.728831],[-74.002597,40.72887600000001],[-74.002575,40.728922],[-74.002552,40.72897],[-74.00252899999998,40.729019],[-74.002504,40.729068],[-74.002478,40.729119],[-74.002452,40.729171],[-74.002424,40.729225],[-74.002395,40.729279],[-74.001552,40.73082],[-74.001539,40.730845],[-74.001525,40.730871],[-74.001511,40.730897],[-74.001497,40.730922],[-74.001482,40.730948],[-74.001467,40.730975],[-74.001451,40.731001],[-74.001435,40.731027],[-74.001419,40.731054],[-74.00140199999998,40.73108],[-74.001385,40.731107],[-74.001367,40.731134],[-74.001349,40.731161],[-74.001331,40.731189],[-74.001312,40.731216],[-74.000515,40.732312],[-74.000495,40.732338]]},"properties":{"routes":["A","B","C","D","E","F","M"],"direction":"N","colors":["#0062CF","#EB6800"],"colorCount":2,"color0":"#0062CF","color1":"#EB6800","color2":""}},{"type":"Feature","geometry":{"type":"LineString","coordinates":[[-74.000495,40.732338],[-74.000495,40.732338],[-74.000477,40.732362],[-73.999777,40.733323999999996],[-73.999406,40.733834]]},"properties":{"routes":["A","B","C","D","E","F","M"],"direction":"N","colors":["#0062CF","#EB6800"],"colorCount":2,"color0":"#0062CF","color1":"#EB6800","color2":""}},{"type":"Feature","geometry":{"type":"LineString","coordinates":[[-73.99952850947929,40.73366559074275],[-73.99950143052062,40.733719994491594],[-73.99949482734968,40.73377672192198],[-73.9995048302304,40.73383526119042],[-73.99952756942679,40.73389510045341],[-73.99955917520279,40.733955727867446],[-73.99959577782238,40.734016631589014],[-73.99963350754955,40.73407729977462],[-73.99966849464823,40.73413722058077],[-73.99969686938243,40.73419588216395],[-73.999715,40.73424000000001],[-73.99975,40.734314],[-73.999792,40.734389],[-74.002433,40.738807],[-74.002477,40.738884999999996],[-74.002514,40.738964],[-74.002544,40.739043],[-74.002567,40.739121],[-74.002583,40.7392],[-74.00259199999999,40.739278],[-74.002594,40.739356],[-74.00259,40.739434],[-74.002578,40.739512],[-74.00255999999999,40.739589],[-74.002535,40.739666],[-74.002502,40.739744],[-74.002463,40.739821],[-74.002417,40.739897],[-74.002363,40.739974],[-74.00169,40.740893]]},"properties":{"routes":["A","C","E"],"direction":"N","colors":["#0062CF"],"colorCount":1,"color0":"#0062CF","color1":"","color2":""}},{"type":"Feature","geometry":{"type":"LineString","coordinates":[[-74.00169,40.740893],[-74.00169,40.740893],[-73.99804099999999,40.745906]]},"properties":{"routes":["A","C","E"],"direction":"N","colors":["#0062CF"],"colorCount":1,"color0":"#0062CF","color1":"","color2":""}},{"type":"Feature","geometry":{"type":"LineString","coordinates":[[-73.99804099999999,40.745906],[-73.99804099999999,40.745906],[-73.993391,40.752287]]},"properties":{"routes":["A","C","E"],"direction":"N","colors":["#0062CF"],"colorCount":1,"color0":"#0062CF","color1":"","color2":""}},{"type":"Feature","geometry":{"type":"LineString","coordinates":[[-73.993391,40.752287],[-73.993391,40.752287],[-73.989735,40.757308]]},"properties":{"routes":["A","C","E"],"direction":"N","colors":["#0062CF"],"colorCount":1,"color0":"#0062CF","color1":"","color2":""}},{"type":"Feature","geometry":{"type":"LineString","coordinates":[[-73.989735,40.757308],[-73.989735,40.757308],[-73.98598399999999,40.762456]]},"properties":{"routes":["A","C","E"],"direction":"N","colors":["#0062CF"],"colorCount":1,"color0":"#0062CF","color1":"","color2":""}},{"type":"Feature","geometry":{"type":"LineString","coordinates":[[-73.98598399999999,40.762456],[-73.98598399999999,40.762456],[-73.985322,40.763365],[-73.984951,40.76387299999999]]},"properties":{"routes":["A","C","E"],"direction":"N","colors":["#0062CF"],"colorCount":1,"color0":"#0062CF","color1":"","color2":""}},{"type":"Feature","geometry":{"type":"LineString","coordinates":[[-73.984951,40.76387299999999],[-73.984549,40.764424]]},"properties":{"routes":["A","C"],"direction":"N","colors":["#0062CF"],"colorCount":1,"color0":"#0062CF","color1":"","color2":""}},{"type":"Feature","geometry":{"type":"LineString","coordinates":[[-73.984549,40.764424],[-73.98413799999999,40.764986],[-73.981736,40.768296]]},"properties":{"routes":["A","B","C","D"],"direction":"N","colors":["#0062CF","#EB6800"],"colorCount":2,"color0":"#0062CF","color1":"#EB6800","color2":""}},{"type":"Feature","geometry":{"type":"LineString","coordinates":[[-73.981736,40.768296],[-73.981736,40.768296],[-73.97640999999999,40.775594]]},"properties":{"routes":["A","B","C","D"],"direction":"N","colors":["#0062CF","#EB6800"],"colorCount":2,"color0":"#0062CF","color1":"#EB6800","color2":""}},{"type":"Feature","geometry":{"type":"LineString","coordinates":[[-73.97640999999999,40.775594],[-73.97640999999999,40.775594],[-73.972143,40.781433]]},"properties":{"routes":["A","B","C","D"],"direction":"N","colors":["#0062CF","#EB6800"],"colorCount":2,"color0":"#0062CF","color1":"#EB6800","color2":""}},{"type":"Feature","geometry":{"type":"LineString","coordinates":[[-73.968916,40.785868],[-73.968916,40.785868],[-73.964696,40.791641999999996]]},"properties":{"routes":["A","B","C","D"],"direction":"N","colors":["#0062CF","#EB6800"],"colorCount":2,"color0":"#0062CF","color1":"#EB6800","color2":""}},{"type":"Feature","geometry":{"type":"LineString","coordinates":[[-73.95488199999998,40.805085],[-73.95488199999998,40.805085],[-73.953288,40.807266999999996],[-73.953236,40.80733000000001],[-73.95319,40.807392],[-73.953148,40.807455],[-73.95311,40.807519],[-73.953075,40.807583],[-73.953045,40.80764700000001],[-73.953018,40.807711],[-73.952995,40.807777],[-73.952976,40.807842],[-73.95296099999999,40.807908],[-73.95295,40.807975],[-73.952942,40.808042],[-73.952939,40.808109],[-73.952939,40.80817700000001],[-73.952941,40.808245],[-73.95303,40.809638],[-73.953033,40.809699],[-73.953034,40.809757000000005],[-73.953033,40.809815],[-73.95303,40.809872],[-73.953025,40.809927],[-73.953017,40.809981],[-73.953007,40.810035],[-73.952995,40.810087],[-73.95298,40.810138],[-73.952963,40.810188],[-73.952943,40.810237],[-73.952922,40.81028499999999],[-73.952898,40.81033200000001],[-73.952872,40.810377],[-73.952842,40.810422],[-73.952343,40.811109]]},"properties":{"routes":["A","B","C","D"],"direction":"N","colors":["#0062CF","#EB6800"],"colorCount":2,"color0":"#0062CF","color1":"#EB6800","color2":""}},{"type":"Feature","geometry":{"type":"LineString","coordinates":[[-73.961454,40.796091999999994],[-73.961454,40.796091999999994],[-73.958161,40.800602999999995]]},"properties":{"routes":["A","B","C","D"],"direction":"N","colors":["#0062CF","#EB6800"],"colorCount":2,"color0":"#0062CF","color1":"#EB6800","color2":""}},{"type":"Feature","geometry":{"type":"LineString","coordinates":[[-73.958161,40.800602999999995],[-73.958161,40.800602999999995],[-73.95488199999998,40.805085]]},"properties":{"routes":["A","B","C","D"],"direction":"N","colors":["#0062CF","#EB6800"],"colorCount":2,"color0":"#0062CF","color1":"#EB6800","color2":""}},{"type":"Feature","geometry":{"type":"LineString","coordinates":[[-73.964696,40.791641999999996],[-73.964696,40.791641999999996],[-73.961454,40.796091999999994]]},"properties":{"routes":["A","B","C","D"],"direction":"N","colors":["#0062CF","#EB6800"],"colorCount":2,"color0":"#0062CF","color1":"#EB6800","color2":""}},{"type":"Feature","geometry":{"type":"LineString","coordinates":[[-73.972143,40.781433],[-73.972143,40.781433],[-73.968916,40.785868]]},"properties":{"routes":["A","B","C","D"],"direction":"N","colors":["#0062CF","#EB6800"],"colorCount":2,"color0":"#0062CF","color1":"#EB6800","color2":""}},{"type":"Feature","geometry":{"type":"LineString","coordinates":[[-73.952343,40.811109],[-73.952343,40.811109],[-73.9523,40.811167],[-73.952256,40.811223],[-73.95221,40.811279],[-73.95216399999998,40.811335],[-73.952117,40.811389999999996],[-73.952068,40.811445],[-73.952019,40.8115],[-73.951969,40.811554],[-73.951917,40.811608],[-73.951865,40.811661],[-73.951811,40.811714],[-73.951757,40.811767],[-73.951701,40.811819],[-73.95164499999998,40.811871],[-73.951586,40.811923],[-73.950604,40.812906],[-73.950568,40.812938],[-73.950533,40.812971],[-73.950498,40.813004],[-73.950464,40.813038],[-73.95043,40.813073],[-73.950397,40.813109],[-73.95036299999998,40.813145],[-73.950331,40.813181],[-73.950298,40.813219],[-73.95026599999998,40.813257],[-73.950234,40.813296],[-73.950203,40.813335],[-73.950172,40.813376],[-73.950141,40.813416],[-73.95011199999999,40.813459],[-73.949202,40.814704],[-73.949174,40.814741],[-73.949147,40.814778],[-73.949121,40.814815],[-73.949095,40.81485300000001],[-73.94907,40.814892],[-73.949046,40.81492999999999],[-73.949023,40.814969],[-73.949,40.815009],[-73.948977,40.815049],[-73.94895599999998,40.815089],[-73.948935,40.81513],[-73.948914,40.815171],[-73.94889499999998,40.815212],[-73.94887499999999,40.815254],[-73.948857,40.815297],[-73.94764899999998,40.817893]]},"properties":{"routes":["A","B","C","D"],"direction":"N","colors":["#0062CF","#EB6800"],"colorCount":2,"color0":"#0062CF","color1":"#EB6800","color2":""}},{"type":"Feature","geometry":{"type":"LineString","coordinates":[[-73.94764899999998,40.817894],[-73.94764899999998,40.817894],[-73.944947,40.823696],[-73.94492599999998,40.823738999999996],[-73.944904,40.823781],[-73.94488199999999,40.823822],[-73.94486,40.823862],[-73.944837,40.823902],[-73.944814,40.823941],[-73.944791,40.82398],[-73.944767,40.824018],[-73.944743,40.824055],[-73.944719,40.824092],[-73.944694,40.824127],[-73.944669,40.824163],[-73.944643,40.824197],[-73.94461699999998,40.824231],[-73.944591,40.824264],[-73.944216,40.824783]]},"properties":{"routes":["A","B","C","D"],"direction":"N","colors":["#0062CF","#EB6800"],"colorCount":2,"color0":"#0062CF","color1":"#EB6800","color2":""}},{"type":"Feature","geometry":{"type":"LineString","coordinates":[[-73.944216,40.824782],[-73.944216,40.824783],[-73.944148,40.824882],[-73.943403,40.825903],[-73.943379,40.825938],[-73.943355,40.82597499999999],[-73.943333,40.826012],[-73.943311,40.826049],[-73.943289,40.82608700000001],[-73.943269,40.826125],[-73.943249,40.826164000000006],[-73.943229,40.826202],[-73.943211,40.826242],[-73.943193,40.826281],[-73.943176,40.826321],[-73.943159,40.826362],[-73.943144,40.826402],[-73.943128,40.826444],[-73.943113,40.826486],[-73.94287899999999,40.827075]]},"properties":{"routes":["A","B","C","D"],"direction":"N","colors":["#0062CF","#EB6800"],"colorCount":2,"color0":"#0062CF","color1":"#EB6800","color2":""}},{"type":"Feature","geometry":{"type":"LineString","coordinates":[[-73.94287899999999,40.827075],[-73.94151399999998,40.830517]]},"properties":{"routes":["A","C"],"direction":"N","colors":["#0062CF"],"colorCount":1,"color0":"#0062CF","color1":"","color2":""}},{"type":"Feature","geometry":{"type":"LineString","coordinates":[[-73.94151399999998,40.830517],[-73.94151399999998,40.830518],[-73.940709,40.832909],[-73.9407,40.83294],[-73.94069,40.832971],[-73.94068,40.833003],[-73.94067,40.833035],[-73.94065899999998,40.833067],[-73.940648,40.8331],[-73.940637,40.833133],[-73.940625,40.833166],[-73.940613,40.833199],[-73.9406,40.833233],[-73.940587,40.833266],[-73.940574,40.83330099999999],[-73.94055999999999,40.833335],[-73.940546,40.83337],[-73.940532,40.833405],[-73.939915,40.834797],[-73.939896,40.83484],[-73.93988,40.834883],[-73.939866,40.834926],[-73.939853,40.83497],[-73.939841,40.835014],[-73.939832,40.835059],[-73.939823,40.835104],[-73.939817,40.83515],[-73.939812,40.835196],[-73.939809,40.835242],[-73.939807,40.835289],[-73.939807,40.835337],[-73.939808,40.835384999999995],[-73.939811,40.835433],[-73.939817,40.835482],[-73.939892,40.836012]]},"properties":{"routes":["A","C"],"direction":"N","colors":["#0062CF"],"colorCount":1,"color0":"#0062CF","color1":"","color2":""}},{"type":"Feature","geometry":{"type":"LineString","coordinates":[[-73.939892,40.836012],[-73.939892,40.836013],[-73.940033,40.83692],[-73.940037,40.836954],[-73.940042,40.836987],[-73.940046,40.837021],[-73.940049,40.837054],[-73.940052,40.837087000000004],[-73.94005399999999,40.837121],[-73.940055,40.83715399999999],[-73.940056,40.837188],[-73.940057,40.83722099999999],[-73.940057,40.837254],[-73.940056,40.837288],[-73.940055,40.837321],[-73.940053,40.837354],[-73.94005,40.837388],[-73.940047,40.837421],[-73.939881,40.839251],[-73.939876,40.839308],[-73.93987099999998,40.839366000000005],[-73.93986499999998,40.839423],[-73.939858,40.83948],[-73.93985099999999,40.839537],[-73.939843,40.839593],[-73.939834,40.839649],[-73.93982399999999,40.839705],[-73.939814,40.839760000000005],[-73.939802,40.83981500000001],[-73.93978999999999,40.839869],[-73.939778,40.839923],[-73.939764,40.839977],[-73.93975,40.84002999999999],[-73.939735,40.84008300000001],[-73.939561,40.840718]]},"properties":{"routes":["A","C"],"direction":"N","colors":["#0062CF"],"colorCount":1,"color0":"#0062CF","color1":"","color2":""}},{"type":"Feature","geometry":{"type":"LineString","coordinates":[[-73.939561,40.840718],[-73.939561,40.840719],[-73.93939,40.841395000000006],[-73.939376,40.841452],[-73.939363,40.841509],[-73.93935,40.841567],[-73.939338,40.841625],[-73.939327,40.841684],[-73.939317,40.841744],[-73.939307,40.841804],[-73.939299,40.841864],[-73.939291,40.841926],[-73.93928399999999,40.841987],[-73.939277,40.84205],[-73.939271,40.842113],[-73.939267,40.842176],[-73.939262,40.84224],[-73.939259,40.842304999999996],[-73.93920199999998,40.842713],[-73.939196,40.84276800000001],[-73.939189,40.842825],[-73.939181,40.84288200000001],[-73.939173,40.842941],[-73.939163,40.843],[-73.939152,40.843061],[-73.939141,40.843124],[-73.939129,40.843187],[-73.939115,40.843251],[-73.93910099999998,40.843317],[-73.939086,40.843384],[-73.93907,40.843451],[-73.939053,40.84352],[-73.939036,40.843591],[-73.939017,40.843662],[-73.938886,40.844266],[-73.938885,40.844339999999995],[-73.93889,40.844412],[-73.93889999999999,40.844484],[-73.938916,40.844554],[-73.938937,40.844623],[-73.938964,40.844692],[-73.93899599999999,40.84476],[-73.939033,40.844826],[-73.939076,40.844892],[-73.939125,40.844957],[-73.93917799999998,40.845021],[-73.939238,40.845084],[-73.939302,40.845146],[-73.939372,40.845208],[-73.939448,40.84526799999999],[-73.939709,40.845466],[-73.939776,40.845523],[-73.939837,40.845583000000005],[-73.939892,40.84564400000001],[-73.93994,40.845707],[-73.939982,40.845773],[-73.940017,40.84584],[-73.940047,40.84591],[-73.94007,40.845981],[-73.940086,40.846054],[-73.940097,40.84613],[-73.940101,40.846208],[-73.940099,40.846287],[-73.94009,40.846369],[-73.940075,40.846452],[-73.940053,40.846536],[-73.939704,40.84739]]},"properties":{"routes":["A"],"direction":"N","colors":["#0062CF"],"colorCount":1,"color0":"#0062CF","color1":"","color2":""}},{"type":"Feature","geometry":{"type":"LineString","coordinates":[[-73.939704,40.84739],[-73.939704,40.847391],[-73.937969,40.851694]]},"properties":{"routes":["A"],"direction":"N","colors":["#0062CF"],"colorCount":1,"color0":"#0062CF","color1":"","color2":""}},{"type":"Feature","geometry":{"type":"LineString","coordinates":[[-73.937969,40.851694],[-73.937969,40.851695],[-73.936887,40.855112],[-73.936867,40.855168],[-73.936848,40.855225],[-73.936827,40.855281],[-73.936806,40.855336],[-73.936783,40.85539],[-73.93676,40.855444],[-73.936736,40.855497],[-73.93671,40.855549],[-73.936684,40.8556],[-73.93665599999999,40.855650999999995],[-73.936628,40.855701],[-73.936599,40.85575],[-73.936569,40.855798],[-73.936537,40.855845],[-73.936503,40.855893],[-73.93418,40.859021]]},"properties":{"routes":["A"],"direction":"N","colors":["#0062CF"],"colorCount":1,"color0":"#0062CF","color1":"","color2":""}},{"type":"Feature","geometry":{"type":"LineString","coordinates":[[-73.93418,40.859021],[-73.93418,40.859022],[-73.930852,40.863314],[-73.93081399999998,40.86336],[-73.930776,40.863405],[-73.93073499999998,40.86345],[-73.930694,40.863494],[-73.93065,40.863537],[-73.93060499999999,40.86358],[-73.930558,40.863623],[-73.93051,40.863665],[-73.930459,40.863707],[-73.930407,40.863748],[-73.930354,40.863788],[-73.93029899999999,40.86382799999999],[-73.930242,40.863868],[-73.930183,40.863907],[-73.930123,40.863946000000006],[-73.928643,40.86478900000001],[-73.928091,40.865077],[-73.928031,40.865109],[-73.927971,40.865141],[-73.927913,40.865172],[-73.92785499999998,40.865202],[-73.927798,40.865232],[-73.927742,40.865261],[-73.927686,40.865289],[-73.92763199999999,40.865317],[-73.927578,40.865344],[-73.927525,40.86537],[-73.927472,40.865395],[-73.927421,40.86542],[-73.92737,40.86544500000001],[-73.92732,40.865468],[-73.92727199999999,40.865491]]},"properties":{"routes":["A"],"direction":"N","colors":["#0062CF"],"colorCount":1,"color0":"#0062CF","color1":"","color2":""}},{"type":"Feature","geometry":{"type":"LineString","coordinates":[[-73.92727199999999,40.865491],[-73.927271,40.865491],[-73.927208,40.865517999999994],[-73.927145,40.865545],[-73.92708,40.865572],[-73.92701599999998,40.865599],[-73.926951,40.865625],[-73.926885,40.865652000000004],[-73.926818,40.865678],[-73.926751,40.865704],[-73.926684,40.86573],[-73.926616,40.865756],[-73.926547,40.865781999999996],[-73.92647799999999,40.865808],[-73.926408,40.86583300000001],[-73.926338,40.865859],[-73.926267,40.865884],[-73.92138,40.867635],[-73.921333,40.867652],[-73.921286,40.867669],[-73.92123999999998,40.867685],[-73.92119299999999,40.867701],[-73.921147,40.867717],[-73.921101,40.867732],[-73.921056,40.867747],[-73.92100999999998,40.867762],[-73.920965,40.867777],[-73.92092,40.867791],[-73.920875,40.867806],[-73.920831,40.86781899999999],[-73.920786,40.867833],[-73.920742,40.867846],[-73.92069799999999,40.867859],[-73.9199,40.868072]]},"properties":{"routes":["A"],"direction":"N","colors":["#0062CF"],"colorCount":1,"color0":"#0062CF","color1":"","color2":""}},{"type":"Feature","geometry":{"type":"LineString","coordinates":[[-73.825798,40.685951],[-73.828374,40.685666],[-73.828442,40.685658],[-73.828508,40.685649],[-73.828573,40.685639],[-73.82863699999999,40.685629],[-73.828699,40.68561799999999],[-73.828759,40.685607],[-73.828819,40.68559400000001],[-73.828877,40.685581],[-73.828933,40.685568],[-73.828989,40.685554],[-73.829043,40.685539000000006],[-73.829095,40.68552300000001],[-73.829146,40.685507],[-73.82919599999998,40.68549],[-73.829244,40.685473],[-73.832163,40.684331]]},"properties":{"routes":["A"],"direction":"N","colors":["#0062CF"],"colorCount":1,"color0":"#0062CF","color1":"","color2":""}},{"type":"Feature","geometry":{"type":"LineString","coordinates":[[-73.832163,40.684331],[-73.832163,40.684331],[-73.833227,40.683908],[-73.833288,40.683885],[-73.833349,40.683861],[-73.833411,40.683836],[-73.833473,40.68381],[-73.83353699999999,40.683784],[-73.833601,40.683757],[-73.833665,40.683729],[-73.833731,40.683701000000006],[-73.833797,40.683671],[-73.83386299999998,40.683641],[-73.833931,40.68361],[-73.833999,40.683578999999995],[-73.834068,40.683546],[-73.834137,40.683513],[-73.83420699999999,40.683479],[-73.836319,40.682328],[-73.83640599999998,40.68228],[-73.836494,40.682233],[-73.836583,40.682187],[-73.836672,40.682142],[-73.836761,40.682098],[-73.836851,40.682055],[-73.83694199999998,40.682013000000005],[-73.837033,40.681972],[-73.837124,40.681931],[-73.837216,40.681892],[-73.837309,40.681854],[-73.837402,40.681817],[-73.837495,40.681781],[-73.837589,40.68174500000001],[-73.837683,40.681711]]},"properties":{"routes":["A"],"direction":"N","colors":["#0062CF"],"colorCount":1,"color0":"#0062CF","color1":"","color2":""}},{"type":"Feature","geometry":{"type":"LineString","coordinates":[[-73.837683,40.681711],[-73.837683,40.681711],[-73.837753,40.68168599999999],[-73.837824,40.681662],[-73.837895,40.681639],[-73.837967,40.681616],[-73.83804,40.681594],[-73.838113,40.681572],[-73.838187,40.681551],[-73.83826099999999,40.681531],[-73.838337,40.681511],[-73.838412,40.681492],[-73.838489,40.681474],[-73.838566,40.681456],[-73.83864399999999,40.681439],[-73.83872199999999,40.681422000000005],[-73.838801,40.68140600000001],[-73.84075,40.681025999999996]]},"properties":{"routes":["A"],"direction":"N","colors":["#0062CF"],"colorCount":1,"color0":"#0062CF","color1":"","color2":""}},{"type":"Feature","geometry":{"type":"LineString","coordinates":[[-73.919899,40.868072],[-73.92069799999999,40.867859],[-73.920742,40.867846],[-73.920786,40.867833],[-73.920831,40.86781899999999],[-73.920875,40.867806],[-73.92092,40.867791],[-73.920965,40.867777],[-73.92100999999998,40.867762],[-73.921056,40.867747],[-73.921101,40.867732],[-73.921147,40.867717],[-73.92119299999999,40.867701],[-73.92123999999998,40.867685],[-73.921286,40.867669],[-73.921333,40.867652],[-73.92138,40.867635],[-73.926267,40.865884],[-73.926338,40.865859],[-73.926408,40.86583300000001],[-73.92647799999999,40.865808],[-73.926547,40.865781999999996],[-73.926616,40.865756],[-73.926684,40.86573],[-73.926751,40.865704],[-73.926818,40.865678],[-73.926885,40.865652000000004],[-73.926951,40.865625],[-73.92701599999998,40.865599],[-73.92708,40.865572],[-73.927145,40.865545],[-73.927208,40.865517999999994],[-73.927271,40.865491]]},"properties":{"routes":["A"],"direction":"S","colors":["#0062CF"],"colorCount":1,"color0":"#0062CF","color1":"","color2":""}},{"type":"Feature","geometry":{"type":"LineString","coordinates":[[-73.927271,40.865491],[-73.927271,40.865491],[-73.92732,40.865468],[-73.92737,40.86544500000001],[-73.927421,40.86542],[-73.927472,40.865395],[-73.927525,40.86537],[-73.927578,40.865344],[-73.92763199999999,40.865317],[-73.927686,40.865289],[-73.927742,40.865261],[-73.927798,40.865232],[-73.92785499999998,40.865202],[-73.927913,40.865172],[-73.927971,40.865141],[-73.928031,40.865109],[-73.928091,40.865077],[-73.928643,40.86478900000001],[-73.930123,40.863946000000006],[-73.930183,40.863907],[-73.930242,40.863868],[-73.93029899999999,40.86382799999999],[-73.930354,40.863788],[-73.930407,40.863748],[-73.930459,40.863707],[-73.93051,40.863665],[-73.930558,40.863623],[-73.93060499999999,40.86358],[-73.93065,40.863537],[-73.930694,40.863494],[-73.93073499999998,40.86345],[-73.930776,40.863405],[-73.93081399999998,40.86336],[-73.930852,40.863314],[-73.93418,40.859022]]},"properties":{"routes":["A"],"direction":"S","colors":["#0062CF"],"colorCount":1,"color0":"#0062CF","color1":"","color2":""}},{"type":"Feature","geometry":{"type":"LineString","coordinates":[[-73.93418,40.859022],[-73.93418,40.859022],[-73.936503,40.855893],[-73.936537,40.855845],[-73.936569,40.855798],[-73.936599,40.85575],[-73.936628,40.855701],[-73.93665599999999,40.855650999999995],[-73.936684,40.8556],[-73.93671,40.855549],[-73.936736,40.855497],[-73.93676,40.855444],[-73.936783,40.85539],[-73.936806,40.855336],[-73.936827,40.855281],[-73.936848,40.855225],[-73.936867,40.855168],[-73.936887,40.855112],[-73.937969,40.851695]]},"properties":{"routes":["A"],"direction":"S","colors":["#0062CF"],"colorCount":1,"color0":"#0062CF","color1":"","color2":""}},{"type":"Feature","geometry":{"type":"LineString","coordinates":[[-73.937969,40.851695],[-73.937969,40.851695],[-73.939704,40.847391]]},"properties":{"routes":["A"],"direction":"S","colors":["#0062CF"],"colorCount":1,"color0":"#0062CF","color1":"","color2":""}},{"type":"Feature","geometry":{"type":"LineString","coordinates":[[-73.939704,40.847391],[-73.939704,40.847391],[-73.940053,40.846536],[-73.940075,40.846452],[-73.94009,40.846369],[-73.940099,40.846287],[-73.940101,40.846208],[-73.940097,40.84613],[-73.940086,40.846054],[-73.94007,40.845981],[-73.940047,40.84591],[-73.940017,40.84584],[-73.939982,40.845773],[-73.93994,40.845707],[-73.939892,40.84564400000001],[-73.939837,40.845583000000005],[-73.939776,40.845523],[-73.939709,40.845466],[-73.939448,40.84526799999999],[-73.939372,40.845208],[-73.939302,40.845146],[-73.939238,40.845084],[-73.93917799999998,40.845021],[-73.939125,40.844957],[-73.939076,40.844892],[-73.939033,40.844826],[-73.93899599999999,40.84476],[-73.938964,40.844692],[-73.938937,40.844623],[-73.938916,40.844554],[-73.93889999999999,40.844484],[-73.93889,40.844412],[-73.938885,40.844339999999995],[-73.938886,40.844266],[-73.939017,40.843662],[-73.939036,40.843591],[-73.939053,40.84352],[-73.93907,40.843451],[-73.939086,40.843384],[-73.93910099999998,40.843317],[-73.939115,40.843251],[-73.939129,40.843187],[-73.939141,40.843124],[-73.939152,40.843061],[-73.939163,40.843],[-73.939173,40.842941],[-73.939181,40.84288200000001],[-73.939189,40.842825],[-73.939196,40.84276800000001],[-73.93920199999998,40.842713],[-73.939259,40.842304999999996],[-73.939262,40.84224],[-73.939267,40.842176],[-73.939271,40.842113],[-73.939277,40.84205],[-73.93928399999999,40.841987],[-73.939291,40.841926],[-73.939299,40.841864],[-73.939307,40.841804],[-73.939317,40.841744],[-73.939327,40.841684],[-73.939338,40.841625],[-73.93935,40.841567],[-73.939363,40.841509],[-73.939376,40.841452],[-73.93939,40.841395000000006],[-73.939561,40.840719]]},"properties":{"routes":["A"],"direction":"S","colors":["#0062CF"],"colorCount":1,"color0":"#0062CF","color1":"","color2":""}},{"type":"Feature","geometry":{"type":"LineString","coordinates":[[-73.939561,40.840719],[-73.939561,40.840719],[-73.939735,40.84008300000001],[-73.93975,40.84002999999999],[-73.939764,40.839977],[-73.939778,40.839923],[-73.93978999999999,40.839869],[-73.939802,40.83981500000001],[-73.939814,40.839760000000005],[-73.93982399999999,40.839705],[-73.939834,40.839649],[-73.939843,40.839593],[-73.93985099999999,40.839537],[-73.939858,40.83948],[-73.93986499999998,40.839423],[-73.93987099999998,40.839366000000005],[-73.939876,40.839308],[-73.939881,40.839251],[-73.940047,40.837421],[-73.94005,40.837388],[-73.940053,40.837354],[-73.940055,40.837321],[-73.940056,40.837288],[-73.940057,40.837254],[-73.940057,40.83722099999999],[-73.940056,40.837188],[-73.940055,40.83715399999999],[-73.94005399999999,40.837121],[-73.940052,40.837087000000004],[-73.940049,40.837054],[-73.940046,40.837021],[-73.940042,40.836987],[-73.940037,40.836954],[-73.940033,40.83692],[-73.939892,40.836013]]},"properties":{"routes":["A","C"],"direction":"S","colors":["#0062CF"],"colorCount":1,"color0":"#0062CF","color1":"","color2":""}},{"type":"Feature","geometry":{"type":"LineString","coordinates":[[-73.939892,40.836013],[-73.939892,40.836013],[-73.939817,40.835482],[-73.939811,40.835433],[-73.939808,40.835384999999995],[-73.939807,40.835337],[-73.939807,40.835289],[-73.939809,40.835242],[-73.939812,40.835196],[-73.939817,40.83515],[-73.939823,40.835104],[-73.939832,40.835059],[-73.939841,40.835014],[-73.939853,40.83497],[-73.939866,40.834926],[-73.93988,40.834883],[-73.939896,40.83484],[-73.939915,40.834797],[-73.940532,40.833405],[-73.940546,40.83337],[-73.94055999999999,40.833335],[-73.940574,40.83330099999999],[-73.940587,40.833266],[-73.9406,40.833233],[-73.940613,40.833199],[-73.940625,40.833166],[-73.940637,40.833133],[-73.940648,40.8331],[-73.94065899999998,40.833067],[-73.94067,40.833035],[-73.94068,40.833003],[-73.94069,40.832971],[-73.9407,40.83294],[-73.940709,40.832909],[-73.94151399999998,40.830518]]},"properties":{"routes":["A","C"],"direction":"S","colors":["#0062CF"],"colorCount":1,"color0":"#0062CF","color1":"","color2":""}},{"type":"Feature","geometry":{"type":"LineString","coordinates":[[-73.94151399999998,40.830518],[-73.94151399999998,40.830518],[-73.94288,40.827073]]},"properties":{"routes":["A","C"],"direction":"S","colors":["#0062CF"],"colorCount":1,"color0":"#0062CF","color1":"","color2":""}},{"type":"Feature","geometry":{"type":"LineString","coordinates":[[-73.94288,40.827073],[-73.943113,40.826486],[-73.943128,40.826444],[-73.943144,40.826402],[-73.943159,40.826362],[-73.943176,40.826321],[-73.943193,40.826281],[-73.943211,40.826242],[-73.943229,40.826202],[-73.943249,40.826164000000006],[-73.943269,40.826125],[-73.943289,40.82608700000001],[-73.943311,40.826049],[-73.943333,40.826012],[-73.943355,40.82597499999999],[-73.943379,40.825938],[-73.943403,40.825903],[-73.944148,40.824882],[-73.944216,40.824783]]},"properties":{"routes":["A","B","C","D"],"direction":"S","colors":["#0062CF","#EB6800"],"colorCount":2,"color0":"#0062CF","color1":"#EB6800","color2":""}},{"type":"Feature","geometry":{"type":"LineString","coordinates":[[-73.94764899999998,40.817894],[-73.94764899999998,40.817894],[-73.948857,40.815297],[-73.94887499999999,40.815254],[-73.94889499999998,40.815212],[-73.948914,40.815171],[-73.948935,40.81513],[-73.94895599999998,40.815089],[-73.948977,40.815049],[-73.949,40.815009],[-73.949023,40.814969],[-73.949046,40.81492999999999],[-73.94907,40.814892],[-73.949095,40.81485300000001],[-73.949121,40.814815],[-73.949147,40.814778],[-73.949174,40.814741],[-73.949202,40.814704],[-73.95011199999999,40.813459],[-73.950141,40.813416],[-73.950172,40.813376],[-73.950203,40.813335],[-73.950234,40.813296],[-73.95026599999998,40.813257],[-73.950298,40.813219],[-73.950331,40.813181],[-73.95036299999998,40.813145],[-73.950397,40.813109],[-73.95043,40.813073],[-73.950464,40.813038],[-73.950498,40.813004],[-73.950533,40.812971],[-73.950568,40.812938],[-73.950604,40.812906],[-73.951586,40.811923],[-73.95164499999998,40.811871],[-73.951701,40.811819],[-73.951757,40.811767],[-73.951811,40.811714],[-73.951865,40.811661],[-73.951917,40.811608],[-73.951969,40.811554],[-73.952019,40.8115],[-73.952068,40.811445],[-73.952117,40.811389999999996],[-73.95216399999998,40.811335],[-73.95221,40.811279],[-73.952256,40.811223],[-73.9523,40.811167],[-73.952343,40.811109]]},"properties":{"routes":["A","B","C","D"],"direction":"S","colors":["#0062CF","#EB6800"],"colorCount":2,"color0":"#0062CF","color1":"#EB6800","color2":""}},{"type":"Feature","geometry":{"type":"LineString","coordinates":[[-73.944216,40.824783],[-73.944216,40.824783],[-73.944591,40.824264],[-73.94461699999998,40.824231],[-73.944643,40.824197],[-73.944669,40.824163],[-73.944694,40.824127],[-73.944719,40.824092],[-73.944743,40.824055],[-73.944767,40.824018],[-73.944791,40.82398],[-73.944814,40.823941],[-73.944837,40.823902],[-73.94486,40.823862],[-73.94488199999999,40.823822],[-73.944904,40.823781],[-73.94492599999998,40.823738999999996],[-73.944947,40.823696],[-73.94764899999998,40.817894]]},"properties":{"routes":["A","B","C","D"],"direction":"S","colors":["#0062CF","#EB6800"],"colorCount":2,"color0":"#0062CF","color1":"#EB6800","color2":""}},{"type":"Feature","geometry":{"type":"LineString","coordinates":[[-73.97640999999999,40.775594],[-73.97640999999999,40.775594],[-73.981736,40.768296]]},"properties":{"routes":["A","B","C","D"],"direction":"S","colors":["#0062CF","#EB6800"],"colorCount":2,"color0":"#0062CF","color1":"#EB6800","color2":""}},{"type":"Feature","geometry":{"type":"LineString","coordinates":[[-73.972143,40.781433],[-73.972143,40.781433],[-73.97640999999999,40.775594]]},"properties":{"routes":["A","B","C","D"],"direction":"S","colors":["#0062CF","#EB6800"],"colorCount":2,"color0":"#0062CF","color1":"#EB6800","color2":""}},{"type":"Feature","geometry":{"type":"LineString","coordinates":[[-73.964696,40.791641999999996],[-73.964696,40.791641999999996],[-73.968916,40.785868]]},"properties":{"routes":["A","B","C","D"],"direction":"S","colors":["#0062CF","#EB6800"],"colorCount":2,"color0":"#0062CF","color1":"#EB6800","color2":""}},{"type":"Feature","geometry":{"type":"LineString","coordinates":[[-73.952343,40.811109],[-73.952343,40.811109],[-73.952842,40.810422],[-73.952872,40.810377],[-73.952898,40.81033200000001],[-73.952922,40.81028499999999],[-73.952943,40.810237],[-73.952963,40.810188],[-73.95298,40.810138],[-73.952995,40.810087],[-73.953007,40.810035],[-73.953017,40.809981],[-73.953025,40.809927],[-73.95303,40.809872],[-73.953033,40.809815],[-73.953034,40.809757000000005],[-73.953033,40.809699],[-73.95303,40.809638],[-73.952941,40.808245],[-73.952939,40.80817700000001],[-73.952939,40.808109],[-73.952942,40.808042],[-73.95295,40.807975],[-73.95296099999999,40.807908],[-73.952976,40.807842],[-73.952995,40.807777],[-73.953018,40.807711],[-73.953045,40.80764700000001],[-73.953075,40.807583],[-73.95311,40.807519],[-73.953148,40.807455],[-73.95319,40.807392],[-73.953236,40.80733000000001],[-73.953288,40.807266999999996],[-73.95488199999998,40.805085]]},"properties":{"routes":["A","B","C","D"],"direction":"S","colors":["#0062CF","#EB6800"],"colorCount":2,"color0":"#0062CF","color1":"#EB6800","color2":""}},{"type":"Feature","geometry":{"type":"LineString","coordinates":[[-73.958161,40.800602999999995],[-73.958161,40.800602999999995],[-73.961454,40.796091999999994]]},"properties":{"routes":["A","B","C","D"],"direction":"S","colors":["#0062CF","#EB6800"],"colorCount":2,"color0":"#0062CF","color1":"#EB6800","color2":""}},{"type":"Feature","geometry":{"type":"LineString","coordinates":[[-73.95488199999998,40.805085],[-73.95488199999998,40.805085],[-73.958161,40.800602999999995]]},"properties":{"routes":["A","B","C","D"],"direction":"S","colors":["#0062CF","#EB6800"],"colorCount":2,"color0":"#0062CF","color1":"#EB6800","color2":""}},{"type":"Feature","geometry":{"type":"LineString","coordinates":[[-73.961454,40.796091999999994],[-73.961454,40.796091999999994],[-73.964696,40.791641999999996]]},"properties":{"routes":["A","B","C","D"],"direction":"S","colors":["#0062CF","#EB6800"],"colorCount":2,"color0":"#0062CF","color1":"#EB6800","color2":""}},{"type":"Feature","geometry":{"type":"LineString","coordinates":[[-73.968916,40.785868],[-73.968916,40.785868],[-73.972143,40.781433]]},"properties":{"routes":["A","B","C","D"],"direction":"S","colors":["#0062CF","#EB6800"],"colorCount":2,"color0":"#0062CF","color1":"#EB6800","color2":""}},{"type":"Feature","geometry":{"type":"LineString","coordinates":[[-73.981736,40.768296],[-73.981736,40.768296],[-73.98413799999999,40.764986],[-73.98453999999998,40.764435]]},"properties":{"routes":["A","B","C","D"],"direction":"S","colors":["#0062CF","#EB6800"],"colorCount":2,"color0":"#0062CF","color1":"#EB6800","color2":""}},{"type":"Feature","geometry":{"type":"LineString","coordinates":[[-73.98453999999998,40.764435],[-73.984943,40.763884]]},"properties":{"routes":["A","C"],"direction":"S","colors":["#0062CF"],"colorCount":1,"color0":"#0062CF","color1":"","color2":""}},{"type":"Feature","geometry":{"type":"LineString","coordinates":[[-73.984943,40.763884],[-73.985322,40.763365],[-73.98598399999999,40.762456]]},"properties":{"routes":["A","C","E"],"direction":"S","colors":["#0062CF"],"colorCount":1,"color0":"#0062CF","color1":"","color2":""}},{"type":"Feature","geometry":{"type":"LineString","coordinates":[[-73.98598399999999,40.762456],[-73.98598399999999,40.762456],[-73.989735,40.757308]]},"properties":{"routes":["A","C","E"],"direction":"S","colors":["#0062CF"],"colorCount":1,"color0":"#0062CF","color1":"","color2":""}},{"type":"Feature","geometry":{"type":"LineString","coordinates":[[-73.989735,40.757308],[-73.989735,40.757308],[-73.993391,40.752287]]},"properties":{"routes":["A","C","E"],"direction":"S","colors":["#0062CF"],"colorCount":1,"color0":"#0062CF","color1":"","color2":""}},{"type":"Feature","geometry":{"type":"LineString","coordinates":[[-73.993391,40.752287],[-73.993391,40.752287],[-73.99804099999999,40.745906]]},"properties":{"routes":["A","C","E"],"direction":"S","colors":["#0062CF"],"colorCount":1,"color0":"#0062CF","color1":"","color2":""}},{"type":"Feature","geometry":{"type":"LineString","coordinates":[[-73.99804099999999,40.745906],[-73.99804099999999,40.745906],[-74.00169,40.740893]]},"properties":{"routes":["A","C","E"],"direction":"S","colors":["#0062CF"],"colorCount":1,"color0":"#0062CF","color1":"","color2":""}},{"type":"Feature","geometry":{"type":"LineString","coordinates":[[-74.00169,40.740893],[-74.00169,40.740893],[-74.002363,40.739974],[-74.002417,40.739897],[-74.002463,40.739821],[-74.002502,40.739744],[-74.002535,40.739666],[-74.00255999999999,40.739589],[-74.002578,40.739512],[-74.00259,40.739434],[-74.002594,40.739356],[-74.00259199999999,40.739278],[-74.002583,40.7392],[-74.002567,40.739121],[-74.002544,40.739043],[-74.002514,40.738964],[-74.002477,40.738884999999996],[-74.002433,40.738807],[-73.999792,40.734389],[-73.99975,40.734314],[-73.999715,40.73424000000001],[-73.9996944967816,40.73419010883525],[-73.99966637835306,40.7341315882342],[-73.99963195668332,40.73407175559466],[-73.99959500894886,40.734011138093656],[-73.9995593123263,40.7339502629082],[-73.99952864399212,40.73388965721531],[-73.99950678112286,40.73382984819199],[-73.99949750089505,40.73377136301525],[-73.99950458048522,40.73371472886211],[-73.99953179706993,40.73366047290958]]},"properties":{"routes":["A","C","E"],"direction":"S","colors":["#0062CF"],"colorCount":1,"color0":"#0062CF","color1":"","color2":""}},{"type":"Feature","geometry":{"type":"LineString","coordinates":[[-73.999417,40.733818],[-73.999777,40.733323999999996],[-74.000477,40.732362],[-74.000495,40.732338]]},"properties":{"routes":["A","B","C","D","E","F","M"],"direction":"S","colors":["#0062CF","#EB6800"],"colorCount":2,"color0":"#0062CF","color1":"#EB6800","color2":""}},{"type":"Feature","geometry":{"type":"LineString","coordinates":[[-74.000495,40.732338],[-74.000495,40.732338],[-74.000515,40.732312],[-74.001312,40.731216],[-74.001331,40.731189],[-74.001349,40.731161],[-74.001367,40.731134],[-74.001385,40.731107],[-74.00140199999998,40.73108],[-74.001419,40.731054],[-74.001435,40.731027],[-74.001451,40.731001],[-74.001467,40.730975],[-74.001482,40.730948],[-74.001497,40.730922],[-74.001511,40.730897],[-74.001525,40.730871],[-74.001539,40.730845],[-74.001552,40.73082],[-74.002395,40.729279],[-74.002424,40.729225],[-74.002452,40.729171],[-74.002478,40.729119],[-74.002504,40.729068],[-74.00252899999998,40.729019],[-74.002552,40.72897],[-74.002575,40.728922],[-74.002597,40.72887600000001],[-74.002617,40.728831],[-74.002637,40.728787],[-74.002655,40.728744],[-74.002673,40.728702],[-74.002689,40.728661],[-74.002705,40.728621],[-74.00272,40.728583],[-74.002762,40.728486]]},"properties":{"routes":["A","B","C","D","E","F","M"],"direction":"S","colors":["#0062CF","#EB6800"],"colorCount":2,"color0":"#0062CF","color1":"#EB6800","color2":""}},{"type":"Feature","geometry":{"type":"LineString","coordinates":[[-74.002762,40.728486],[-74.003739,40.726227]]},"properties":{"routes":["A","C","E"],"direction":"S","colors":["#0062CF"],"colorCount":1,"color0":"#0062CF","color1":"","color2":""}},{"type":"Feature","geometry":{"type":"LineString","coordinates":[[-74.003739,40.726227],[-74.003739,40.726227],[-74.005189,40.722659],[-74.005208,40.722605],[-74.005225,40.722548999999994],[-74.005241,40.722493],[-74.00525499999999,40.722436],[-74.005267,40.722379],[-74.005278,40.72232],[-74.005286,40.722261],[-74.005293,40.722201],[-74.005299,40.72214],[-74.00530199999999,40.722077999999996],[-74.005304,40.722016],[-74.005304,40.721953],[-74.00530199999999,40.721889000000004],[-74.005299,40.721824000000005],[-74.005294,40.721758],[-74.005229,40.720824]]},"properties":{"routes":["A","C","E"],"direction":"S","colors":["#0062CF"],"colorCount":1,"color0":"#0062CF","color1":"","color2":""}},{"type":"Feature","geometry":{"type":"LineString","coordinates":[[-74.005229,40.720824],[-74.005229,40.720824],[-74.00522999999998,40.720785],[-74.005166,40.719096],[-74.005164,40.719022],[-74.005166,40.718949],[-74.00517,40.718876],[-74.00517799999999,40.718804],[-74.005189,40.718732],[-74.005203,40.71866],[-74.005222,40.718589],[-74.005243,40.718519],[-74.005268,40.718449],[-74.005297,40.718379],[-74.005329,40.71831],[-74.005365,40.718242],[-74.005404,40.71817399999999],[-74.005447,40.718106],[-74.005494,40.718039],[-74.008585,40.714111]]},"properties":{"routes":["A","C","E"],"direction":"S","colors":["#0062CF"],"colorCount":1,"color0":"#0062CF","color1":"","color2":""}},{"type":"Feature","geometry":{"type":"LineString","coordinates":[[-74.008585,40.714111],[-74.008585,40.714111],[-74.009921,40.71241199999999]]},"properties":{"routes":["A","C","E"],"direction":"S","colors":["#0062CF"],"colorCount":1,"color0":"#0062CF","color1":"","color2":""}},{"type":"Feature","geometry":{"type":"LineString","coordinates":[[-74.009921,40.71241199999999],[-74.009926,40.712405],[-74.010001,40.712312],[-74.010063,40.712222],[-74.010113,40.712134],[-74.01014999999998,40.712048],[-74.010175,40.71196299999999],[-74.010187,40.711881],[-74.010187,40.711801],[-74.010174,40.711722],[-74.010149,40.711645],[-74.010112,40.711571],[-74.010062,40.71149799999999],[-74.00999899999998,40.71142699999999],[-74.00992399999998,40.711358],[-74.009837,40.711290999999996],[-74.009737,40.711225999999996],[-74.007691,40.710197]]},"properties":{"routes":["A","C"],"direction":"S","colors":["#0062CF"],"colorCount":1,"color0":"#0062CF","color1":"","color2":""}},{"type":"Feature","geometry":{"type":"LineString","coordinates":[[-74.007691,40.710197],[-74.007691,40.710197],[-74.0059,40.709287],[-74.005811,40.709244],[-74.00572199999999,40.709196999999996],[-74.005637,40.70914799999999],[-74.005554,40.709099],[-74.005475,40.709048],[-74.005398,40.708995],[-74.005325,40.708940999999996],[-74.00525399999998,40.70888599999999],[-74.005187,40.70883],[-74.005122,40.708771],[-74.005061,40.708712],[-74.005002,40.708651],[-74.004947,40.708589],[-74.004894,40.708525],[-74.00484499999999,40.708461],[-74.00096599999999,40.703473],[-74.000749,40.703221],[-74.000522,40.702976],[-74.00027899999999,40.70273999999999],[-74.00002099999999,40.702511],[-73.999749,40.702291],[-73.999461,40.702079],[-73.999159,40.70187500000001],[-73.99884099999998,40.701679],[-73.998509,40.701491000000004],[-73.998162,40.701312],[-73.9978,40.701141],[-73.997422,40.700978],[-73.99703,40.700823],[-73.996623,40.700676],[-73.996206,40.700539],[-73.992931,40.699629],[-73.992833,40.699599],[-73.992732,40.699572],[-73.99262999999999,40.699546],[-73.992527,40.699523000000006],[-73.992422,40.6995],[-73.992316,40.69948],[-73.992209,40.699461],[-73.992101,40.699444],[-73.991991,40.699428],[-73.99187999999998,40.699414],[-73.991768,40.699402],[-73.991654,40.699391],[-73.991539,40.699382],[-73.99142299999998,40.699375],[-73.991305,40.699368],[-73.990531,40.699337]]},"properties":{"routes":["A","C"],"direction":"S","colors":["#0062CF"],"colorCount":1,"color0":"#0062CF","color1":"","color2":""}},{"type":"Feature","geometry":{"type":"LineString","coordinates":[[-73.990531,40.699337],[-73.990531,40.699337],[-73.989309,40.6993],[-73.989025,40.69927899999999],[-73.988758,40.699244],[-73.988511,40.699194],[-73.988283,40.699128],[-73.988074,40.699047],[-73.987884,40.698951],[-73.987713,40.69884],[-73.987562,40.698713],[-73.98752148234522,40.698669435904996],[-73.98746229487554,40.698617513346434],[-73.98739029227183,40.698570220252066],[-73.98731089134036,40.69852584762958],[-73.9872295088874,40.698482686486685],[-73.9871515617192,40.69843902783105],[-73.98708246664204,40.6983931626704],[-73.98702764046217,40.6983433820124],[-73.9869924999859,40.69828797686475],[-73.98698246201948,40.698225238235175]]},"properties":{"routes":["A","C"],"direction":"S","colors":["#0062CF"],"colorCount":1,"color0":"#0062CF","color1":"","color2":""}},{"type":"Feature","geometry":{"type":"LineString","coordinates":[[-73.986969,40.698434],[-73.987036,40.697395],[-73.98716999999999,40.694832],[-73.987171,40.694794],[-73.987172,40.69475799999999],[-73.987173,40.694722],[-73.987175,40.694686999999995],[-73.987177,40.694652],[-73.987179,40.694618],[-73.987182,40.694585],[-73.987184,40.694551],[-73.98718699999999,40.694519],[-73.987191,40.694487],[-73.987194,40.694455],[-73.987198,40.694424],[-73.987202,40.694394],[-73.987206,40.69436399999999],[-73.987211,40.694334],[-73.987226,40.694204],[-73.987231,40.69416700000001],[-73.987235,40.694131],[-73.98724,40.694095],[-73.98724399999999,40.694059],[-73.987248,40.694024],[-73.987252,40.69398799999999],[-73.987255,40.693953],[-73.987259,40.693919],[-73.98726199999999,40.693884],[-73.98726499999998,40.69384999999999],[-73.98726799999999,40.693816],[-73.987271,40.693782],[-73.987273,40.693748],[-73.987276,40.693715],[-73.987277,40.693682],[-73.98734299999998,40.692346],[-73.987342,40.692338]]},"properties":{"routes":["A","C","F"],"direction":"S","colors":["#0062CF","#EB6800"],"colorCount":2,"color0":"#0062CF","color1":"#EB6800","color2":""}},{"type":"Feature","geometry":{"type":"LineString","coordinates":[[-73.987342,40.692338],[-73.987342,40.692338],[-73.98734299999998,40.692332],[-73.987379,40.691695],[-73.98738,40.691643],[-73.987383,40.691591],[-73.987387,40.691539],[-73.987394,40.69148800000001],[-73.987402,40.691437],[-73.987412,40.691386],[-73.987423,40.691336],[-73.987437,40.691286],[-73.987452,40.691236],[-73.987469,40.691187],[-73.987488,40.691138],[-73.987509,40.691089],[-73.987532,40.69104099999999],[-73.987556,40.690993],[-73.987582,40.690945],[-73.987738,40.690701],[-73.988185,40.690041]]},"properties":{"routes":["A","C","F"],"direction":"S","colors":["#0062CF","#EB6800"],"colorCount":2,"color0":"#0062CF","color1":"#EB6800","color2":""}},{"type":"Feature","geometry":{"type":"LineString","coordinates":[[-73.98806663477407,40.69021576744766],[-73.98809050122473,40.690158677222655],[-73.98808878719821,40.69010053946301],[-73.98806620352181,40.69004172604604],[-73.98802746102271,40.68998260884899],[-73.98797727052818,40.68992355974918],[-73.98792034286542,40.689864950623864],[-73.98786138886172,40.689807153350365],[-73.98780511934427,40.689750539805914],[-73.98775624514033,40.68969548186784],[-73.987747,40.689684],[-73.987672,40.68961],[-73.987586,40.68954],[-73.987563,40.689525]]},"properties":{"routes":["A","C"],"direction":"S","colors":["#0062CF"],"colorCount":1,"color0":"#0062CF","color1":"","color2":""}},{"type":"Feature","geometry":{"type":"LineString","coordinates":[[-73.98770199999998,40.68948],[-73.987633,40.68947099999999],[-73.987506,40.689444],[-73.987376,40.689409],[-73.985001,40.688484]]},"properties":{"routes":["A","C","G"],"direction":"N","colors":["#0062CF","#799534"],"colorCount":2,"color0":"#0062CF","color1":"#799534","color2":""}},{"type":"Feature","geometry":{"type":"LineString","coordinates":[[-73.985001,40.688484],[-73.985001,40.688484],[-73.98405,40.688112],[-73.983976,40.688083999999996],[-73.983901,40.688056],[-73.983827,40.68802899999999],[-73.983752,40.688002],[-73.983678,40.687975],[-73.983603,40.687948],[-73.983528,40.687922],[-73.983454,40.687896],[-73.983379,40.68787],[-73.983304,40.687845],[-73.983229,40.68782000000001],[-73.98315499999998,40.687795],[-73.98307999999999,40.68777099999999],[-73.98300499999999,40.687747],[-73.98293,40.687723],[-73.982859,40.68769999999999],[-73.982789,40.687676],[-73.982718,40.687653],[-73.982648,40.687628999999994],[-73.982578,40.687604],[-73.982508,40.68757999999999],[-73.982438,40.687555],[-73.982368,40.687531],[-73.982299,40.687504999999994],[-73.982229,40.68748],[-73.98216,40.687455],[-73.982091,40.687429],[-73.982022,40.687403],[-73.98195299999999,40.687376],[-73.981883,40.68735],[-73.981306,40.687144],[-73.98126599999999,40.687129],[-73.981227,40.687114],[-73.981188,40.6871],[-73.981149,40.687086],[-73.98110999999999,40.687073],[-73.981072,40.68706],[-73.981034,40.687048000000004],[-73.980996,40.687036000000006],[-73.980958,40.687025],[-73.980921,40.687014],[-73.980884,40.687004],[-73.980847,40.686995],[-73.98081,40.686986],[-73.98077399999998,40.686977000000006],[-73.980738,40.686969],[-73.980336,40.686851000000004],[-73.980236,40.686823],[-73.980134,40.6868],[-73.98003,40.686779],[-73.979924,40.686762],[-73.979816,40.686747],[-73.979706,40.686735],[-73.979594,40.686726],[-73.97948,40.68672],[-73.979363,40.686718],[-73.979245,40.686718],[-73.979124,40.68672099999999],[-73.979002,40.686726],[-73.97887699999998,40.686735],[-73.97875099999999,40.686747],[-73.978621,40.686762],[-73.976828,40.68697100000001],[-73.97569,40.687087]]},"properties":{"routes":["A","C","G"],"direction":"N","colors":["#0062CF","#799534"],"colorCount":2,"color0":"#0062CF","color1":"#799534","color2":""}},{"type":"Feature","geometry":{"type":"LineString","coordinates":[[-73.97596357333586,40.687058934410885],[-73.97587970802131,40.68705616279826],[-73.97580412473565,40.687032847021726],[-73.97573476975379,40.68699355210718],[-73.97566958935066,40.68694284308056],[-73.97560652980117,40.68688528496776],[-73.97554353738023,40.68682544279469],[-73.97547855836281,40.68676788158729],[-73.97540953902377,40.68671716637147],[-73.9753344256381,40.68667786217314],[-73.97394599999998,40.686113]]},"properties":{"routes":["A","C"],"direction":"S","colors":["#0062CF"],"colorCount":1,"color0":"#0062CF","color1":"","color2":""}},{"type":"Feature","geometry":{"type":"LineString","coordinates":[[-73.97394599999998,40.686113],[-73.97394599999998,40.686113],[-73.968445,40.683911],[-73.968377,40.683883],[-73.96831,40.683856],[-73.968242,40.68383],[-73.968175,40.683805],[-73.968107,40.683781],[-73.968039,40.683758],[-73.967972,40.683736],[-73.967904,40.68371499999999],[-73.96783699999999,40.683694],[-73.967769,40.683675],[-73.967701,40.683657],[-73.96763399999999,40.68364],[-73.967566,40.683624],[-73.967499,40.683608],[-73.96742999999998,40.68359499999999],[-73.965838,40.683263]]},"properties":{"routes":["A","C"],"direction":"S","colors":["#0062CF"],"colorCount":1,"color0":"#0062CF","color1":"","color2":""}},{"type":"Feature","geometry":{"type":"LineString","coordinates":[[-73.965838,40.683263],[-73.965838,40.683263],[-73.956848,40.68138]]},"properties":{"routes":["A","C"],"direction":"S","colors":["#0062CF"],"colorCount":1,"color0":"#0062CF","color1":"","color2":""}},{"type":"Feature","geometry":{"type":"LineString","coordinates":[[-73.956848,40.68138],[-73.956848,40.68138],[-73.953893,40.680757],[-73.95377899999998,40.680733],[-73.953667,40.68071],[-73.953556,40.68068900000001],[-73.953447,40.680669],[-73.95333899999999,40.680651],[-73.953232,40.680634000000005],[-73.953127,40.680618],[-73.953023,40.680604],[-73.952921,40.680591],[-73.952821,40.68058],[-73.952721,40.68057],[-73.95262399999999,40.680561],[-73.952527,40.680554],[-73.952432,40.680548],[-73.952338,40.680543],[-73.950426,40.680438]]},"properties":{"routes":["A","C"],"direction":"S","colors":["#0062CF"],"colorCount":1,"color0":"#0062CF","color1":"","color2":""}},{"type":"Feature","geometry":{"type":"LineString","coordinates":[[-73.950426,40.680438],[-73.950426,40.680438],[-73.940858,40.67992099999999]]},"properties":{"routes":["A","C"],"direction":"S","colors":["#0062CF"],"colorCount":1,"color0":"#0062CF","color1":"","color2":""}},{"type":"Feature","geometry":{"type":"LineString","coordinates":[[-73.940858,40.67992099999999],[-73.940858,40.67992099999999],[-73.930729,40.679364]]},"properties":{"routes":["A","C"],"direction":"S","colors":["#0062CF"],"colorCount":1,"color0":"#0062CF","color1":"","color2":""}},{"type":"Feature","geometry":{"type":"LineString","coordinates":[[-73.930729,40.679364],[-73.930729,40.679364],[-73.920786,40.67882199999999]]},"properties":{"routes":["A","C"],"direction":"S","colors":["#0062CF"],"colorCount":1,"color0":"#0062CF","color1":"","color2":""}},{"type":"Feature","geometry":{"type":"LineString","coordinates":[[-73.920786,40.67882199999999],[-73.920786,40.67882199999999],[-73.911946,40.67834]]},"properties":{"routes":["A","C"],"direction":"S","colors":["#0062CF"],"colorCount":1,"color0":"#0062CF","color1":"","color2":""}},{"type":"Feature","geometry":{"type":"LineString","coordinates":[[-73.911946,40.67834],[-73.911946,40.67834],[-73.909946,40.67823099999999],[-73.909823,40.67822499999999],[-73.9097,40.67822],[-73.909575,40.678216],[-73.909449,40.67821300000001],[-73.909323,40.67821],[-73.909195,40.678208],[-73.909066,40.67820700000001],[-73.908936,40.67820700000001],[-73.908805,40.67820700000001],[-73.908673,40.67820900000001],[-73.908539,40.678211],[-73.908405,40.67821300000001],[-73.90827,40.678217000000004],[-73.908133,40.67822099999999],[-73.90799699999998,40.67822699999999],[-73.905316,40.678334]]},"properties":{"routes":["A","C"],"direction":"S","colors":["#0062CF"],"colorCount":1,"color0":"#0062CF","color1":"","color2":""}},{"type":"Feature","geometry":{"type":"LineString","coordinates":[[-73.905316,40.678334],[-73.905316,40.678334],[-73.903367,40.67839],[-73.903316,40.67839],[-73.903266,40.678391],[-73.903215,40.67839],[-73.903165,40.67839],[-73.903115,40.678389],[-73.903065,40.678388],[-73.903015,40.678386],[-73.902965,40.678384],[-73.902915,40.678382],[-73.902866,40.678379],[-73.90281599999999,40.678376],[-73.90276699999998,40.678373],[-73.902717,40.678369],[-73.90266799999999,40.678365],[-73.902619,40.678361],[-73.901152,40.678174],[-73.901108,40.678168],[-73.901063,40.678162],[-73.901017,40.678157],[-73.900972,40.678152000000004],[-73.900926,40.678147],[-73.900879,40.67814200000001],[-73.900833,40.678138],[-73.900785,40.678134],[-73.900738,40.67813],[-73.90069,40.678126],[-73.900641,40.678123],[-73.900593,40.67812],[-73.900543,40.678117],[-73.900494,40.678114],[-73.900444,40.678112],[-73.900033,40.678093000000004],[-73.899719,40.678079],[-73.899419,40.678054],[-73.899135,40.678017],[-73.89886999999999,40.67796899999999],[-73.898621,40.677908],[-73.89839,40.677836],[-73.898176,40.677752],[-73.897979,40.677657],[-73.897799,40.677549],[-73.89763699999999,40.67743],[-73.897492,40.677299000000005],[-73.897365,40.677156],[-73.897255,40.677001],[-73.897162,40.676834],[-73.897088,40.676653],[-73.896548,40.674542]]},"properties":{"routes":["A","C"],"direction":"S","colors":["#0062CF"],"colorCount":1,"color0":"#0062CF","color1":"","color2":""}},{"type":"Feature","geometry":{"type":"LineString","coordinates":[[-73.896548,40.674542],[-73.896548,40.674542],[-73.896264,40.67344799999999],[-73.896202,40.673246999999996],[-73.896124,40.673061],[-73.896032,40.672891],[-73.895925,40.672739],[-73.89580499999998,40.67260499999999],[-73.895671,40.672487],[-73.895522,40.67238600000001],[-73.89536,40.672302],[-73.895184,40.672236],[-73.894994,40.672186],[-73.89479,40.672154],[-73.894572,40.672138000000004],[-73.89434,40.67213999999999],[-73.89409399999998,40.672159],[-73.89383,40.672196],[-73.890359,40.67271]]},"properties":{"routes":["A","C"],"direction":"S","colors":["#0062CF"],"colorCount":1,"color0":"#0062CF","color1":"","color2":""}},{"type":"Feature","geometry":{"type":"LineString","coordinates":[[-73.890359,40.67271],[-73.890358,40.67271],[-73.88075099999999,40.67413]]},"properties":{"routes":["A","C"],"direction":"S","colors":["#0062CF"],"colorCount":1,"color0":"#0062CF","color1":"","color2":""}},{"type":"Feature","geometry":{"type":"LineString","coordinates":[[-73.88075099999999,40.67413],[-73.88075,40.67413],[-73.872107,40.675377]]},"properties":{"routes":["A","C"],"direction":"S","colors":["#0062CF"],"colorCount":1,"color0":"#0062CF","color1":"","color2":""}},{"type":"Feature","geometry":{"type":"LineString","coordinates":[[-73.872107,40.675377],[-73.87210599999999,40.675377],[-73.866636,40.676166],[-73.86657,40.676181],[-73.86650499999999,40.676199],[-73.866441,40.676218],[-73.866378,40.67623900000001],[-73.866316,40.676261000000004],[-73.866254,40.676284],[-73.86619399999998,40.676309],[-73.866134,40.676335],[-73.86607599999999,40.676363],[-73.866018,40.676392],[-73.865961,40.676422],[-73.865905,40.67645399999999],[-73.86585,40.676487],[-73.865795,40.676522],[-73.865742,40.676558],[-73.86505,40.677044]]},"properties":{"routes":["A"],"direction":"S","colors":["#0062CF"],"colorCount":1,"color0":"#0062CF","color1":"","color2":""}},{"type":"Feature","geometry":{"type":"LineString","coordinates":[[-73.86505,40.677044],[-73.86505,40.677044],[-73.86291699999998,40.67846900000001],[-73.862854,40.678508],[-73.86278999999999,40.678546000000004],[-73.862725,40.678583],[-73.86265899999998,40.678618],[-73.862592,40.678653],[-73.862525,40.67868599999999],[-73.862456,40.678718],[-73.862386,40.678749],[-73.862315,40.678779],[-73.86224399999999,40.678808000000004],[-73.862171,40.678836],[-73.862097,40.678862],[-73.862023,40.678888],[-73.861947,40.678912],[-73.861871,40.678935],[-73.860794,40.679223],[-73.860764,40.67923],[-73.860733,40.679236],[-73.860703,40.679242],[-73.860673,40.679248],[-73.860642,40.67925300000001],[-73.860612,40.679258],[-73.860582,40.679263000000006],[-73.860552,40.679267],[-73.860522,40.67927099999999],[-73.860492,40.67927499999999],[-73.860462,40.679278],[-73.860432,40.679281],[-73.860402,40.679283],[-73.860372,40.679285],[-73.860342,40.679287],[-73.858993,40.679371]]},"properties":{"routes":["A"],"direction":"S","colors":["#0062CF"],"colorCount":1,"color0":"#0062CF","color1":"","color2":""}},{"type":"Feature","geometry":{"type":"LineString","coordinates":[[-73.858993,40.679371],[-73.85899199999999,40.679371],[-73.85147099999999,40.679843]]},"properties":{"routes":["A"],"direction":"S","colors":["#0062CF"],"colorCount":1,"color0":"#0062CF","color1":"","color2":""}},{"type":"Feature","geometry":{"type":"LineString","coordinates":[[-73.85147099999999,40.679843],[-73.85147,40.679843],[-73.845271,40.680229],[-73.845197,40.680234],[-73.845123,40.680240000000005],[-73.84505,40.680246000000004],[-73.844978,40.680252],[-73.844906,40.680259],[-73.844835,40.680267],[-73.844765,40.680275],[-73.84469499999999,40.680283],[-73.84462599999999,40.680292],[-73.844557,40.680302],[-73.84448999999998,40.680312],[-73.844422,40.680322],[-73.844356,40.680333],[-73.84428899999999,40.680345],[-73.844224,40.680357],[-73.843854,40.680429]]},"properties":{"routes":["A"],"direction":"S","colors":["#0062CF"],"colorCount":1,"color0":"#0062CF","color1":"","color2":""}},{"type":"Feature","geometry":{"type":"LineString","coordinates":[[-73.843854,40.680429],[-73.843853,40.680429],[-73.84168699999998,40.680843],[-73.84075,40.681025999999996]]},"properties":{"routes":["A","H"],"direction":"S","colors":["#0062CF","#7C858C"],"colorCount":2,"color0":"#0062CF","color1":"#7C858C","color2":""}},{"type":"Feature","geometry":{"type":"LineString","coordinates":[[-73.840962,40.68085],[-73.840882,40.680836],[-73.84076899999998,40.680806],[-73.840661,40.68076799999999],[-73.840559,40.680722],[-73.840463,40.680667],[-73.840373,40.680605],[-73.840289,40.680534],[-73.84021,40.680455],[-73.840138,40.680367],[-73.840071,40.680272],[-73.839095,40.678632],[-73.839063,40.678574],[-73.839033,40.678517],[-73.839003,40.678461],[-73.838974,40.678407],[-73.838946,40.678352999999994],[-73.838919,40.678301],[-73.838893,40.678249],[-73.838867,40.678199],[-73.838843,40.678149999999995],[-73.83881899999999,40.678102],[-73.83879699999999,40.678055],[-73.838775,40.678009],[-73.838754,40.677965],[-73.838734,40.677921],[-73.83871499999998,40.677879],[-73.83591899999999,40.672097],[-73.834058,40.668234]]},"properties":{"routes":["A","H"],"direction":"S","colors":["#0062CF","#7C858C"],"colorCount":2,"color0":"#0062CF","color1":"#7C858C","color2":""}},{"type":"Feature","geometry":{"type":"LineString","coordinates":[[-73.834058,40.668234],[-73.834058,40.668234],[-73.830301,40.660476]]},"properties":{"routes":["A","H"],"direction":"S","colors":["#0062CF","#7C858C"],"colorCount":2,"color0":"#0062CF","color1":"#7C858C","color2":""}},{"type":"Feature","geometry":{"type":"LineString","coordinates":[[-73.830301,40.660476],[-73.830301,40.660476],[-73.82906199999998,40.657898],[-73.829012,40.657787],[-73.828964,40.657676],[-73.828917,40.657564],[-73.82887,40.657451],[-73.828825,40.657337],[-73.82878,40.657222],[-73.82873699999999,40.65710599999999],[-73.828694,40.656988],[-73.828652,40.65687],[-73.828611,40.65675],[-73.828571,40.65662900000001],[-73.828531,40.656508],[-73.828493,40.65638499999999],[-73.828456,40.656261],[-73.82841999999998,40.656136],[-73.816197,40.609245],[-73.816171,40.609155],[-73.816145,40.609066],[-73.816119,40.608977],[-73.816092,40.60889],[-73.816065,40.608803],[-73.816038,40.608717],[-73.81601,40.608632],[-73.815982,40.608548],[-73.81595399999999,40.608465],[-73.81592499999998,40.60838300000001]]},"properties":{"routes":["A","H"],"direction":"S","colors":["#0062CF","#7C858C"],"colorCount":2,"color0":"#0062CF","color1":"#7C858C","color2":""}},{"type":"Feature","geometry":{"type":"LineString","coordinates":[[-73.81592499999998,40.608382],[-73.81592499999998,40.608382],[-73.815896,40.6083],[-73.815867,40.60822],[-73.815838,40.60814],[-73.815808,40.60806000000001],[-73.81577799999998,40.607982],[-73.81577,40.607962],[-73.815762,40.607941999999994],[-73.81575399999998,40.607923],[-73.815746,40.607903],[-73.815738,40.607883],[-73.81572999999999,40.607862],[-73.815721,40.607842],[-73.815713,40.607822],[-73.815704,40.607801],[-73.815696,40.607781],[-73.815687,40.60776],[-73.815678,40.60774],[-73.81567,40.607719],[-73.815661,40.607698],[-73.815653,40.607677],[-73.809421,40.593127],[-73.809345,40.592898000000005],[-73.80928999999999,40.592668],[-73.809254,40.59244],[-73.80923899999999,40.592211],[-73.80924,40.592178]]},"properties":{"routes":["A","H"],"direction":"S","colors":["#0062CF","#7C858C"],"colorCount":2,"color0":"#0062CF","color1":"#7C858C","color2":""}},{"type":"Feature","geometry":{"type":"LineString","coordinates":[[-73.8092399858986,40.5922260513853],[-73.8092197290223,40.59216210897126],[-73.80917225663302,40.5921093939299],[-73.80910366877544,40.59206517222454],[-73.80902006549425,40.59202670981846],[-73.80892754683416,40.59199127267497],[-73.80883221283983,40.59195612675735],[-73.80874016355598,40.59191853802893],[-73.80865749902728,40.591875772452966],[-73.80859031929843,40.59182509599278],[-73.808409,40.59166],[-73.808203,40.591499],[-73.807982,40.59135],[-73.80774599999998,40.591213],[-73.80749399999999,40.591089],[-73.807227,40.590976],[-73.806945,40.590876],[-73.806647,40.590788],[-73.80633199999998,40.590713],[-73.804877,40.590367],[-73.804719,40.590333],[-73.804562,40.590302],[-73.804406,40.590275],[-73.804254,40.590251],[-73.804103,40.59023],[-73.803955,40.590213],[-73.80381,40.5902],[-73.803667,40.590189],[-73.803526,40.590182],[-73.803388,40.590179],[-73.803252,40.590179],[-73.803118,40.590182],[-73.802987,40.590189],[-73.802858,40.590199],[-73.802733,40.590214],[-73.796925,40.590927]]},"properties":{"routes":["A"],"direction":"S","colors":["#0062CF"],"colorCount":1,"color0":"#0062CF","color1":"","color2":""}},{"type":"Feature","geometry":{"type":"LineString","coordinates":[[-73.796925,40.590927],[-73.796924,40.590927],[-73.795446,40.59111],[-73.795364,40.59112300000001],[-73.795281,40.591136],[-73.795199,40.591149],[-73.795117,40.591163],[-73.795036,40.591177],[-73.794955,40.591191],[-73.794875,40.59120599999999],[-73.794795,40.591221],[-73.794716,40.591236],[-73.794637,40.591252],[-73.794559,40.591268],[-73.79448099999999,40.591284],[-73.79440399999999,40.591301],[-73.794327,40.591318],[-73.794251,40.59133599999999],[-73.79088999999999,40.592186],[-73.790784,40.592209],[-73.790671,40.59223200000001],[-73.790551,40.592253],[-73.790423,40.592272],[-73.790287,40.592289],[-73.79014399999998,40.592304999999996],[-73.789994,40.592319],[-73.789836,40.592332],[-73.789671,40.592343],[-73.789498,40.592352],[-73.78931799999998,40.59236],[-73.78913,40.592366],[-73.788935,40.59237000000001],[-73.788732,40.592373],[-73.788523,40.59237400000001]]},"properties":{"routes":["A"],"direction":"S","colors":["#0062CF"],"colorCount":1,"color0":"#0062CF","color1":"","color2":""}},{"type":"Feature","geometry":{"type":"LineString","coordinates":[[-73.788523,40.59237400000001],[-73.78852199999999,40.59237400000001],[-73.788434,40.592373],[-73.788346,40.592371],[-73.788259,40.592369],[-73.788173,40.592367],[-73.788088,40.59236400000001],[-73.788004,40.592361],[-73.78792,40.592358],[-73.787838,40.592354],[-73.78775599999999,40.59235],[-73.787676,40.592346],[-73.787596,40.592341],[-73.787517,40.592337],[-73.787439,40.592331],[-73.787362,40.592326],[-73.787287,40.59232],[-73.785638,40.592187],[-73.785479,40.592176],[-73.785317,40.592166],[-73.785156,40.592158],[-73.784993,40.592153],[-73.78483,40.592149],[-73.784666,40.592148],[-73.78450199999999,40.592148],[-73.78433599999998,40.59215],[-73.78417,40.592155],[-73.784004,40.592161],[-73.783836,40.592169],[-73.783668,40.592178999999994],[-73.7835,40.592192],[-73.78333,40.592206],[-73.783159,40.592222],[-73.776014,40.592943]]},"properties":{"routes":["A"],"direction":"S","colors":["#0062CF"],"colorCount":1,"color0":"#0062CF","color1":"","color2":""}},{"type":"Feature","geometry":{"type":"LineString","coordinates":[[-73.776014,40.592943],[-73.776013,40.592943],[-73.772796,40.593269],[-73.772613,40.593293],[-73.772433,40.593322],[-73.772256,40.593354999999995],[-73.772082,40.593392],[-73.771913,40.59343199999999],[-73.771746,40.593477],[-73.771583,40.593525],[-73.771424,40.593578],[-73.771268,40.593634],[-73.771115,40.59369399999999],[-73.770966,40.593758],[-73.77082099999998,40.593826],[-73.770679,40.593898],[-73.77053999999998,40.593974],[-73.770405,40.594053],[-73.768176,40.595398]]},"properties":{"routes":["A"],"direction":"S","colors":["#0062CF"],"colorCount":1,"color0":"#0062CF","color1":"","color2":""}},{"type":"Feature","geometry":{"type":"LineString","coordinates":[[-73.768176,40.595398],[-73.768175,40.595398],[-73.762987,40.598518000000006],[-73.762911,40.598562],[-73.762838,40.598607],[-73.762767,40.598653],[-73.762698,40.598699],[-73.76263,40.598747],[-73.762564,40.598795],[-73.7625,40.59884300000001],[-73.762438,40.598893],[-73.762377,40.598943],[-73.762319,40.598994],[-73.762262,40.599045],[-73.762206,40.599097],[-73.762153,40.59915],[-73.762101,40.599204],[-73.762051,40.599257],[-73.761353,40.600065]]},"properties":{"routes":["A"],"direction":"S","colors":["#0062CF"],"colorCount":1,"color0":"#0062CF","color1":"","color2":""}},{"type":"Feature","geometry":{"type":"LineString","coordinates":[[-73.761353,40.600065],[-73.761353,40.600066],[-73.761181,40.600262],[-73.761038,40.600416],[-73.760888,40.60057],[-73.760732,40.600721],[-73.76057,40.60087000000001],[-73.760401,40.601017],[-73.760227,40.601163],[-73.76004599999999,40.601306],[-73.759859,40.601447],[-73.759665,40.60158700000001],[-73.759466,40.601724],[-73.75926,40.601859000000005],[-73.759048,40.60199299999999],[-73.75883,40.602124],[-73.75860599999999,40.602254],[-73.75837499999999,40.602380999999994],[-73.75724099999998,40.602984],[-73.757191,40.60301],[-73.75714199999999,40.603036],[-73.757094,40.603062],[-73.757046,40.603087],[-73.757,40.603112],[-73.756954,40.603137],[-73.756909,40.603162],[-73.756865,40.603186],[-73.756822,40.60321],[-73.75678,40.60323399999999],[-73.756738,40.603258],[-73.756698,40.60328100000001],[-73.75665799999999,40.603304],[-73.756619,40.603327],[-73.756581,40.603349],[-73.756309,40.603501],[-73.756281,40.603518],[-73.756254,40.603534],[-73.756226,40.60355],[-73.756199,40.603566],[-73.756172,40.603582],[-73.756144,40.603598],[-73.756117,40.603613],[-73.756089,40.603629],[-73.756062,40.603644],[-73.75603499999998,40.603658],[-73.756007,40.603673],[-73.75597999999998,40.603686999999994],[-73.755953,40.603701],[-73.755925,40.603715],[-73.755898,40.603729],[-73.755406,40.603995]]},"properties":{"routes":["A"],"direction":"S","colors":["#0062CF"],"colorCount":1,"color0":"#0062CF","color1":"","color2":""}},{"type":"Feature","geometry":{"type":"LineString","coordinates":[[-73.84075,40.681025999999996],[-73.838801,40.68140600000001],[-73.83872199999999,40.681422000000005],[-73.83864399999999,40.681439],[-73.838566,40.681456],[-73.838489,40.681474],[-73.838412,40.681492],[-73.838337,40.681511],[-73.83826099999999,40.681531],[-73.838187,40.681551],[-73.838113,40.681572],[-73.83804,40.681594],[-73.837967,40.681616],[-73.837895,40.681639],[-73.837824,40.681662],[-73.837753,40.68168599999999],[-73.83768399999998,40.681711]]},"properties":{"routes":["A"],"direction":"S","colors":["#0062CF"],"colorCount":1,"color0":"#0062CF","color1":"","color2":""}},{"type":"Feature","geometry":{"type":"LineString","coordinates":[[-73.83768399999998,40.681711],[-73.837683,40.681711],[-73.837589,40.68174500000001],[-73.837495,40.681781],[-73.837402,40.681817],[-73.837309,40.681854],[-73.837216,40.681892],[-73.837124,40.681931],[-73.837033,40.681972],[-73.83694199999998,40.682013000000005],[-73.836851,40.682055],[-73.836761,40.682098],[-73.836672,40.682142],[-73.836583,40.682187],[-73.836494,40.682233],[-73.83640599999998,40.68228],[-73.836319,40.682328],[-73.83420699999999,40.683479],[-73.834137,40.683513],[-73.834068,40.683546],[-73.833999,40.683578999999995],[-73.833931,40.68361],[-73.83386299999998,40.683641],[-73.833797,40.683671],[-73.833731,40.683701000000006],[-73.833665,40.683729],[-73.833601,40.683757],[-73.83353699999999,40.683784],[-73.833473,40.68381],[-73.833411,40.683836],[-73.833349,40.683861],[-73.833288,40.683885],[-73.833227,40.683908],[-73.832164,40.684331]]},"properties":{"routes":["A"],"direction":"S","colors":["#0062CF"],"colorCount":1,"color0":"#0062CF","color1":"","color2":""}},{"type":"Feature","geometry":{"type":"LineString","coordinates":[[-73.832164,40.684331],[-73.832163,40.684331],[-73.829244,40.685473],[-73.82919599999998,40.68549],[-73.829146,40.685507],[-73.829095,40.68552300000001],[-73.829043,40.685539000000006],[-73.828989,40.685554],[-73.828933,40.685568],[-73.828877,40.685581],[-73.828819,40.68559400000001],[-73.828759,40.685607],[-73.828699,40.68561799999999],[-73.82863699999999,40.685629],[-73.828573,40.685639],[-73.828508,40.685649],[-73.828442,40.685658],[-73.828374,40.685666],[-73.825799,40.685951]]},"properties":{"routes":["A"],"direction":"S","colors":["#0062CF"],"colorCount":1,"color0":"#0062CF","color1":"","color2":""}},{"type":"Feature","geometry":{"type":"LineString","coordinates":[[-73.96137599999999,40.577621],[-73.960354,40.577839],[-73.960283,40.577855],[-73.96021399999998,40.577873],[-73.960148,40.577894],[-73.960085,40.577917],[-73.960025,40.577942],[-73.959967,40.577969],[-73.959912,40.577997999999994],[-73.95986,40.57803],[-73.959811,40.578064],[-73.959765,40.578101],[-73.959721,40.578139],[-73.959681,40.57818],[-73.959643,40.578223],[-73.95960699999999,40.578268],[-73.959575,40.578316],[-73.95467,40.58519799999999],[-73.954601,40.58531000000001],[-73.954536,40.585423],[-73.954477,40.585536],[-73.954422,40.58565],[-73.95437299999999,40.585763],[-73.954328,40.585876],[-73.954289,40.585989],[-73.954254,40.586103],[-73.954225,40.586216],[-73.954201,40.586329],[-73.954181,40.586443],[-73.954167,40.586556],[-73.954158,40.58667],[-73.954153,40.586783],[-73.954155,40.586896]]},"properties":{"routes":["B","Q"],"direction":"N","colors":["#EB6800","#F6BC26"],"colorCount":2,"color0":"#EB6800","color1":"#F6BC26","color2":""}},{"type":"Feature","geometry":{"type":"LineString","coordinates":[[-73.955929,40.59930000000001],[-73.955929,40.59930000000001],[-73.957502,40.607591],[-73.957505,40.60760500000001],[-73.957508,40.607618],[-73.957511,40.607632],[-73.957513,40.607645],[-73.957516,40.607659],[-73.957519,40.60767200000001],[-73.957522,40.607685],[-73.957526,40.607699],[-73.957529,40.607712],[-73.957532,40.60772500000001],[-73.957535,40.607738],[-73.957538,40.607751],[-73.957541,40.607764],[-73.957545,40.607776],[-73.957548,40.607789],[-73.957572,40.607868999999994],[-73.957577,40.607886],[-73.957582,40.607904],[-73.957588,40.60792200000001],[-73.957592,40.60793999999999],[-73.957597,40.607959],[-73.95760199999998,40.607977],[-73.957607,40.607996],[-73.957611,40.608016],[-73.957616,40.608035],[-73.95762,40.608055],[-73.957624,40.608075],[-73.957628,40.608096],[-73.957632,40.608117],[-73.957636,40.608138],[-73.95764,40.608159],[-73.95773399999999,40.60867]]},"properties":{"routes":["B","Q"],"direction":"N","colors":["#EB6800","#F6BC26"],"colorCount":2,"color0":"#EB6800","color1":"#F6BC26","color2":""}},{"type":"Feature","geometry":{"type":"LineString","coordinates":[[-73.954155,40.586896],[-73.954155,40.586896],[-73.954154,40.586961],[-73.954152,40.587025],[-73.95415,40.587088],[-73.954148,40.587149999999994],[-73.954145,40.587210999999996],[-73.954142,40.587271],[-73.95413899999998,40.587329],[-73.95413499999998,40.587387],[-73.954131,40.587443],[-73.954126,40.587498],[-73.954121,40.587552],[-73.954116,40.587605],[-73.95411,40.587657],[-73.954104,40.587708],[-73.954096,40.587758],[-73.954066,40.58812100000001],[-73.95405999999998,40.588205],[-73.954056,40.588288],[-73.954054,40.588369],[-73.954052,40.588449999999995],[-73.954051,40.58853],[-73.954052,40.58861],[-73.954054,40.588689],[-73.954057,40.588767],[-73.95405999999998,40.588843999999995],[-73.954065,40.58892099999999],[-73.954072,40.588997],[-73.954079,40.589072],[-73.954087,40.589147],[-73.954096,40.589221],[-73.954106,40.58929500000001],[-73.954319,40.590785],[-73.955161,40.595245999999996]]},"properties":{"routes":["B","Q"],"direction":"N","colors":["#EB6800","#F6BC26"],"colorCount":2,"color0":"#EB6800","color1":"#F6BC26","color2":""}},{"type":"Feature","geometry":{"type":"LineString","coordinates":[[-73.955161,40.595245999999996],[-73.955161,40.595245999999996],[-73.955929,40.59930000000001]]},"properties":{"routes":["B","Q"],"direction":"N","colors":["#EB6800","#F6BC26"],"colorCount":2,"color0":"#EB6800","color1":"#F6BC26","color2":""}},{"type":"Feature","geometry":{"type":"LineString","coordinates":[[-73.95773399999999,40.60867],[-73.95773399999999,40.60867],[-73.957887,40.609478],[-73.95789,40.609495],[-73.957893,40.609512],[-73.957896,40.609529],[-73.957898,40.609547],[-73.957901,40.609564],[-73.957903,40.609582],[-73.957906,40.6096],[-73.957908,40.609618],[-73.95791,40.609635999999995],[-73.95791299999999,40.609654],[-73.957915,40.609673],[-73.957917,40.609691],[-73.957918,40.60971],[-73.95792,40.609729],[-73.957922,40.609748],[-73.957939,40.609875],[-73.95794099999999,40.60989200000001],[-73.957943,40.60991],[-73.957946,40.609928],[-73.957948,40.609946],[-73.957951,40.609964999999995],[-73.957953,40.609984],[-73.957956,40.610003],[-73.95796,40.610023],[-73.957963,40.610043],[-73.957966,40.610063],[-73.95797,40.610084],[-73.957974,40.61010499999999],[-73.957978,40.610127],[-73.957982,40.610149],[-73.957986,40.610171],[-73.959399,40.61761799999999]]},"properties":{"routes":["B","Q"],"direction":"N","colors":["#EB6800","#F6BC26"],"colorCount":2,"color0":"#EB6800","color1":"#F6BC26","color2":""}},{"type":"Feature","geometry":{"type":"LineString","coordinates":[[-73.959399,40.61761799999999],[-73.959399,40.61761799999999],[-73.960803,40.625039]]},"properties":{"routes":["B","Q"],"direction":"N","colors":["#EB6800","#F6BC26"],"colorCount":2,"color0":"#EB6800","color1":"#F6BC26","color2":""}},{"type":"Feature","geometry":{"type":"LineString","coordinates":[[-73.961639,40.62927],[-73.961639,40.62927],[-73.961834,40.630055],[-73.961844,40.63009300000001],[-73.961854,40.630132],[-73.961863,40.630173],[-73.961873,40.630214],[-73.961883,40.630256],[-73.96189199999999,40.630300000000005],[-73.961901,40.630344],[-73.961911,40.63039],[-73.96191999999999,40.630437],[-73.961929,40.630484],[-73.961938,40.630533],[-73.961947,40.630583],[-73.961956,40.630634],[-73.96196399999998,40.630686000000004],[-73.961973,40.630739],[-73.962793,40.635082]]},"properties":{"routes":["B","Q"],"direction":"N","colors":["#EB6800","#F6BC26"],"colorCount":2,"color0":"#EB6800","color1":"#F6BC26","color2":""}},{"type":"Feature","geometry":{"type":"LineString","coordinates":[[-73.960803,40.625039],[-73.960803,40.625039],[-73.961408,40.628229],[-73.96142,40.628287],[-73.96143099999999,40.628346],[-73.961443,40.628407],[-73.96145499999999,40.628469],[-73.961469,40.628533000000004],[-73.961483,40.628599],[-73.961497,40.62866699999999],[-73.961513,40.628736],[-73.961529,40.628807],[-73.961545,40.62888],[-73.961563,40.628955],[-73.96158099999998,40.629031],[-73.9616,40.629109],[-73.961619,40.629189000000004],[-73.961639,40.62927]]},"properties":{"routes":["B","Q"],"direction":"N","colors":["#EB6800","#F6BC26"],"colorCount":2,"color0":"#EB6800","color1":"#F6BC26","color2":""}},{"type":"Feature","geometry":{"type":"LineString","coordinates":[[-73.964492,40.644031],[-73.964492,40.644031],[-73.964512,40.644157],[-73.96452999999998,40.644282],[-73.964544,40.644407],[-73.964554,40.644531],[-73.96456099999999,40.644654],[-73.964564,40.644777],[-73.964563,40.6449],[-73.96455799999998,40.645022],[-73.96455,40.645144],[-73.964538,40.645264999999995],[-73.964522,40.645386],[-73.964502,40.645506],[-73.96447899999998,40.645626],[-73.964452,40.645746],[-73.964421,40.64586599999999],[-73.962982,40.650527]]},"properties":{"routes":["B","Q"],"direction":"N","colors":["#EB6800","#F6BC26"],"colorCount":2,"color0":"#EB6800","color1":"#F6BC26","color2":""}},{"type":"Feature","geometry":{"type":"LineString","coordinates":[[-73.962793,40.635082],[-73.962793,40.635082],[-73.963891,40.640927]]},"properties":{"routes":["B","Q"],"direction":"N","colors":["#EB6800","#F6BC26"],"colorCount":2,"color0":"#EB6800","color1":"#F6BC26","color2":""}},{"type":"Feature","geometry":{"type":"LineString","coordinates":[[-73.963891,40.640927],[-73.963891,40.640927],[-73.964492,40.644031]]},"properties":{"routes":["B","Q"],"direction":"N","colors":["#EB6800","#F6BC26"],"colorCount":2,"color0":"#EB6800","color1":"#F6BC26","color2":""}},{"type":"Feature","geometry":{"type":"LineString","coordinates":[[-73.961495,40.655292],[-73.961495,40.655292],[-73.961468,40.65540599999999],[-73.96144499999998,40.655519],[-73.96142499999999,40.65563],[-73.961408,40.655741],[-73.961393,40.655851],[-73.961382,40.655959],[-73.96137299999998,40.656067],[-73.961368,40.656174],[-73.961365,40.656281],[-73.961365,40.656386],[-73.961368,40.65649],[-73.961374,40.656594],[-73.961383,40.656696],[-73.961394,40.656798],[-73.96141,40.6569],[-73.96193699999999,40.660141],[-73.961941,40.660164],[-73.961946,40.660188],[-73.961951,40.660212],[-73.961956,40.660237],[-73.96196099999999,40.660262],[-73.961966,40.660288],[-73.961972,40.660314],[-73.961978,40.66034],[-73.961984,40.660367],[-73.96199099999998,40.660395],[-73.961997,40.66042300000001],[-73.962004,40.660452],[-73.962011,40.660481],[-73.96201799999999,40.66051],[-73.962026,40.66054],[-73.962107,40.660824999999996],[-73.96211099999998,40.660837],[-73.962114,40.660849],[-73.962118,40.660861],[-73.962121,40.660873],[-73.962124,40.660885],[-73.962128,40.660898],[-73.962131,40.66091],[-73.962133,40.660922],[-73.962136,40.660935],[-73.96213899999998,40.66094700000001],[-73.962141,40.660959000000005],[-73.962144,40.660972],[-73.96214599999999,40.660985],[-73.962148,40.660997],[-73.96215,40.66101],[-73.962246,40.661614]]},"properties":{"routes":["B","Q"],"direction":"N","colors":["#EB6800","#F6BC26"],"colorCount":2,"color0":"#EB6800","color1":"#F6BC26","color2":""}},{"type":"Feature","geometry":{"type":"LineString","coordinates":[[-73.962982,40.650527],[-73.962982,40.650527],[-73.96291,40.650768],[-73.962839,40.651007],[-73.962767,40.651244],[-73.962696,40.651478000000004],[-73.962626,40.651709],[-73.96255599999999,40.651938],[-73.962486,40.652165],[-73.962416,40.652389],[-73.962347,40.65261],[-73.962278,40.652829],[-73.96221,40.653045999999996],[-73.962142,40.65326],[-73.962074,40.653472],[-73.962006,40.653681],[-73.961938,40.653888],[-73.961495,40.655292]]},"properties":{"routes":["B","Q"],"direction":"N","colors":["#EB6800","#F6BC26"],"colorCount":2,"color0":"#EB6800","color1":"#F6BC26","color2":""}},{"type":"Feature","geometry":{"type":"LineString","coordinates":[[-73.962246,40.661614],[-73.962246,40.661614],[-73.962392,40.662551],[-73.962408,40.662642],[-73.962427,40.662733],[-73.96245,40.662823],[-73.962475,40.662912999999996],[-73.962502,40.663003],[-73.962533,40.663092],[-73.962566,40.663180999999994],[-73.962601,40.663269],[-73.96264,40.663357],[-73.962681,40.663445],[-73.962724,40.663532],[-73.962771,40.663619],[-73.96282,40.66370499999999],[-73.962872,40.663791],[-73.962927,40.663876],[-73.96912791792488,40.67253081311723],[-73.96916054961932,40.67260118713689],[-73.96916990357805,40.67267949890132],[-73.96916373112096,40.672762721108754],[-73.969149783568,40.6728478264575],[-73.96913581223912,40.67293178764581],[-73.96912956845422,40.673011577371945],[-73.96913880353326,40.67308416833418],[-73.96917126879613,40.673146533230785],[-73.96923471556279,40.67319564476002]]},"properties":{"routes":["B","Q"],"direction":"N","colors":["#EB6800","#F6BC26"],"colorCount":2,"color0":"#EB6800","color1":"#F6BC26","color2":""}},{"type":"Feature","geometry":{"type":"LineString","coordinates":[[-73.97708021276256,40.683553677493066],[-73.97710719804321,40.68361817035178],[-73.97710140398512,40.68368460410426],[-73.97707113378952,40.68375268967425],[-73.9770246906576,40.683822137985516],[-73.9769703777906,40.68389265996183],[-73.97691649838973,40.683963966526896],[-73.97687135565619,40.6840357686045],[-73.97684325279124,40.6841077771184],[-73.97684049299605,40.68417970299233],[-73.97689,40.68446]]},"properties":{"routes":["B","Q"],"direction":"N","colors":["#EB6800","#F6BC26"],"colorCount":2,"color0":"#EB6800","color1":"#F6BC26","color2":""}},{"type":"Feature","geometry":{"type":"LineString","coordinates":[[-73.97689,40.68446],[-73.97689,40.68446],[-73.977416,40.687181],[-73.977424,40.687228],[-73.97743699999998,40.687273],[-73.977452,40.687317],[-73.977472,40.68735900000001],[-73.977495,40.687399],[-73.977522,40.687437],[-73.977552,40.687473],[-73.977587,40.687508],[-73.97762399999999,40.687541],[-73.977666,40.687573],[-73.977711,40.687602],[-73.97776,40.68763],[-73.977812,40.687656],[-73.977868,40.68768],[-73.977928,40.687703],[-73.978221,40.687825]]},"properties":{"routes":["B","Q"],"direction":"N","colors":["#EB6800","#F6BC26"],"colorCount":2,"color0":"#EB6800","color1":"#F6BC26","color2":""}},{"type":"Feature","geometry":{"type":"LineString","coordinates":[[-73.978221,40.687825],[-73.978805,40.688068],[-73.980474,40.68873],[-73.98054499999999,40.68876],[-73.980613,40.688792],[-73.980678,40.688827],[-73.98074,40.688863],[-73.98079799999998,40.688902],[-73.980853,40.688943],[-73.98090499999999,40.688986],[-73.980954,40.689031],[-73.980999,40.689078],[-73.981042,40.689127],[-73.981081,40.689178],[-73.981117,40.689232],[-73.981149,40.689287],[-73.98117899999998,40.689345],[-73.981205,40.689405],[-73.981824,40.69063500000001]]},"properties":{"routes":["B","D","N","Q","R"],"direction":"N","colors":["#EB6800","#F6BC26"],"colorCount":2,"color0":"#EB6800","color1":"#F6BC26","color2":""}},{"type":"Feature","geometry":{"type":"LineString","coordinates":[[-73.981824,40.69063500000001],[-73.981824,40.69063500000001],[-73.982304,40.69155899999999],[-73.982552,40.69206]]},"properties":{"routes":["B","D","N","Q","R"],"direction":"N","colors":["#EB6800","#F6BC26"],"colorCount":2,"color0":"#EB6800","color1":"#F6BC26","color2":""}},{"type":"Feature","geometry":{"type":"LineString","coordinates":[[-73.982552,40.69206],[-73.983428,40.693829],[-73.983934,40.695138],[-73.985242,40.697839],[-73.994713,40.714897],[-73.994765,40.714991],[-73.99481,40.715087],[-73.994847,40.715184],[-73.994877,40.715281],[-73.9949,40.715379],[-73.99491499999999,40.715478],[-73.994923,40.715578],[-73.994923,40.715678000000004],[-73.994916,40.715779],[-73.994901,40.715881],[-73.994879,40.715984],[-73.994849,40.716087],[-73.994812,40.716191],[-73.994767,40.716296],[-73.994714,40.716401000000005],[-73.99375299999998,40.718267]]},"properties":{"routes":["B","D"],"direction":"N","colors":["#EB6800"],"colorCount":1,"color0":"#EB6800","color1":"","color2":""}},{"type":"Feature","geometry":{"type":"LineString","coordinates":[[-73.99375299999998,40.718267],[-73.99375299999998,40.718267],[-73.992384,40.720951]]},"properties":{"routes":["B","D"],"direction":"N","colors":["#EB6800"],"colorCount":1,"color0":"#EB6800","color1":"","color2":""}},{"type":"Feature","geometry":{"type":"LineString","coordinates":[[-73.992384,40.720951],[-73.992025,40.721655],[-73.99200999999998,40.721683999999996],[-73.991995,40.721713],[-73.991981,40.721742],[-73.991967,40.72177],[-73.991954,40.721799],[-73.991942,40.721827],[-73.99193099999998,40.721856],[-73.99192,40.721884],[-73.991909,40.721912],[-73.9919,40.721941],[-73.991891,40.721969],[-73.991883,40.721997],[-73.991875,40.722024],[-73.991868,40.722052],[-73.991861,40.722080000000005],[-73.991709,40.722918],[-73.991693,40.723036],[-73.991687,40.723147],[-73.991691,40.723253],[-73.991706,40.723355],[-73.991731,40.723453000000006],[-73.99175751289246,40.72352149163886],[-73.99177791513173,40.72358354712985],[-73.9917950435055,40.72364978084943],[-73.99181150834075,40.7237178405956],[-73.99182991996447,40.72378537416635],[-73.99185288870363,40.7238500293597],[-73.99188302488527,40.723909453973626],[-73.99192293883634,40.723961295806134],[-73.99197524088386,40.72400320265524],[-73.9920425413548,40.72403282231892]]},"properties":{"routes":["B","D","M"],"direction":"N","colors":["#EB6800"],"colorCount":1,"color0":"#EB6800","color1":"","color2":""}},{"type":"Feature","geometry":{"type":"LineString","coordinates":[[-73.991703,40.723931],[-73.99254999999998,40.724185],[-73.996204,40.72529699999999]]},"properties":{"routes":["B","D","F","M"],"direction":"N","colors":["#EB6800"],"colorCount":1,"color0":"#EB6800","color1":"","color2":""}},{"type":"Feature","geometry":{"type":"LineString","coordinates":[[-73.996204,40.72529699999999],[-73.996204,40.72529699999999],[-73.996641,40.725437],[-73.99675,40.725475],[-73.996858,40.725513],[-73.996964,40.725552],[-73.99706899999998,40.725591],[-73.99717199999999,40.725631],[-73.997273,40.72567],[-73.997373,40.725711],[-73.997471,40.725751],[-73.997568,40.725792],[-73.99766299999999,40.725834],[-73.99775599999998,40.72587600000001],[-73.997848,40.725918],[-73.997938,40.725961],[-73.998027,40.726003999999996],[-73.998114,40.726047],[-74.001901,40.727913],[-74.002019,40.727970000000006],[-74.002126,40.728032],[-74.00222,40.728099],[-74.00228835321334,40.728158914545034],[-74.00234749262167,40.72820874570983],[-74.00241356400336,40.728259389821005],[-74.00248208547558,40.72831099731875],[-74.00254857515549,40.72836371864329],[-74.00260855116021,40.72841770423479],[-74.00265753160689,40.7284731045335],[-74.00269103461267,40.72853006997957],[-74.0027045782947,40.728588751013234],[-74.00269368077014,40.72864929807469]]},"properties":{"routes":["B","D","F","M"],"direction":"N","colors":["#EB6800"],"colorCount":1,"color0":"#EB6800","color1":"","color2":""}},{"type":"Feature","geometry":{"type":"LineString","coordinates":[[-73.992821,40.742878000000005],[-73.992821,40.742878000000005],[-73.987823,40.749719]]},"properties":{"routes":["B","D","F","M"],"direction":"N","colors":["#EB6800"],"colorCount":1,"color0":"#EB6800","color1":"","color2":""}},{"type":"Feature","geometry":{"type":"LineString","coordinates":[[-73.996209,40.738228],[-73.996209,40.738228],[-73.992821,40.742878000000005]]},"properties":{"routes":["B","D","F","M"],"direction":"N","colors":["#EB6800"],"colorCount":1,"color0":"#EB6800","color1":"","color2":""}},{"type":"Feature","geometry":{"type":"LineString","coordinates":[[-73.999406,40.733834],[-73.996209,40.738228]]},"properties":{"routes":["B","D","F","M"],"direction":"N","colors":["#EB6800"],"colorCount":1,"color0":"#EB6800","color1":"","color2":""}},{"type":"Feature","geometry":{"type":"LineString","coordinates":[[-73.987823,40.749719],[-73.987823,40.749719],[-73.984569,40.754222]]},"properties":{"routes":["B","D","F","M"],"direction":"N","colors":["#EB6800"],"colorCount":1,"color0":"#EB6800","color1":"","color2":""}},{"type":"Feature","geometry":{"type":"LineString","coordinates":[[-73.984569,40.754222],[-73.984569,40.754222],[-73.981329,40.758663]]},"properties":{"routes":["B","D","F","M"],"direction":"N","colors":["#EB6800"],"colorCount":1,"color0":"#EB6800","color1":"","color2":""}},{"type":"Feature","geometry":{"type":"LineString","coordinates":[[-73.981329,40.758663],[-73.981329,40.758663],[-73.979701,40.760893],[-73.97931799999999,40.761417]]},"properties":{"routes":["B","D","F","M"],"direction":"N","colors":["#EB6800"],"colorCount":1,"color0":"#EB6800","color1":"","color2":""}},{"type":"Feature","geometry":{"type":"LineString","coordinates":[[-73.97933324230301,40.761396146300825],[-73.97930329069415,40.761453959892044],[-73.9792931371529,40.76151499766121],[-73.97929979588368,40.761578304624365],[-73.97932028109086,40.76164292579754],[-73.97935160697885,40.76170790619676],[-73.97939078775204,40.76177229083805],[-73.9794348376148,40.76183512473747],[-73.97948077077156,40.76189545291104],[-73.97952560142667,40.761952320374775],[-73.97953537211994,40.76196469482655],[-73.97959269534722,40.761999873694236]]},"properties":{"routes":["B","D"],"direction":"N","colors":["#EB6800"],"colorCount":1,"color0":"#EB6800","color1":"","color2":""}},{"type":"Feature","geometry":{"type":"LineString","coordinates":[[-73.979378,40.76191],[-73.980212,40.762259],[-73.981637,40.762862]]},"properties":{"routes":["B","D","E"],"direction":"S","colors":["#0062CF","#EB6800"],"colorCount":2,"color0":"#0062CF","color1":"#EB6800","color2":""}},{"type":"Feature","geometry":{"type":"LineString","coordinates":[[-73.981637,40.762862],[-73.981637,40.762862],[-73.981663,40.762874],[-73.983698,40.76373099999999],[-73.983809,40.763794000000004],[-73.98391,40.763861000000006],[-73.983978,40.763915]]},"properties":{"routes":["B","D","E"],"direction":"N","colors":["#0062CF","#EB6800"],"colorCount":2,"color0":"#0062CF","color1":"#EB6800","color2":""}},{"type":"Feature","geometry":{"type":"LineString","coordinates":[[-73.983978,40.763915],[-73.983999,40.763931],[-73.984077,40.764003],[-73.984142,40.764078],[-73.98415379446271,40.764095580425554],[-73.9841956958634,40.76415208571344],[-73.98424412450667,40.764210343409005],[-73.98429477128752,40.76426981973995],[-73.98434332710092,40.764329980933994],[-73.98438548284189,40.764390293218845],[-73.98441692940544,40.76445022282224],[-73.98443335768657,40.764509235971865],[-73.98443045858032,40.76456679889545],[-73.98440392298166,40.76462237782071]]},"properties":{"routes":["B","D"],"direction":"N","colors":["#EB6800"],"colorCount":1,"color0":"#EB6800","color1":"","color2":""}},{"type":"Feature","geometry":{"type":"LineString","coordinates":[[-73.94289230156797,40.827041518702835],[-73.94285344028432,40.827098834088225],[-73.94279227954603,40.827143558936484],[-73.94271476121982,40.827179162826205],[-73.94262682717248,40.82720911533603],[-73.94253441927074,40.82723688604456],[-73.94244347938138,40.8272659445304],[-73.94235994937118,40.8272997603722],[-73.94228977110684,40.827341803148556],[-73.94223888645517,40.827395542438104],[-73.941032,40.829263],[-73.940953,40.829358],[-73.940866,40.829448],[-73.940772,40.829533],[-73.940673,40.829612],[-73.94056699999999,40.829685],[-73.940455,40.829753],[-73.94033599999999,40.829815],[-73.940211,40.829871],[-73.940079,40.829922],[-73.939941,40.829967],[-73.93979699999998,40.83000700000001],[-73.939646,40.830041],[-73.939489,40.830069],[-73.939326,40.830091],[-73.939156,40.830108],[-73.939092,40.830111],[-73.939028,40.830115],[-73.938965,40.830118],[-73.938902,40.83012],[-73.938839,40.830123],[-73.938776,40.830125],[-73.938713,40.830127],[-73.93865,40.830129],[-73.93858699999998,40.83013],[-73.938524,40.830132],[-73.938461,40.830133],[-73.938398,40.830134],[-73.938335,40.830134],[-73.938273,40.830135],[-73.93821,40.830135]]},"properties":{"routes":["B","D"],"direction":"N","colors":["#EB6800"],"colorCount":1,"color0":"#EB6800","color1":"","color2":""}},{"type":"Feature","geometry":{"type":"LineString","coordinates":[[-73.93821,40.830135],[-73.938209,40.830135],[-73.936658,40.830093],[-73.931071,40.829985],[-73.930905,40.829975],[-73.93074299999999,40.829961],[-73.930586,40.829945],[-73.930434,40.829926],[-73.930285,40.829904],[-73.930142,40.829878],[-73.930003,40.82985],[-73.929868,40.829819],[-73.92973799999999,40.829785],[-73.929613,40.829748],[-73.929492,40.82970799999999],[-73.929375,40.829664],[-73.929263,40.829618],[-73.929156,40.829569],[-73.929053,40.829514],[-73.927482,40.82859899999999],[-73.927369,40.828544],[-73.927254,40.828491],[-73.927138,40.82844],[-73.927021,40.82838999999999],[-73.926902,40.828341],[-73.92678299999999,40.828292],[-73.926662,40.828245],[-73.92654,40.82819899999999],[-73.926417,40.828154],[-73.926292,40.82811000000001],[-73.926166,40.828067000000004],[-73.92604,40.828025],[-73.925912,40.82798400000001],[-73.925782,40.827944],[-73.925651,40.827905]]},"properties":{"routes":["B","D"],"direction":"N","colors":["#EB6800"],"colorCount":1,"color0":"#EB6800","color1":"","color2":""}},{"type":"Feature","geometry":{"type":"LineString","coordinates":[[-73.925651,40.827905],[-73.925651,40.827905],[-73.924598,40.827601],[-73.924298,40.827504],[-73.924013,40.827429],[-73.923742,40.827378],[-73.923486,40.82734799999999],[-73.92324399999998,40.827341999999994],[-73.923016,40.82735799999999],[-73.922802,40.827397],[-73.922603,40.827459],[-73.922419,40.82754299999999],[-73.922248,40.82765],[-73.922092,40.827779],[-73.921951,40.82793099999999],[-73.921823,40.828106],[-73.921711,40.828304],[-73.921612,40.828524],[-73.92052299999999,40.830814],[-73.9204,40.831044],[-73.920275,40.83127],[-73.920148,40.831491],[-73.920018,40.83170700000001],[-73.919886,40.831917999999995],[-73.919751,40.832124],[-73.919614,40.832326],[-73.91947499999999,40.832523],[-73.919334,40.832715],[-73.91919,40.832902],[-73.919043,40.833085],[-73.918895,40.833263],[-73.918744,40.833436],[-73.918591,40.83360400000001],[-73.91844,40.833771]]},"properties":{"routes":["B","D"],"direction":"N","colors":["#EB6800"],"colorCount":1,"color0":"#EB6800","color1":"","color2":""}},{"type":"Feature","geometry":{"type":"LineString","coordinates":[[-73.91844,40.833771],[-73.91844,40.833771],[-73.914603,40.837691],[-73.914503,40.837801],[-73.914405,40.837912],[-73.91430999999999,40.838023],[-73.914218,40.83813299999999],[-73.914129,40.838242],[-73.914043,40.838351],[-73.91396,40.838459],[-73.913879,40.838567],[-73.91380199999999,40.838674],[-73.913728,40.838781000000004],[-73.913656,40.838887],[-73.913588,40.83899199999999],[-73.913522,40.839097],[-73.91346,40.839202],[-73.9134,40.839306]]},"properties":{"routes":["B","D"],"direction":"N","colors":["#EB6800"],"colorCount":1,"color0":"#EB6800","color1":"","color2":""}},{"type":"Feature","geometry":{"type":"LineString","coordinates":[[-73.9134,40.839306],[-73.9134,40.839306],[-73.91336199999999,40.839369999999995],[-73.913326,40.839436],[-73.913289,40.839503],[-73.913253,40.839572],[-73.913216,40.839644],[-73.91318,40.839717],[-73.913143,40.839793],[-73.91310699999998,40.83987],[-73.91307,40.839949],[-73.913034,40.840031],[-73.912997,40.840115],[-73.912961,40.8402],[-73.912924,40.840287999999994],[-73.912888,40.840377],[-73.91284999999999,40.840469],[-73.91164,40.844055],[-73.911575,40.844201],[-73.911505,40.844343],[-73.91142999999998,40.844482],[-73.911351,40.84461799999999],[-73.911266,40.844751],[-73.91117599999998,40.84488],[-73.91107999999998,40.84500599999999],[-73.91098,40.845129],[-73.910875,40.845249],[-73.910765,40.845365],[-73.91065,40.845478],[-73.910529,40.845588],[-73.910404,40.845695],[-73.910273,40.845799],[-73.910136,40.84590000000001]]},"properties":{"routes":["B","D"],"direction":"N","colors":["#EB6800"],"colorCount":1,"color0":"#EB6800","color1":"","color2":""}},{"type":"Feature","geometry":{"type":"LineString","coordinates":[[-73.910136,40.84590000000001],[-73.910136,40.84590000000001],[-73.908755,40.846868],[-73.908535,40.847028],[-73.908324,40.847187],[-73.908121,40.847343],[-73.90792599999999,40.847497],[-73.907739,40.847649],[-73.90756,40.847798999999995],[-73.907389,40.84794699999999],[-73.907227,40.848093],[-73.907072,40.848236],[-73.90692499999999,40.848378],[-73.906787,40.848518000000006],[-73.906656,40.848656000000005],[-73.906534,40.848791],[-73.906419,40.848925],[-73.90631099999999,40.849058],[-73.90522699999998,40.85041]]},"properties":{"routes":["B","D"],"direction":"N","colors":["#EB6800"],"colorCount":1,"color0":"#EB6800","color1":"","color2":""}},{"type":"Feature","geometry":{"type":"LineString","coordinates":[[-73.90522699999998,40.85041],[-73.90522699999998,40.85041],[-73.901532,40.854996],[-73.901476,40.85506399999999],[-73.90142,40.855133],[-73.901365,40.855203],[-73.90131,40.85527299999999],[-73.90125599999999,40.855344],[-73.901202,40.855416],[-73.901148,40.855488],[-73.901096,40.855562],[-73.901043,40.855636],[-73.900992,40.855709999999995],[-73.90093999999999,40.855786],[-73.90089,40.855862],[-73.90083999999999,40.855938],[-73.90079,40.856016],[-73.900741,40.856093]]},"properties":{"routes":["B","D"],"direction":"N","colors":["#EB6800"],"colorCount":1,"color0":"#EB6800","color1":"","color2":""}},{"type":"Feature","geometry":{"type":"LineString","coordinates":[[-73.900741,40.856093],[-73.900741,40.856093],[-73.899078,40.858881],[-73.899037,40.858948],[-73.898997,40.859014],[-73.898957,40.859081],[-73.89891799999998,40.859147],[-73.89888,40.859213],[-73.898842,40.85928],[-73.898804,40.859346],[-73.89876799999999,40.859412],[-73.898731,40.859478],[-73.898695,40.859544],[-73.89866,40.85961],[-73.898625,40.859676],[-73.898591,40.859742],[-73.89855699999998,40.859807],[-73.898523,40.859873],[-73.897749,40.861296]]},"properties":{"routes":["B","D"],"direction":"N","colors":["#EB6800"],"colorCount":1,"color0":"#EB6800","color1":"","color2":""}},{"type":"Feature","geometry":{"type":"LineString","coordinates":[[-73.897749,40.861296],[-73.897749,40.861296],[-73.897337,40.862073],[-73.897292,40.862151],[-73.897247,40.862227],[-73.897202,40.862303],[-73.897157,40.862377],[-73.89711099999998,40.86245],[-73.897064,40.862521],[-73.897017,40.862591],[-73.89697,40.86266],[-73.896923,40.862728],[-73.896875,40.862795],[-73.896827,40.86286],[-73.896779,40.862924],[-73.89673,40.862986],[-73.896681,40.86304799999999],[-73.896631,40.863108],[-73.894164,40.866102999999995],[-73.893509,40.866978]]},"properties":{"routes":["B","D"],"direction":"N","colors":["#EB6800"],"colorCount":1,"color0":"#EB6800","color1":"","color2":""}},{"type":"Feature","geometry":{"type":"LineString","coordinates":[[-73.893509,40.866978],[-73.893509,40.866978],[-73.891998,40.868949],[-73.891891,40.869074],[-73.89178099999998,40.869195],[-73.891671,40.869311999999994],[-73.89156,40.869424],[-73.89144799999998,40.869533],[-73.891336,40.86963900000001],[-73.891223,40.86974],[-73.891109,40.869837],[-73.890995,40.869931],[-73.89088,40.87002],[-73.890765,40.87010599999999],[-73.890649,40.870188],[-73.890532,40.870266],[-73.890415,40.870341],[-73.89029699999999,40.870411],[-73.889495,40.870901],[-73.889396,40.870952],[-73.889299,40.87100600000001],[-73.889205,40.871061],[-73.889113,40.871118],[-73.889024,40.871175],[-73.888938,40.871233],[-73.888854,40.87129199999999],[-73.888773,40.871352],[-73.888695,40.871413],[-73.888619,40.871475000000004],[-73.888546,40.871539],[-73.888476,40.87160299999999],[-73.888408,40.87166799999999],[-73.888343,40.871734],[-73.888279,40.871801],[-73.88713799999998,40.87324399999999]]},"properties":{"routes":["B","D"],"direction":"N","colors":["#EB6800"],"colorCount":1,"color0":"#EB6800","color1":"","color2":""}},{"type":"Feature","geometry":{"type":"LineString","coordinates":[[-73.88713799999998,40.87324399999999],[-73.888279,40.871801],[-73.888343,40.871734],[-73.888408,40.87166799999999],[-73.888476,40.87160299999999],[-73.888546,40.871539],[-73.888619,40.871475000000004],[-73.888695,40.871413],[-73.888773,40.871352],[-73.888854,40.87129199999999],[-73.888938,40.871233],[-73.889024,40.871175],[-73.889113,40.871118],[-73.889205,40.871061],[-73.889299,40.87100600000001],[-73.889396,40.870952],[-73.889495,40.870901],[-73.89029699999999,40.870411],[-73.890415,40.870341],[-73.890532,40.870266],[-73.890649,40.870188],[-73.890765,40.87010599999999],[-73.89088,40.87002],[-73.890995,40.869931],[-73.891109,40.869837],[-73.891223,40.86974],[-73.891336,40.86963900000001],[-73.89144799999998,40.869533],[-73.89156,40.869424],[-73.891671,40.869311999999994],[-73.89178099999998,40.869195],[-73.891891,40.869074],[-73.891998,40.868949],[-73.893509,40.866978]]},"properties":{"routes":["B","D"],"direction":"S","colors":["#EB6800"],"colorCount":1,"color0":"#EB6800","color1":"","color2":""}},{"type":"Feature","geometry":{"type":"LineString","coordinates":[[-73.893509,40.866978],[-73.893509,40.866978],[-73.894164,40.866102999999995],[-73.896631,40.863108],[-73.896681,40.86304799999999],[-73.89673,40.862986],[-73.896779,40.862924],[-73.896827,40.86286],[-73.896875,40.862795],[-73.896923,40.862728],[-73.89697,40.86266],[-73.897017,40.862591],[-73.897064,40.862521],[-73.89711099999998,40.86245],[-73.897157,40.862377],[-73.897202,40.862303],[-73.897247,40.862227],[-73.897292,40.862151],[-73.897337,40.862073],[-73.897749,40.861296]]},"properties":{"routes":["B","D"],"direction":"S","colors":["#EB6800"],"colorCount":1,"color0":"#EB6800","color1":"","color2":""}},{"type":"Feature","geometry":{"type":"LineString","coordinates":[[-73.897749,40.861296],[-73.897749,40.861296],[-73.898523,40.859873],[-73.89855699999998,40.859807],[-73.898591,40.859742],[-73.898625,40.859676],[-73.89866,40.85961],[-73.898695,40.859544],[-73.898731,40.859478],[-73.89876799999999,40.859412],[-73.898804,40.859346],[-73.898842,40.85928],[-73.89888,40.859213],[-73.89891799999998,40.859147],[-73.898957,40.859081],[-73.898997,40.859014],[-73.899037,40.858948],[-73.899078,40.858881],[-73.900741,40.856093]]},"properties":{"routes":["B","D"],"direction":"S","colors":["#EB6800"],"colorCount":1,"color0":"#EB6800","color1":"","color2":""}},{"type":"Feature","geometry":{"type":"LineString","coordinates":[[-73.900741,40.856093],[-73.900741,40.856093],[-73.90079,40.856016],[-73.90083999999999,40.855938],[-73.90089,40.855862],[-73.90093999999999,40.855786],[-73.900992,40.855709999999995],[-73.901043,40.855636],[-73.901096,40.855562],[-73.901148,40.855488],[-73.901202,40.855416],[-73.90125599999999,40.855344],[-73.90131,40.85527299999999],[-73.901365,40.855203],[-73.90142,40.855133],[-73.901476,40.85506399999999],[-73.901532,40.854996],[-73.90522699999998,40.85041]]},"properties":{"routes":["B","D"],"direction":"S","colors":["#EB6800"],"colorCount":1,"color0":"#EB6800","color1":"","color2":""}},{"type":"Feature","geometry":{"type":"LineString","coordinates":[[-73.90522699999998,40.85041],[-73.90522699999998,40.85041],[-73.90631099999999,40.849058],[-73.906419,40.848925],[-73.906534,40.848791],[-73.906656,40.848656000000005],[-73.906787,40.848518000000006],[-73.90692499999999,40.848378],[-73.907072,40.848236],[-73.907227,40.848093],[-73.907389,40.84794699999999],[-73.90756,40.847798999999995],[-73.907739,40.847649],[-73.90792599999999,40.847497],[-73.908121,40.847343],[-73.908324,40.847187],[-73.908535,40.847028],[-73.908755,40.846868],[-73.910136,40.84590000000001]]},"properties":{"routes":["B","D"],"direction":"S","colors":["#EB6800"],"colorCount":1,"color0":"#EB6800","color1":"","color2":""}},{"type":"Feature","geometry":{"type":"LineString","coordinates":[[-73.910136,40.84590000000001],[-73.910136,40.84590000000001],[-73.910273,40.845799],[-73.910404,40.845695],[-73.910529,40.845588],[-73.91065,40.845478],[-73.910765,40.845365],[-73.910875,40.845249],[-73.91098,40.845129],[-73.91107999999998,40.84500599999999],[-73.91117599999998,40.84488],[-73.911266,40.844751],[-73.911351,40.84461799999999],[-73.91142999999998,40.844482],[-73.911505,40.844343],[-73.911575,40.844201],[-73.91164,40.844055],[-73.91284999999999,40.840469],[-73.912888,40.840377],[-73.912924,40.840287999999994],[-73.912961,40.8402],[-73.912997,40.840115],[-73.913034,40.840031],[-73.91307,40.839949],[-73.91310699999998,40.83987],[-73.913143,40.839793],[-73.91318,40.839717],[-73.913216,40.839644],[-73.913253,40.839572],[-73.913289,40.839503],[-73.913326,40.839436],[-73.91336199999999,40.839369999999995],[-73.9134,40.839306]]},"properties":{"routes":["B","D"],"direction":"S","colors":["#EB6800"],"colorCount":1,"color0":"#EB6800","color1":"","color2":""}},{"type":"Feature","geometry":{"type":"LineString","coordinates":[[-73.9134,40.839306],[-73.9134,40.839306],[-73.91346,40.839202],[-73.913522,40.839097],[-73.913588,40.83899199999999],[-73.913656,40.838887],[-73.913728,40.838781000000004],[-73.91380199999999,40.838674],[-73.913879,40.838567],[-73.91396,40.838459],[-73.914043,40.838351],[-73.914129,40.838242],[-73.914218,40.83813299999999],[-73.91430999999999,40.838023],[-73.914405,40.837912],[-73.914503,40.837801],[-73.914603,40.837691],[-73.91844,40.833771]]},"properties":{"routes":["B","D"],"direction":"S","colors":["#EB6800"],"colorCount":1,"color0":"#EB6800","color1":"","color2":""}},{"type":"Feature","geometry":{"type":"LineString","coordinates":[[-73.91844,40.833771],[-73.91844,40.833771],[-73.918591,40.83360400000001],[-73.918744,40.833436],[-73.918895,40.833263],[-73.919043,40.833085],[-73.91919,40.832902],[-73.919334,40.832715],[-73.91947499999999,40.832523],[-73.919614,40.832326],[-73.919751,40.832124],[-73.919886,40.831917999999995],[-73.920018,40.83170700000001],[-73.920148,40.831491],[-73.920275,40.83127],[-73.9204,40.831044],[-73.92052299999999,40.830814],[-73.921612,40.828524],[-73.921711,40.828304],[-73.921823,40.828106],[-73.921951,40.82793099999999],[-73.922092,40.827779],[-73.922248,40.82765],[-73.922419,40.82754299999999],[-73.922603,40.827459],[-73.922802,40.827397],[-73.923016,40.82735799999999],[-73.92324399999998,40.827341999999994],[-73.923486,40.82734799999999],[-73.923742,40.827378],[-73.924013,40.827429],[-73.924298,40.827504],[-73.924598,40.827601],[-73.925651,40.827905]]},"properties":{"routes":["B","D"],"direction":"S","colors":["#EB6800"],"colorCount":1,"color0":"#EB6800","color1":"","color2":""}},{"type":"Feature","geometry":{"type":"LineString","coordinates":[[-73.925651,40.827905],[-73.925651,40.827905],[-73.925782,40.827944],[-73.925912,40.82798400000001],[-73.92604,40.828025],[-73.926166,40.828067000000004],[-73.926292,40.82811000000001],[-73.926417,40.828154],[-73.92654,40.82819899999999],[-73.926662,40.828245],[-73.92678299999999,40.828292],[-73.926902,40.828341],[-73.927021,40.82838999999999],[-73.927138,40.82844],[-73.927254,40.828491],[-73.927369,40.828544],[-73.927482,40.82859899999999],[-73.929053,40.829514],[-73.929156,40.829569],[-73.929263,40.829618],[-73.929375,40.829664],[-73.929492,40.82970799999999],[-73.929613,40.829748],[-73.92973799999999,40.829785],[-73.929868,40.829819],[-73.930003,40.82985],[-73.930142,40.829878],[-73.930285,40.829904],[-73.930434,40.829926],[-73.930586,40.829945],[-73.93074299999999,40.829961],[-73.930905,40.829975],[-73.931071,40.829985],[-73.936658,40.830093],[-73.938209,40.830135]]},"properties":{"routes":["B","D"],"direction":"S","colors":["#EB6800"],"colorCount":1,"color0":"#EB6800","color1":"","color2":""}},{"type":"Feature","geometry":{"type":"LineString","coordinates":[[-73.938209,40.830135],[-73.938209,40.830135],[-73.938273,40.830135],[-73.938335,40.830134],[-73.938398,40.830134],[-73.938461,40.830133],[-73.938524,40.830132],[-73.93858699999998,40.83013],[-73.93865,40.830129],[-73.938713,40.830127],[-73.938776,40.830125],[-73.938839,40.830123],[-73.938902,40.83012],[-73.938965,40.830118],[-73.939028,40.830115],[-73.939092,40.830111],[-73.939156,40.830108],[-73.939326,40.830091],[-73.939489,40.830069],[-73.939646,40.830041],[-73.93979699999998,40.83000700000001],[-73.939941,40.829967],[-73.940079,40.829922],[-73.940211,40.829871],[-73.94033599999999,40.829815],[-73.940455,40.829753],[-73.94056699999999,40.829685],[-73.940673,40.829612],[-73.940772,40.829533],[-73.940866,40.829448],[-73.940953,40.829358],[-73.941032,40.829263],[-73.94225513070792,40.8273704071385],[-73.94230567969122,40.827316844931836],[-73.9423752863254,40.82727477081954],[-73.94245807763473,40.82724077525495],[-73.94254818064348,40.82721144869144],[-73.94263972237594,40.827183381582365],[-73.94272682985635,40.827153164381066],[-73.94280363010901,40.8271173875409],[-73.94286425015818,40.827072641515244],[-73.94290281702816,40.82701551675742]]},"properties":{"routes":["B","D"],"direction":"S","colors":["#EB6800"],"colorCount":1,"color0":"#EB6800","color1":"","color2":""}},{"type":"Feature","geometry":{"type":"LineString","coordinates":[[-73.98441435706718,40.764607212079554],[-73.98444055557273,40.76455104722308],[-73.9844417653681,40.7644931855141],[-73.98442265161842,40.76443407921689],[-73.98438787948875,40.76437418059569],[-73.98434211414423,40.764313941914814],[-73.9842900207499,40.764253815438494],[-73.98423626447091,40.764194253431036],[-73.98418551047236,40.76413570815669],[-73.98414242391932,40.764078631879734],[-73.984142,40.764078],[-73.984077,40.764003],[-73.983999,40.763931],[-73.983961,40.763901]]},"properties":{"routes":["B","D"],"direction":"S","colors":["#EB6800"],"colorCount":1,"color0":"#EB6800","color1":"","color2":""}},{"type":"Feature","geometry":{"type":"LineString","coordinates":[[-73.984082,40.763823],[-73.983964,40.763803],[-73.983832,40.763771],[-73.983698,40.76373099999999],[-73.981663,40.762874],[-73.981637,40.762862]]},"properties":{"routes":["B","D","E"],"direction":"N","colors":["#0062CF","#EB6800"],"colorCount":2,"color0":"#0062CF","color1":"#EB6800","color2":""}},{"type":"Feature","geometry":{"type":"LineString","coordinates":[[-73.981637,40.762862],[-73.981637,40.762862],[-73.980212,40.762259],[-73.979354,40.7619]]},"properties":{"routes":["B","D","E"],"direction":"N","colors":["#0062CF","#EB6800"],"colorCount":2,"color0":"#0062CF","color1":"#EB6800","color2":""}},{"type":"Feature","geometry":{"type":"LineString","coordinates":[[-73.97958552378284,40.76199684148707],[-73.97951998291224,40.76196137963958],[-73.97946613620256,40.761916241172095],[-73.97942278324659,40.7618631742429],[-73.97938872363721,40.76180392701023],[-73.9793627569672,40.76174024763232],[-73.97934368282937,40.76167388426745],[-73.97933030081656,40.76160658507387],[-73.9793214105216,40.76154009820981],[-73.97931581153732,40.76147617183355],[-73.97931359026069,40.76144450509952],[-73.97933737223626,40.761390268736726]]},"properties":{"routes":["B","D"],"direction":"S","colors":["#EB6800"],"colorCount":1,"color0":"#EB6800","color1":"","color2":""}},{"type":"Feature","geometry":{"type":"LineString","coordinates":[[-73.97923299999998,40.761533],[-73.979701,40.760893],[-73.981329,40.758663]]},"properties":{"routes":["B","D","F","M"],"direction":"S","colors":["#EB6800"],"colorCount":1,"color0":"#EB6800","color1":"","color2":""}},{"type":"Feature","geometry":{"type":"LineString","coordinates":[[-73.981329,40.758663],[-73.981329,40.758663],[-73.984569,40.754222]]},"properties":{"routes":["B","D","F","M"],"direction":"S","colors":["#EB6800"],"colorCount":1,"color0":"#EB6800","color1":"","color2":""}},{"type":"Feature","geometry":{"type":"LineString","coordinates":[[-73.984569,40.754222],[-73.984569,40.754222],[-73.987823,40.749719]]},"properties":{"routes":["B","D","F","M"],"direction":"S","colors":["#EB6800"],"colorCount":1,"color0":"#EB6800","color1":"","color2":""}},{"type":"Feature","geometry":{"type":"LineString","coordinates":[[-73.987823,40.749719],[-73.987823,40.749719],[-73.992821,40.742878000000005]]},"properties":{"routes":["B","D","F","M"],"direction":"S","colors":["#EB6800"],"colorCount":1,"color0":"#EB6800","color1":"","color2":""}},{"type":"Feature","geometry":{"type":"LineString","coordinates":[[-73.992821,40.742878000000005],[-73.992821,40.742878000000005],[-73.996209,40.738228]]},"properties":{"routes":["B","D","F","M"],"direction":"S","colors":["#EB6800"],"colorCount":1,"color0":"#EB6800","color1":"","color2":""}},{"type":"Feature","geometry":{"type":"LineString","coordinates":[[-73.996209,40.738228],[-73.996209,40.738228],[-73.999418,40.733818]]},"properties":{"routes":["B","D","F","M"],"direction":"S","colors":["#EB6800"],"colorCount":1,"color0":"#EB6800","color1":"","color2":""}},{"type":"Feature","geometry":{"type":"LineString","coordinates":[[-74.00268689483791,40.72866639447788],[-74.00269723999807,40.72860663142783],[-74.00268382915631,40.728548785993475],[-74.00265118920801,40.72849258302802],[-74.00260384704846,40.728437747384675],[-74.00254632957308,40.72838400391667],[-74.00248316367723,40.728331077477215],[-74.00241887625624,40.72827869291953],[-74.00235799420548,40.72822657509685],[-74.00230504442034,40.72817444886237],[-74.002301,40.72817],[-74.00222,40.728099],[-74.002126,40.728032],[-74.002019,40.727970000000006],[-74.001901,40.727913],[-73.998114,40.726047],[-73.998027,40.726003999999996],[-73.997938,40.725961],[-73.997848,40.725918],[-73.99775599999998,40.72587600000001],[-73.99766299999999,40.725834],[-73.997568,40.725792],[-73.997471,40.725751],[-73.997373,40.725711],[-73.997273,40.72567],[-73.99717199999999,40.725631],[-73.99706899999998,40.725591],[-73.996964,40.725552],[-73.996858,40.725513],[-73.99675,40.725475],[-73.996641,40.725437],[-73.996204,40.72529699999999]]},"properties":{"routes":["B","D","F","M"],"direction":"S","colors":["#EB6800"],"colorCount":1,"color0":"#EB6800","color1":"","color2":""}},{"type":"Feature","geometry":{"type":"LineString","coordinates":[[-73.996204,40.72529699999999],[-73.996204,40.72529699999999],[-73.99254999999998,40.724185],[-73.991798,40.72396]]},"properties":{"routes":["B","D","F","M"],"direction":"S","colors":["#EB6800"],"colorCount":1,"color0":"#EB6800","color1":"","color2":""}},{"type":"Feature","geometry":{"type":"LineString","coordinates":[[-73.99203635252833,40.72403131558361],[-73.99196893966716,40.72400155200083],[-73.99191690142402,40.72395933734849],[-73.99187752759981,40.7239070644811],[-73.99184810799542,40.723847126253176],[-73.99182593241176,40.723781915519226],[-73.99180829064967,40.72371382513376],[-73.9917924725101,40.723645247951296],[-73.99177576779388,40.723578576826355],[-73.99175546630198,40.72351620461343],[-73.991731,40.723453000000006],[-73.991706,40.723355],[-73.991691,40.723253],[-73.991687,40.723147],[-73.991693,40.723036],[-73.991709,40.722918],[-73.991861,40.722080000000005],[-73.991868,40.722052],[-73.991875,40.722024],[-73.991883,40.721997],[-73.991891,40.721969],[-73.9919,40.721941],[-73.991909,40.721912],[-73.99192,40.721884],[-73.99193099999998,40.721856],[-73.991942,40.721827],[-73.991954,40.721799],[-73.991967,40.72177],[-73.991981,40.721742],[-73.991995,40.721713],[-73.99200999999998,40.721683999999996],[-73.992025,40.721655],[-73.992387,40.720946]]},"properties":{"routes":["B","D","M"],"direction":"S","colors":["#EB6800"],"colorCount":1,"color0":"#EB6800","color1":"","color2":""}},{"type":"Feature","geometry":{"type":"LineString","coordinates":[[-73.992387,40.720946],[-73.99375299999998,40.718267]]},"properties":{"routes":["B","D"],"direction":"S","colors":["#EB6800"],"colorCount":1,"color0":"#EB6800","color1":"","color2":""}},{"type":"Feature","geometry":{"type":"LineString","coordinates":[[-73.99375299999998,40.718267],[-73.99375299999998,40.718267],[-73.994714,40.716401000000005],[-73.994767,40.716296],[-73.994812,40.716191],[-73.994849,40.716087],[-73.994879,40.715984],[-73.994901,40.715881],[-73.994916,40.715779],[-73.994923,40.715678000000004],[-73.994923,40.715578],[-73.99491499999999,40.715478],[-73.9949,40.715379],[-73.994877,40.715281],[-73.994847,40.715184],[-73.99481,40.715087],[-73.994765,40.714991],[-73.994713,40.714897],[-73.985242,40.697839],[-73.983934,40.695138],[-73.983428,40.693829],[-73.982529,40.69201399999999]]},"properties":{"routes":["B","D"],"direction":"S","colors":["#EB6800"],"colorCount":1,"color0":"#EB6800","color1":"","color2":""}},{"type":"Feature","geometry":{"type":"LineString","coordinates":[[-73.981824,40.69063500000001],[-73.981824,40.69063500000001],[-73.981205,40.689405],[-73.98117899999998,40.689345],[-73.981149,40.689287],[-73.981117,40.689232],[-73.981081,40.689178],[-73.981042,40.689127],[-73.980999,40.689078],[-73.980954,40.689031],[-73.98090499999999,40.688986],[-73.980853,40.688943],[-73.98079799999998,40.688902],[-73.98074,40.688863],[-73.980678,40.688827],[-73.980613,40.688792],[-73.98054499999999,40.68876],[-73.980474,40.68873],[-73.978805,40.688068],[-73.97823399999999,40.687830000000005]]},"properties":{"routes":["B","D","N","Q","R"],"direction":"S","colors":["#EB6800","#F6BC26"],"colorCount":2,"color0":"#EB6800","color1":"#F6BC26","color2":""}},{"type":"Feature","geometry":{"type":"LineString","coordinates":[[-73.982529,40.69201399999999],[-73.982304,40.69155899999999],[-73.981824,40.69063500000001]]},"properties":{"routes":["B","D","N","Q","R"],"direction":"S","colors":["#EB6800","#F6BC26"],"colorCount":2,"color0":"#EB6800","color1":"#F6BC26","color2":""}},{"type":"Feature","geometry":{"type":"LineString","coordinates":[[-73.97823399999999,40.687830000000005],[-73.977928,40.687703],[-73.977868,40.68768],[-73.977812,40.687656],[-73.97776,40.68763],[-73.977711,40.687602],[-73.977666,40.687573],[-73.97762399999999,40.687541],[-73.977587,40.687508],[-73.977552,40.687473],[-73.977522,40.687437],[-73.977495,40.687399],[-73.977472,40.68735900000001],[-73.977452,40.687317],[-73.97743699999998,40.687273],[-73.977424,40.687228],[-73.977416,40.687181],[-73.97689,40.68446]]},"properties":{"routes":["B","Q"],"direction":"S","colors":["#EB6800","#F6BC26"],"colorCount":2,"color0":"#EB6800","color1":"#F6BC26","color2":""}},{"type":"Feature","geometry":{"type":"LineString","coordinates":[[-73.97689,40.68446],[-73.97689,40.68446],[-73.97683470176254,40.6841476817856],[-73.97683703216079,40.684076606274274],[-73.97686376890731,40.684005315619245],[-73.97690689138359,40.683934133111215],[-73.97695837897105,40.68386338204092],[-73.9770102110511,40.683793385699055],[-73.9770543670052,40.68372446737635],[-73.9770828262148,40.68365695036352],[-73.97708756806131,40.68359115795128],[-73.97706057192619,40.68352741343035]]},"properties":{"routes":["B","Q"],"direction":"S","colors":["#EB6800","#F6BC26"],"colorCount":2,"color0":"#EB6800","color1":"#F6BC26","color2":""}},{"type":"Feature","geometry":{"type":"LineString","coordinates":[[-73.96926067469039,40.673209116460264],[-73.96920735185766,40.67315750224469],[-73.96918070835707,40.673096116066134],[-73.96917391915598,40.67302726760813],[-73.96918015922174,40.672953266554245],[-73.96919260352172,40.672876422588025],[-73.96920442702327,40.67279904539304],[-73.96920880469375,40.67272344465284],[-73.9691989115005,40.672651930050975],[-73.96916792241089,40.672586811270996],[-73.962927,40.663876],[-73.962872,40.663791],[-73.96282,40.66370499999999],[-73.962771,40.663619],[-73.962724,40.663532],[-73.962681,40.663445],[-73.96264,40.663357],[-73.962601,40.663269],[-73.962566,40.663180999999994],[-73.962533,40.663092],[-73.962502,40.663003],[-73.962475,40.662912999999996],[-73.96245,40.662823],[-73.962427,40.662733],[-73.962408,40.662642],[-73.962392,40.662551],[-73.962246,40.661614]]},"properties":{"routes":["B","Q"],"direction":"S","colors":["#EB6800","#F6BC26"],"colorCount":2,"color0":"#EB6800","color1":"#F6BC26","color2":""}},{"type":"Feature","geometry":{"type":"LineString","coordinates":[[-73.962246,40.661614],[-73.962246,40.661614],[-73.96215,40.66101],[-73.962148,40.660997],[-73.96214599999999,40.660985],[-73.962144,40.660972],[-73.962141,40.660959000000005],[-73.96213899999998,40.66094700000001],[-73.962136,40.660935],[-73.962133,40.660922],[-73.962131,40.66091],[-73.962128,40.660898],[-73.962124,40.660885],[-73.962121,40.660873],[-73.962118,40.660861],[-73.962114,40.660849],[-73.96211099999998,40.660837],[-73.962107,40.660824999999996],[-73.962026,40.66054],[-73.96201799999999,40.66051],[-73.962011,40.660481],[-73.962004,40.660452],[-73.961997,40.66042300000001],[-73.96199099999998,40.660395],[-73.961984,40.660367],[-73.961978,40.66034],[-73.961972,40.660314],[-73.961966,40.660288],[-73.96196099999999,40.660262],[-73.961956,40.660237],[-73.961951,40.660212],[-73.961946,40.660188],[-73.961941,40.660164],[-73.96193699999999,40.660141],[-73.96141,40.6569],[-73.961394,40.656798],[-73.961383,40.656696],[-73.961374,40.656594],[-73.961368,40.65649],[-73.961365,40.656386],[-73.961365,40.656281],[-73.961368,40.656174],[-73.96137299999998,40.656067],[-73.961382,40.655959],[-73.961393,40.655851],[-73.961408,40.655741],[-73.96142499999999,40.65563],[-73.96144499999998,40.655519],[-73.961468,40.65540599999999],[-73.961495,40.655292]]},"properties":{"routes":["B","Q"],"direction":"S","colors":["#EB6800","#F6BC26"],"colorCount":2,"color0":"#EB6800","color1":"#F6BC26","color2":""}},{"type":"Feature","geometry":{"type":"LineString","coordinates":[[-73.961495,40.655292],[-73.961495,40.655292],[-73.961938,40.653888],[-73.962006,40.653681],[-73.962074,40.653472],[-73.962142,40.65326],[-73.96221,40.653045999999996],[-73.962278,40.652829],[-73.962347,40.65261],[-73.962416,40.652389],[-73.962486,40.652165],[-73.96255599999999,40.651938],[-73.962626,40.651709],[-73.962696,40.651478000000004],[-73.962767,40.651244],[-73.962839,40.651007],[-73.96291,40.650768],[-73.962982,40.650527]]},"properties":{"routes":["B","Q"],"direction":"S","colors":["#EB6800","#F6BC26"],"colorCount":2,"color0":"#EB6800","color1":"#F6BC26","color2":""}},{"type":"Feature","geometry":{"type":"LineString","coordinates":[[-73.962982,40.650527],[-73.962982,40.650527],[-73.964421,40.64586599999999],[-73.964452,40.645746],[-73.96447899999998,40.645626],[-73.964502,40.645506],[-73.964522,40.645386],[-73.964538,40.645264999999995],[-73.96455,40.645144],[-73.96455799999998,40.645022],[-73.964563,40.6449],[-73.964564,40.644777],[-73.96456099999999,40.644654],[-73.964554,40.644531],[-73.964544,40.644407],[-73.96452999999998,40.644282],[-73.964512,40.644157],[-73.964492,40.644031]]},"properties":{"routes":["B","Q"],"direction":"S","colors":["#EB6800","#F6BC26"],"colorCount":2,"color0":"#EB6800","color1":"#F6BC26","color2":""}},{"type":"Feature","geometry":{"type":"LineString","coordinates":[[-73.963891,40.640927],[-73.963891,40.640927],[-73.962793,40.635082]]},"properties":{"routes":["B","Q"],"direction":"S","colors":["#EB6800","#F6BC26"],"colorCount":2,"color0":"#EB6800","color1":"#F6BC26","color2":""}},{"type":"Feature","geometry":{"type":"LineString","coordinates":[[-73.964492,40.644031],[-73.964492,40.644031],[-73.963891,40.640927]]},"properties":{"routes":["B","Q"],"direction":"S","colors":["#EB6800","#F6BC26"],"colorCount":2,"color0":"#EB6800","color1":"#F6BC26","color2":""}},{"type":"Feature","geometry":{"type":"LineString","coordinates":[[-73.959399,40.61761799999999],[-73.959399,40.61761799999999],[-73.957986,40.610171],[-73.957982,40.610149],[-73.957978,40.610127],[-73.957974,40.61010499999999],[-73.95797,40.610084],[-73.957966,40.610063],[-73.957963,40.610043],[-73.95796,40.610023],[-73.957956,40.610003],[-73.957953,40.609984],[-73.957951,40.609964999999995],[-73.957948,40.609946],[-73.957946,40.609928],[-73.957943,40.60991],[-73.95794099999999,40.60989200000001],[-73.957939,40.609875],[-73.957922,40.609748],[-73.95792,40.609729],[-73.957918,40.60971],[-73.957917,40.609691],[-73.957915,40.609673],[-73.95791299999999,40.609654],[-73.95791,40.609635999999995],[-73.957908,40.609618],[-73.957906,40.6096],[-73.957903,40.609582],[-73.957901,40.609564],[-73.957898,40.609547],[-73.957896,40.609529],[-73.957893,40.609512],[-73.95789,40.609495],[-73.957887,40.609478],[-73.95773399999999,40.60867]]},"properties":{"routes":["B","Q"],"direction":"S","colors":["#EB6800","#F6BC26"],"colorCount":2,"color0":"#EB6800","color1":"#F6BC26","color2":""}},{"type":"Feature","geometry":{"type":"LineString","coordinates":[[-73.960803,40.625039],[-73.960803,40.625039],[-73.959399,40.61761799999999]]},"properties":{"routes":["B","Q"],"direction":"S","colors":["#EB6800","#F6BC26"],"colorCount":2,"color0":"#EB6800","color1":"#F6BC26","color2":""}},{"type":"Feature","geometry":{"type":"LineString","coordinates":[[-73.962793,40.635082],[-73.962793,40.635082],[-73.961973,40.630739],[-73.96196399999998,40.630686000000004],[-73.961956,40.630634],[-73.961947,40.630583],[-73.961938,40.630533],[-73.961929,40.630484],[-73.96191999999999,40.630437],[-73.961911,40.63039],[-73.961901,40.630344],[-73.96189199999999,40.630300000000005],[-73.961883,40.630256],[-73.961873,40.630214],[-73.961863,40.630173],[-73.961854,40.630132],[-73.961844,40.63009300000001],[-73.961834,40.630055],[-73.961639,40.62927]]},"properties":{"routes":["B","Q"],"direction":"S","colors":["#EB6800","#F6BC26"],"colorCount":2,"color0":"#EB6800","color1":"#F6BC26","color2":""}},{"type":"Feature","geometry":{"type":"LineString","coordinates":[[-73.961639,40.62927],[-73.961639,40.62927],[-73.961619,40.629189000000004],[-73.9616,40.629109],[-73.96158099999998,40.629031],[-73.961563,40.628955],[-73.961545,40.62888],[-73.961529,40.628807],[-73.961513,40.628736],[-73.961497,40.62866699999999],[-73.961483,40.628599],[-73.961469,40.628533000000004],[-73.96145499999999,40.628469],[-73.961443,40.628407],[-73.96143099999999,40.628346],[-73.96142,40.628287],[-73.961408,40.628229],[-73.960803,40.625039]]},"properties":{"routes":["B","Q"],"direction":"S","colors":["#EB6800","#F6BC26"],"colorCount":2,"color0":"#EB6800","color1":"#F6BC26","color2":""}},{"type":"Feature","geometry":{"type":"LineString","coordinates":[[-73.95773399999999,40.60867],[-73.95773399999999,40.60867],[-73.95764,40.608159],[-73.957636,40.608138],[-73.957632,40.608117],[-73.957628,40.608096],[-73.957624,40.608075],[-73.95762,40.608055],[-73.957616,40.608035],[-73.957611,40.608016],[-73.957607,40.607996],[-73.95760199999998,40.607977],[-73.957597,40.607959],[-73.957592,40.60793999999999],[-73.957588,40.60792200000001],[-73.957582,40.607904],[-73.957577,40.607886],[-73.957572,40.607868999999994],[-73.957548,40.607789],[-73.957545,40.607776],[-73.957541,40.607764],[-73.957538,40.607751],[-73.957535,40.607738],[-73.957532,40.60772500000001],[-73.957529,40.607712],[-73.957526,40.607699],[-73.957522,40.607685],[-73.957519,40.60767200000001],[-73.957516,40.607659],[-73.957513,40.607645],[-73.957511,40.607632],[-73.957508,40.607618],[-73.957505,40.60760500000001],[-73.957502,40.607591],[-73.955929,40.59930000000001]]},"properties":{"routes":["B","Q"],"direction":"S","colors":["#EB6800","#F6BC26"],"colorCount":2,"color0":"#EB6800","color1":"#F6BC26","color2":""}},{"type":"Feature","geometry":{"type":"LineString","coordinates":[[-73.955161,40.595245999999996],[-73.955161,40.595245999999996],[-73.954319,40.590785],[-73.954106,40.58929500000001],[-73.954096,40.589221],[-73.954087,40.589147],[-73.954079,40.589072],[-73.954072,40.588997],[-73.954065,40.58892099999999],[-73.95405999999998,40.588843999999995],[-73.954057,40.588767],[-73.954054,40.588689],[-73.954052,40.58861],[-73.954051,40.58853],[-73.954052,40.588449999999995],[-73.954054,40.588369],[-73.954056,40.588288],[-73.95405999999998,40.588205],[-73.954066,40.58812100000001],[-73.954096,40.587758],[-73.954104,40.587708],[-73.95411,40.587657],[-73.954116,40.587605],[-73.954121,40.587552],[-73.954126,40.587498],[-73.954131,40.587443],[-73.95413499999998,40.587387],[-73.95413899999998,40.587329],[-73.954142,40.587271],[-73.954145,40.587210999999996],[-73.954148,40.587149999999994],[-73.95415,40.587088],[-73.954152,40.587025],[-73.954154,40.586961],[-73.954155,40.586896]]},"properties":{"routes":["B","Q"],"direction":"S","colors":["#EB6800","#F6BC26"],"colorCount":2,"color0":"#EB6800","color1":"#F6BC26","color2":""}},{"type":"Feature","geometry":{"type":"LineString","coordinates":[[-73.955929,40.59930000000001],[-73.955929,40.59930000000001],[-73.955161,40.595245999999996]]},"properties":{"routes":["B","Q"],"direction":"S","colors":["#EB6800","#F6BC26"],"colorCount":2,"color0":"#EB6800","color1":"#F6BC26","color2":""}},{"type":"Feature","geometry":{"type":"LineString","coordinates":[[-73.954155,40.586896],[-73.954155,40.586896],[-73.954153,40.586783],[-73.954158,40.58667],[-73.954167,40.586556],[-73.954181,40.586443],[-73.954201,40.586329],[-73.954225,40.586216],[-73.954254,40.586103],[-73.954289,40.585989],[-73.954328,40.585876],[-73.95437299999999,40.585763],[-73.954422,40.58565],[-73.954477,40.585536],[-73.954536,40.585423],[-73.954601,40.58531000000001],[-73.95467,40.58519799999999],[-73.959575,40.578316],[-73.95960699999999,40.578268],[-73.959643,40.578223],[-73.959681,40.57818],[-73.959721,40.578139],[-73.959765,40.578101],[-73.959811,40.578064],[-73.95986,40.57803],[-73.959912,40.577997999999994],[-73.959967,40.577969],[-73.960025,40.577942],[-73.960085,40.577917],[-73.960148,40.577894],[-73.96021399999998,40.577873],[-73.960283,40.577855],[-73.960354,40.577839],[-73.961375,40.577621]]},"properties":{"routes":["B","Q"],"direction":"S","colors":["#EB6800","#F6BC26"],"colorCount":2,"color0":"#EB6800","color1":"#F6BC26","color2":""}},{"type":"Feature","geometry":{"type":"LineString","coordinates":[[-73.981233,40.577422],[-73.981401,40.578309],[-73.981405,40.578339],[-73.981409,40.57837],[-73.981412,40.5784],[-73.981414,40.578429],[-73.981415,40.578459],[-73.98141599999998,40.578488],[-73.981415,40.578517999999995],[-73.981414,40.578546],[-73.981413,40.57857500000001],[-73.98141,40.578604],[-73.981407,40.578632],[-73.981403,40.57866],[-73.981398,40.578688],[-73.98139199999999,40.578716],[-73.98138599999999,40.578743],[-73.98138199999998,40.578767],[-73.981379,40.578792],[-73.981376,40.578816],[-73.981373,40.578841],[-73.981371,40.578866],[-73.98137,40.578891],[-73.98136799999999,40.57891599999999],[-73.98136799999999,40.578942],[-73.981367,40.578968],[-73.981367,40.57899299999999],[-73.98136799999999,40.57902],[-73.981369,40.57904599999999],[-73.98137,40.579072],[-73.981372,40.57909900000001],[-73.981373,40.579126],[-73.98146,40.580445],[-73.98146,40.58047800000001],[-73.98146,40.580511],[-73.981458,40.580544],[-73.981456,40.580576],[-73.981453,40.580609],[-73.981448,40.580641],[-73.98144299999998,40.580672],[-73.98143699999999,40.580704],[-73.981429,40.580735],[-73.981421,40.580765],[-73.981412,40.580796],[-73.981401,40.580826],[-73.98138999999999,40.580855],[-73.981377,40.580885],[-73.981364,40.580914],[-73.981208,40.581267999999994],[-73.98119,40.581303],[-73.981173,40.58133699999999],[-73.981156,40.58137],[-73.98114,40.58140199999999],[-73.981123,40.581434],[-73.98110699999998,40.581464999999994],[-73.981091,40.581495],[-73.981075,40.581525],[-73.98105899999999,40.581553],[-73.981044,40.58158100000001],[-73.98102799999998,40.581608],[-73.981013,40.581635],[-73.980998,40.58165999999999],[-73.980983,40.581685],[-73.980968,40.581709],[-73.98095,40.581736],[-73.980933,40.581762],[-73.980917,40.581789],[-73.980901,40.581815],[-73.980885,40.581841],[-73.98086999999998,40.581868],[-73.980855,40.581894],[-73.980841,40.581920000000004],[-73.980827,40.581946],[-73.980814,40.581972],[-73.98080099999999,40.581998],[-73.980789,40.582024],[-73.98077699999999,40.582049999999995],[-73.980766,40.582075],[-73.980756,40.58210100000001],[-73.980544,40.582593]]},"properties":{"routes":["D","N"],"direction":"N","colors":["#EB6800","#F6BC26"],"colorCount":2,"color0":"#EB6800","color1":"#F6BC26","color2":""}},{"type":"Feature","geometry":{"type":"LineString","coordinates":[[-73.98054989321045,40.58257932330403],[-73.98053831679586,40.58264382712715],[-73.98055480191228,40.58270733699394],[-73.98059197935265,40.582770236574454],[-73.98064247990997,40.58283290953868],[-73.98069893437722,40.58289573955662],[-73.98075397354735,40.58295911029832],[-73.98080022821338,40.58302340543377],[-73.98083032916824,40.583089008632996],[-73.98083690720495,40.58315630356602],[-73.980814,40.583361],[-73.980811,40.583398],[-73.980808,40.583434],[-73.980806,40.583471],[-73.98080499999999,40.583509],[-73.980804,40.583546],[-73.98080499999999,40.583583],[-73.98080499999999,40.583621],[-73.980807,40.583659],[-73.980809,40.583697],[-73.980812,40.583735],[-73.980815,40.583774],[-73.980819,40.583812],[-73.980824,40.583851],[-73.98083,40.58388999999999],[-73.980836,40.583929],[-73.980891,40.584227],[-73.980899,40.584267],[-73.980909,40.584306],[-73.980919,40.58434499999999],[-73.98093,40.584384],[-73.980941,40.584423],[-73.980954,40.584461],[-73.980968,40.5845],[-73.980982,40.584538],[-73.980998,40.584576],[-73.981014,40.584614],[-73.981031,40.584652],[-73.98104899999998,40.584689],[-73.981068,40.584726999999994],[-73.981088,40.584764],[-73.981109,40.584801],[-73.981289,40.585098],[-73.981556,40.585497],[-73.981625,40.585595],[-73.981696,40.585687],[-73.981767,40.585776],[-73.981837,40.585862],[-73.98190799999999,40.585943],[-73.98197899999998,40.58602],[-73.98205,40.586093999999996],[-73.98212,40.586163000000006],[-73.982191,40.586229],[-73.982263,40.586290999999996],[-73.98233399999998,40.586349],[-73.982405,40.586403],[-73.982476,40.586454],[-73.982548,40.586499999999994],[-73.98262,40.586543],[-73.982945,40.586717],[-73.98300399999998,40.586751],[-73.98305899999998,40.586785],[-73.983111,40.586819000000006],[-73.98316,40.586854],[-73.983204,40.586889],[-73.983246,40.586923],[-73.983283,40.586958],[-73.983318,40.586994],[-73.983348,40.587029],[-73.983376,40.58706500000001],[-73.983399,40.5871],[-73.98342,40.58713600000001],[-73.983436,40.587172],[-73.983449,40.587208999999994],[-73.983459,40.587245],[-73.983765,40.588841]]},"properties":{"routes":["D"],"direction":"N","colors":["#EB6800"],"colorCount":1,"color0":"#EB6800","color1":"","color2":""}},{"type":"Feature","geometry":{"type":"LineString","coordinates":[[-73.983765,40.588841],[-73.983765,40.588841],[-73.985196,40.59635900000001],[-73.985204,40.59641],[-73.98521699999999,40.596459],[-73.985232,40.596507],[-73.985251,40.596555],[-73.985274,40.596601],[-73.985299,40.596646],[-73.985328,40.596689],[-73.985359,40.596732],[-73.985394,40.596774],[-73.985433,40.59681400000001],[-73.985474,40.596854],[-73.98551899999998,40.596892],[-73.985567,40.596929],[-73.985618,40.596965],[-73.985672,40.597],[-73.98682899999999,40.597704]]},"properties":{"routes":["D"],"direction":"N","colors":["#EB6800"],"colorCount":1,"color0":"#EB6800","color1":"","color2":""}},{"type":"Feature","geometry":{"type":"LineString","coordinates":[[-73.98682899999999,40.597704],[-73.98682899999999,40.597704],[-73.993728,40.601875]]},"properties":{"routes":["D"],"direction":"N","colors":["#EB6800"],"colorCount":1,"color0":"#EB6800","color1":"","color2":""}},{"type":"Feature","geometry":{"type":"LineString","coordinates":[[-73.993728,40.601875],[-73.993728,40.601875],[-73.998168,40.604556]]},"properties":{"routes":["D"],"direction":"N","colors":["#EB6800"],"colorCount":1,"color0":"#EB6800","color1":"","color2":""}},{"type":"Feature","geometry":{"type":"LineString","coordinates":[[-73.998168,40.604556],[-73.998168,40.604556],[-74.00101,40.606273],[-74.001077,40.60631699999999],[-74.001141,40.606362],[-74.001201,40.606409],[-74.00125799999999,40.606458],[-74.00131,40.60650799999999],[-74.001359,40.606559],[-74.001405,40.606612],[-74.001446,40.606666],[-74.001484,40.606722],[-74.001518,40.60678],[-74.001549,40.606839],[-74.001576,40.606899],[-74.001599,40.60696099999999],[-74.001618,40.607025],[-74.001634,40.60709],[-74.001736,40.607954]]},"properties":{"routes":["D"],"direction":"N","colors":["#EB6800"],"colorCount":1,"color0":"#EB6800","color1":"","color2":""}},{"type":"Feature","geometry":{"type":"LineString","coordinates":[[-74.001736,40.607954],[-74.001736,40.607954],[-74.00184,40.60885999999999],[-74.00184199999998,40.6089],[-74.001843,40.608941],[-74.00184199999998,40.608981],[-74.00184099999998,40.609022],[-74.00183899999999,40.609062],[-74.001836,40.609103],[-74.001831,40.609144],[-74.001826,40.609184],[-74.00182,40.609225],[-74.001813,40.609266],[-74.001805,40.609306999999994],[-74.001796,40.609348],[-74.001785,40.609389],[-74.001774,40.60943100000001],[-74.001762,40.609472],[-74.00060999999998,40.61350099999999]]},"properties":{"routes":["D"],"direction":"N","colors":["#EB6800"],"colorCount":1,"color0":"#EB6800","color1":"","color2":""}},{"type":"Feature","geometry":{"type":"LineString","coordinates":[[-74.00060999999998,40.61350099999999],[-74.00060999999998,40.61350099999999],[-73.998864,40.619589]]},"properties":{"routes":["D"],"direction":"N","colors":["#EB6800"],"colorCount":1,"color0":"#EB6800","color1":"","color2":""}},{"type":"Feature","geometry":{"type":"LineString","coordinates":[[-73.998864,40.619589],[-73.998864,40.619589],[-73.996895,40.626472]]},"properties":{"routes":["D"],"direction":"N","colors":["#EB6800"],"colorCount":1,"color0":"#EB6800","color1":"","color2":""}},{"type":"Feature","geometry":{"type":"LineString","coordinates":[[-73.996895,40.626472],[-73.996895,40.626472],[-73.995476,40.631435]]},"properties":{"routes":["D"],"direction":"N","colors":["#EB6800"],"colorCount":1,"color0":"#EB6800","color1":"","color2":""}},{"type":"Feature","geometry":{"type":"LineString","coordinates":[[-73.995476,40.631435],[-73.995476,40.631435],[-73.995461,40.631491],[-73.995446,40.631548],[-73.995431,40.631605],[-73.995417,40.631662999999996],[-73.995403,40.631721],[-73.99539,40.631779],[-73.995377,40.631838],[-73.995365,40.631898],[-73.995353,40.631958],[-73.995341,40.632018],[-73.99533,40.632079],[-73.99532,40.632141],[-73.99531,40.63220299999999],[-73.9953,40.632265],[-73.995292,40.632328],[-73.99479099999999,40.63626]]},"properties":{"routes":["D"],"direction":"N","colors":["#EB6800"],"colorCount":1,"color0":"#EB6800","color1":"","color2":""}},{"type":"Feature","geometry":{"type":"LineString","coordinates":[[-73.99479099999999,40.63626],[-73.99479099999999,40.63626],[-73.994373,40.63952],[-73.994367,40.639569],[-73.994362,40.639618],[-73.994357,40.639666],[-73.994352,40.639712],[-73.99434799999999,40.639758],[-73.99434399999998,40.639803],[-73.99433999999998,40.639847],[-73.994336,40.63989],[-73.994333,40.639933],[-73.99433,40.639973999999995],[-73.994327,40.640014],[-73.994325,40.640054],[-73.99432299999998,40.640093],[-73.994321,40.64013],[-73.99431999999999,40.640167000000005],[-73.994304,40.640914]]},"properties":{"routes":["D"],"direction":"N","colors":["#EB6800"],"colorCount":1,"color0":"#EB6800","color1":"","color2":""}},{"type":"Feature","geometry":{"type":"LineString","coordinates":[[-73.994304,40.640914],[-73.994304,40.640914],[-73.994266,40.643022],[-73.994263,40.643071],[-73.994257,40.643119],[-73.99424799999998,40.643166],[-73.994237,40.643213],[-73.994223,40.643258],[-73.994206,40.643302999999996],[-73.994186,40.643347],[-73.994163,40.64338999999999],[-73.994138,40.643432999999995],[-73.99411,40.643474],[-73.994079,40.643515],[-73.994046,40.643555],[-73.994009,40.643594],[-73.99397,40.643633],[-73.993928,40.64367],[-73.993035,40.644487000000005],[-73.992967,40.644565],[-73.99290999999998,40.644643],[-73.992865,40.64472],[-73.992832,40.64479800000001],[-73.99281099999999,40.644875000000006],[-73.992801,40.644952],[-73.992803,40.645029],[-73.992816,40.645105],[-73.992841,40.645182],[-73.992878,40.645258],[-73.992927,40.645334000000005],[-73.99298699999999,40.64541],[-73.993058,40.645485],[-73.99314199999999,40.645561],[-73.99323699999998,40.645636],[-73.99432399999999,40.646292]]},"properties":{"routes":["D"],"direction":"N","colors":["#EB6800"],"colorCount":1,"color0":"#EB6800","color1":"","color2":""}},{"type":"Feature","geometry":{"type":"LineString","coordinates":[[-73.99432399999999,40.646292],[-73.99432399999999,40.646292],[-73.998756,40.648984],[-73.99877,40.64899200000001],[-73.99878399999999,40.649001],[-73.998798,40.649009],[-73.998813,40.649017],[-73.998827,40.649025],[-73.998842,40.649033],[-73.998857,40.649041],[-73.998873,40.649049],[-73.998888,40.649057000000006],[-73.998904,40.649064],[-73.99892,40.649072],[-73.998936,40.64908],[-73.998952,40.649087],[-73.998968,40.649095],[-73.998985,40.649102],[-73.99925099999999,40.649221],[-73.999267,40.649228],[-73.999282,40.649235],[-73.99929799999998,40.649243],[-73.999314,40.649249999999995],[-73.99932999999999,40.649258],[-73.999346,40.64926599999999],[-73.999362,40.649275],[-73.999378,40.649283],[-73.999395,40.649292],[-73.999411,40.649301],[-73.99942799999998,40.64931],[-73.999444,40.64932],[-73.999461,40.649329],[-73.999478,40.649339],[-73.999495,40.649349],[-74.005152,40.652741],[-74.00518090597681,40.652761087204226],[-74.00524496362013,40.65280729462788],[-74.00531210511099,40.65285999841617],[-74.00537788529802,40.652917561223035],[-74.00543785902981,40.65297834570231],[-74.00548758115498,40.653040714507895],[-74.0055226065221,40.65310303029364],[-74.00553848997981,40.65316365571343],[-74.0055307863767,40.65322095342114],[-74.00549505056136,40.65327328607066]]},"properties":{"routes":["D"],"direction":"N","colors":["#EB6800"],"colorCount":1,"color0":"#EB6800","color1":"","color2":""}},{"type":"Feature","geometry":{"type":"LineString","coordinates":[[-74.005672,40.65310300000001],[-74.005194,40.653563],[-74.003549,40.65514399999999]]},"properties":{"routes":["D","N","R"],"direction":"N","colors":["#EB6800","#F6BC26"],"colorCount":2,"color0":"#EB6800","color1":"#F6BC26","color2":""}},{"type":"Feature","geometry":{"type":"LineString","coordinates":[[-74.003549,40.65514399999999],[-74.003549,40.65514399999999],[-73.998091,40.660397]]},"properties":{"routes":["D","N","R"],"direction":"N","colors":["#EB6800","#F6BC26"],"colorCount":2,"color0":"#EB6800","color1":"#F6BC26","color2":""}},{"type":"Feature","geometry":{"type":"LineString","coordinates":[[-73.998091,40.660397],[-73.998091,40.660397],[-73.992872,40.665414]]},"properties":{"routes":["D","N","R"],"direction":"N","colors":["#EB6800","#F6BC26"],"colorCount":2,"color0":"#EB6800","color1":"#F6BC26","color2":""}},{"type":"Feature","geometry":{"type":"LineString","coordinates":[[-73.992872,40.665414],[-73.992872,40.665414],[-73.992838,40.665448],[-73.992804,40.665483],[-73.992772,40.665517],[-73.992739,40.665552],[-73.99270699999998,40.665586],[-73.992675,40.66562],[-73.992644,40.66565500000001],[-73.992612,40.665689],[-73.992582,40.665724],[-73.99255099999999,40.665758],[-73.992521,40.665792],[-73.992491,40.665827],[-73.992462,40.665861],[-73.992433,40.665896],[-73.992403,40.66593],[-73.988302,40.670847]]},"properties":{"routes":["D","N","R"],"direction":"N","colors":["#EB6800","#F6BC26"],"colorCount":2,"color0":"#EB6800","color1":"#F6BC26","color2":""}},{"type":"Feature","geometry":{"type":"LineString","coordinates":[[-73.988302,40.670847],[-73.988302,40.670847],[-73.984193,40.675775],[-73.984147,40.675831],[-73.984102,40.675887],[-73.98405899999999,40.675942],[-73.984016,40.675997],[-73.983975,40.67605],[-73.983934,40.676104],[-73.983895,40.676156],[-73.983857,40.676208],[-73.98382,40.676258999999995],[-73.983785,40.676309],[-73.98374999999999,40.676359],[-73.983717,40.676408],[-73.983684,40.676457],[-73.98365299999999,40.676505],[-73.983623,40.676552],[-73.98310999999998,40.677316]]},"properties":{"routes":["D","N","R"],"direction":"N","colors":["#EB6800","#F6BC26"],"colorCount":2,"color0":"#EB6800","color1":"#F6BC26","color2":""}},{"type":"Feature","geometry":{"type":"LineString","coordinates":[[-73.98310999999998,40.677316],[-73.98310999999998,40.677316],[-73.97881,40.683666]]},"properties":{"routes":["D","N","R"],"direction":"N","colors":["#EB6800","#F6BC26"],"colorCount":2,"color0":"#EB6800","color1":"#F6BC26","color2":""}},{"type":"Feature","geometry":{"type":"LineString","coordinates":[[-73.97881,40.683666],[-73.97881,40.683666],[-73.978198,40.684598],[-73.978169,40.684641],[-73.978143,40.684683],[-73.978118,40.684726],[-73.978096,40.684769],[-73.978075,40.684811],[-73.97805699999999,40.684854],[-73.97804,40.684897],[-73.978026,40.684939],[-73.978014,40.684982],[-73.978003,40.685024],[-73.977995,40.685067],[-73.977988,40.68511],[-73.977984,40.685152],[-73.977981,40.685195],[-73.97797999999999,40.685237],[-73.9783013529481,40.687427952661565],[-73.97830797013044,40.687488915897575],[-73.97831233280307,40.687553376637396],[-73.9783169758873,40.68761937669582],[-73.97832443430447,40.687684957887555],[-73.97833724297593,40.68774816202734],[-73.97835793682296,40.68780703092993],[-73.97838905076695,40.68785960641006],[-73.9784331197292,40.68790393028246],[-73.97849267863107,40.6879380443619]]},"properties":{"routes":["D","N","R"],"direction":"N","colors":["#EB6800","#F6BC26"],"colorCount":2,"color0":"#EB6800","color1":"#F6BC26","color2":""}},{"type":"Feature","geometry":{"type":"LineString","coordinates":[[-73.88713799999998,40.87324399999999],[-73.88713799999998,40.87324399999999],[-73.887104,40.873289],[-73.887068,40.873335],[-73.88703299999999,40.873382],[-73.886998,40.87343],[-73.88696399999999,40.873479],[-73.88693,40.873529],[-73.886897,40.87358],[-73.886865,40.87363199999999],[-73.886833,40.87368500000001],[-73.886802,40.87374],[-73.886771,40.873795],[-73.88674,40.873852],[-73.886711,40.873909],[-73.886682,40.873967],[-73.886653,40.874027],[-73.885853,40.875843],[-73.885744,40.87606],[-73.88562299999998,40.876254],[-73.885491,40.876425],[-73.885348,40.87657299999999],[-73.885193,40.876698],[-73.885028,40.876801],[-73.884851,40.876881],[-73.884662,40.876938],[-73.884463,40.876972],[-73.884252,40.876983],[-73.88403,40.876972],[-73.883797,40.876938],[-73.88355299999999,40.876881],[-73.883297,40.876801],[-73.88302899999998,40.876698999999995],[-73.878856,40.874811]]},"properties":{"routes":["D"],"direction":"N","colors":["#EB6800"],"colorCount":1,"color0":"#EB6800","color1":"","color2":""}},{"type":"Feature","geometry":{"type":"LineString","coordinates":[[-73.87885499999999,40.874811],[-73.88302899999998,40.876698999999995],[-73.883297,40.876801],[-73.88355299999999,40.876881],[-73.883797,40.876938],[-73.88403,40.876972],[-73.884252,40.876983],[-73.884463,40.876972],[-73.884662,40.876938],[-73.884851,40.876881],[-73.885028,40.876801],[-73.885193,40.876698],[-73.885348,40.87657299999999],[-73.885491,40.876425],[-73.88562299999998,40.876254],[-73.885744,40.87606],[-73.885853,40.875843],[-73.886653,40.874027],[-73.886682,40.873967],[-73.886711,40.873909],[-73.88674,40.873852],[-73.886771,40.873795],[-73.886802,40.87374],[-73.886833,40.87368500000001],[-73.886865,40.87363199999999],[-73.886897,40.87358],[-73.88693,40.873529],[-73.88696399999999,40.873479],[-73.886998,40.87343],[-73.88703299999999,40.873382],[-73.887068,40.873335],[-73.887104,40.873289],[-73.88713799999998,40.87324399999999]]},"properties":{"routes":["D"],"direction":"S","colors":["#EB6800"],"colorCount":1,"color0":"#EB6800","color1":"","color2":""}},{"type":"Feature","geometry":{"type":"LineString","coordinates":[[-73.97849142378755,40.68793729748063],[-73.97843189726866,40.68790312850929],[-73.97838792532323,40.687858744239],[-73.97835695462264,40.68780610515125],[-73.97833643183827,40.68774717172756],[-73.97832380364156,40.68768390444944],[-73.97831651670384,40.687618263798406],[-73.97831201769658,40.68755221025596],[-73.9783077532911,40.687487704303614],[-73.97830117015889,40.687426706422876],[-73.97797999999999,40.685237],[-73.977981,40.685195],[-73.977984,40.685152],[-73.977988,40.68511],[-73.977995,40.685067],[-73.978003,40.685024],[-73.978014,40.684982],[-73.978026,40.684939],[-73.97804,40.684897],[-73.97805699999999,40.684854],[-73.978075,40.684811],[-73.978096,40.684769],[-73.978118,40.684726],[-73.978143,40.684683],[-73.978169,40.684641],[-73.978198,40.684598],[-73.97881,40.683666]]},"properties":{"routes":["D","N","R"],"direction":"S","colors":["#EB6800","#F6BC26"],"colorCount":2,"color0":"#EB6800","color1":"#F6BC26","color2":""}},{"type":"Feature","geometry":{"type":"LineString","coordinates":[[-73.98310999999998,40.677316],[-73.98310999999998,40.677316],[-73.983623,40.676552],[-73.98365299999999,40.676505],[-73.983684,40.676457],[-73.983717,40.676408],[-73.98374999999999,40.676359],[-73.983785,40.676309],[-73.98382,40.676258999999995],[-73.983857,40.676208],[-73.983895,40.676156],[-73.983934,40.676104],[-73.983975,40.67605],[-73.984016,40.675997],[-73.98405899999999,40.675942],[-73.984102,40.675887],[-73.984147,40.675831],[-73.984193,40.675775],[-73.988302,40.670847]]},"properties":{"routes":["D","N","R"],"direction":"S","colors":["#EB6800","#F6BC26"],"colorCount":2,"color0":"#EB6800","color1":"#F6BC26","color2":""}},{"type":"Feature","geometry":{"type":"LineString","coordinates":[[-73.97881,40.683666],[-73.97881,40.683666],[-73.98310999999998,40.677316]]},"properties":{"routes":["D","N","R"],"direction":"S","colors":["#EB6800","#F6BC26"],"colorCount":2,"color0":"#EB6800","color1":"#F6BC26","color2":""}},{"type":"Feature","geometry":{"type":"LineString","coordinates":[[-73.998091,40.660397],[-73.998091,40.660397],[-74.003549,40.65514399999999]]},"properties":{"routes":["D","N","R"],"direction":"S","colors":["#EB6800","#F6BC26"],"colorCount":2,"color0":"#EB6800","color1":"#F6BC26","color2":""}},{"type":"Feature","geometry":{"type":"LineString","coordinates":[[-73.988302,40.670847],[-73.988302,40.670847],[-73.992403,40.66593],[-73.992433,40.665896],[-73.992462,40.665861],[-73.992491,40.665827],[-73.992521,40.665792],[-73.99255099999999,40.665758],[-73.992582,40.665724],[-73.992612,40.665689],[-73.992644,40.66565500000001],[-73.992675,40.66562],[-73.99270699999998,40.665586],[-73.992739,40.665552],[-73.992772,40.665517],[-73.992804,40.665483],[-73.992838,40.665448],[-73.992872,40.665414]]},"properties":{"routes":["D","N","R"],"direction":"S","colors":["#EB6800","#F6BC26"],"colorCount":2,"color0":"#EB6800","color1":"#F6BC26","color2":""}},{"type":"Feature","geometry":{"type":"LineString","coordinates":[[-73.992872,40.665414],[-73.992872,40.665414],[-73.998091,40.660397]]},"properties":{"routes":["D","N","R"],"direction":"S","colors":["#EB6800","#F6BC26"],"colorCount":2,"color0":"#EB6800","color1":"#F6BC26","color2":""}},{"type":"Feature","geometry":{"type":"LineString","coordinates":[[-74.003549,40.65514399999999],[-74.003549,40.65514399999999],[-74.005194,40.653563],[-74.005605,40.65316800000001]]},"properties":{"routes":["D","N","R"],"direction":"S","colors":["#EB6800","#F6BC26"],"colorCount":2,"color0":"#EB6800","color1":"#F6BC26","color2":""}},{"type":"Feature","geometry":{"type":"LineString","coordinates":[[-74.0054489463715,40.65331797854807],[-74.00548531280083,40.65326791265123],[-74.00549928192243,40.65321229745977],[-74.00549406050561,40.65315278458726],[-74.00547285531975,40.65309102564734],[-74.00543887313414,40.653028672253576],[-74.00539532071818,40.652967376019575],[-74.00534540484117,40.65290878855891],[-74.00529233227249,40.6528545614852],[-74.00523930978143,40.65280634641203],[-74.005211,40.652781999999995],[-74.005152,40.652741],[-73.999495,40.649349],[-73.999478,40.649339],[-73.999461,40.649329],[-73.999444,40.64932],[-73.99942799999998,40.64931],[-73.999411,40.649301],[-73.999395,40.649292],[-73.999378,40.649283],[-73.999362,40.649275],[-73.999346,40.64926599999999],[-73.99932999999999,40.649258],[-73.999314,40.649249999999995],[-73.99929799999998,40.649243],[-73.999282,40.649235],[-73.999267,40.649228],[-73.99925099999999,40.649221],[-73.998985,40.649102],[-73.998968,40.649095],[-73.998952,40.649087],[-73.998936,40.64908],[-73.99892,40.649072],[-73.998904,40.649064],[-73.998888,40.649057000000006],[-73.998873,40.649049],[-73.998857,40.649041],[-73.998842,40.649033],[-73.998827,40.649025],[-73.998813,40.649017],[-73.998798,40.649009],[-73.99878399999999,40.649001],[-73.99877,40.64899200000001],[-73.998756,40.648984],[-73.99432399999999,40.646292]]},"properties":{"routes":["D"],"direction":"S","colors":["#EB6800"],"colorCount":1,"color0":"#EB6800","color1":"","color2":""}},{"type":"Feature","geometry":{"type":"LineString","coordinates":[[-73.99432399999999,40.646292],[-73.99432399999999,40.646292],[-73.99323699999998,40.645636],[-73.99314199999999,40.645561],[-73.993058,40.645485],[-73.99298699999999,40.64541],[-73.992927,40.645334000000005],[-73.992878,40.645258],[-73.992841,40.645182],[-73.992816,40.645105],[-73.992803,40.645029],[-73.992801,40.644952],[-73.99281099999999,40.644875000000006],[-73.992832,40.64479800000001],[-73.992865,40.64472],[-73.99290999999998,40.644643],[-73.992967,40.644565],[-73.993035,40.644487000000005],[-73.993928,40.64367],[-73.99397,40.643633],[-73.994009,40.643594],[-73.994046,40.643555],[-73.994046,40.643555],[-73.994079,40.643515],[-73.99411,40.643474],[-73.994138,40.643432999999995],[-73.994163,40.64338999999999],[-73.994186,40.643347],[-73.994206,40.643302999999996],[-73.994223,40.643258],[-73.994237,40.643213],[-73.99424799999998,40.643166],[-73.994257,40.643119],[-73.994263,40.643071],[-73.994266,40.643022],[-73.994304,40.640914]]},"properties":{"routes":["D"],"direction":"S","colors":["#EB6800"],"colorCount":1,"color0":"#EB6800","color1":"","color2":""}},{"type":"Feature","geometry":{"type":"LineString","coordinates":[[-73.994304,40.640914],[-73.994304,40.640914],[-73.99431999999999,40.640167000000005],[-73.994321,40.64013],[-73.99432299999998,40.640093],[-73.994325,40.640054],[-73.994327,40.640014],[-73.99433,40.639973999999995],[-73.994333,40.639933],[-73.994336,40.63989],[-73.99433999999998,40.639847],[-73.99434399999998,40.639803],[-73.99434799999999,40.639758],[-73.994352,40.639712],[-73.994357,40.639666],[-73.994362,40.639618],[-73.994367,40.639569],[-73.994373,40.63952],[-73.99479099999999,40.63626]]},"properties":{"routes":["D"],"direction":"S","colors":["#EB6800"],"colorCount":1,"color0":"#EB6800","color1":"","color2":""}},{"type":"Feature","geometry":{"type":"LineString","coordinates":[[-73.99479099999999,40.63626],[-73.99479099999999,40.63626],[-73.995292,40.632328],[-73.9953,40.632265],[-73.99531,40.63220299999999],[-73.99532,40.632141],[-73.99533,40.632079],[-73.995341,40.632018],[-73.995353,40.631958],[-73.995365,40.631898],[-73.995377,40.631838],[-73.99539,40.631779],[-73.995403,40.631721],[-73.995417,40.631662999999996],[-73.995431,40.631605],[-73.995446,40.631548],[-73.995461,40.631491],[-73.995476,40.631435]]},"properties":{"routes":["D"],"direction":"S","colors":["#EB6800"],"colorCount":1,"color0":"#EB6800","color1":"","color2":""}},{"type":"Feature","geometry":{"type":"LineString","coordinates":[[-73.995476,40.631435],[-73.995476,40.631435],[-73.996895,40.626472]]},"properties":{"routes":["D"],"direction":"S","colors":["#EB6800"],"colorCount":1,"color0":"#EB6800","color1":"","color2":""}},{"type":"Feature","geometry":{"type":"LineString","coordinates":[[-73.996895,40.626472],[-73.996895,40.626472],[-73.998864,40.619589]]},"properties":{"routes":["D"],"direction":"S","colors":["#EB6800"],"colorCount":1,"color0":"#EB6800","color1":"","color2":""}},{"type":"Feature","geometry":{"type":"LineString","coordinates":[[-73.998864,40.619589],[-73.998864,40.619589],[-74.00060999999998,40.61350099999999]]},"properties":{"routes":["D"],"direction":"S","colors":["#EB6800"],"colorCount":1,"color0":"#EB6800","color1":"","color2":""}},{"type":"Feature","geometry":{"type":"LineString","coordinates":[[-74.00060999999998,40.61350099999999],[-74.00060999999998,40.61350099999999],[-74.001762,40.609472],[-74.001774,40.60943100000001],[-74.001785,40.609389],[-74.001796,40.609348],[-74.001805,40.609306999999994],[-74.001813,40.609266],[-74.00182,40.609225],[-74.001826,40.609184],[-74.001831,40.609144],[-74.001836,40.609103],[-74.00183899999999,40.609062],[-74.00184099999998,40.609022],[-74.00184199999998,40.608981],[-74.001843,40.608941],[-74.00184199999998,40.6089],[-74.00184,40.60885999999999],[-74.001736,40.607954]]},"properties":{"routes":["D"],"direction":"S","colors":["#EB6800"],"colorCount":1,"color0":"#EB6800","color1":"","color2":""}},{"type":"Feature","geometry":{"type":"LineString","coordinates":[[-74.001736,40.607954],[-74.001736,40.607954],[-74.001634,40.60709],[-74.001618,40.607025],[-74.001599,40.60696099999999],[-74.001576,40.606899],[-74.001549,40.606839],[-74.001518,40.60678],[-74.001484,40.606722],[-74.001446,40.606666],[-74.001405,40.606612],[-74.001359,40.606559],[-74.00131,40.60650799999999],[-74.00125799999999,40.606458],[-74.001201,40.606409],[-74.001141,40.606362],[-74.001077,40.60631699999999],[-74.00101,40.606273],[-73.998168,40.604556]]},"properties":{"routes":["D"],"direction":"S","colors":["#EB6800"],"colorCount":1,"color0":"#EB6800","color1":"","color2":""}},{"type":"Feature","geometry":{"type":"LineString","coordinates":[[-73.998168,40.604556],[-73.998168,40.604556],[-73.993728,40.601875]]},"properties":{"routes":["D"],"direction":"S","colors":["#EB6800"],"colorCount":1,"color0":"#EB6800","color1":"","color2":""}},{"type":"Feature","geometry":{"type":"LineString","coordinates":[[-73.993728,40.601875],[-73.993728,40.601875],[-73.98682899999999,40.597704]]},"properties":{"routes":["D"],"direction":"S","colors":["#EB6800"],"colorCount":1,"color0":"#EB6800","color1":"","color2":""}},{"type":"Feature","geometry":{"type":"LineString","coordinates":[[-73.98682899999999,40.597704],[-73.98682899999999,40.597704],[-73.985672,40.597],[-73.985618,40.596965],[-73.985567,40.596929],[-73.98551899999998,40.596892],[-73.985474,40.596854],[-73.985433,40.59681400000001],[-73.985394,40.596774],[-73.985359,40.596732],[-73.985328,40.596689],[-73.985299,40.596646],[-73.985274,40.596601],[-73.985251,40.596555],[-73.985232,40.596507],[-73.98521699999999,40.596459],[-73.985204,40.59641],[-73.985196,40.59635900000001],[-73.983765,40.588841]]},"properties":{"routes":["D"],"direction":"S","colors":["#EB6800"],"colorCount":1,"color0":"#EB6800","color1":"","color2":""}},{"type":"Feature","geometry":{"type":"LineString","coordinates":[[-73.983765,40.588841],[-73.983765,40.588841],[-73.983459,40.587245],[-73.983449,40.587208999999994],[-73.983436,40.587172],[-73.98342,40.58713600000001],[-73.983399,40.5871],[-73.983376,40.58706500000001],[-73.983348,40.587029],[-73.983318,40.586994],[-73.983283,40.586958],[-73.983246,40.586923],[-73.983204,40.586889],[-73.98316,40.586854],[-73.983111,40.586819000000006],[-73.98305899999998,40.586785],[-73.98300399999998,40.586751],[-73.982945,40.586717],[-73.98262,40.586543],[-73.982548,40.586499999999994],[-73.982476,40.586454],[-73.982405,40.586403],[-73.98233399999998,40.586349],[-73.982263,40.586290999999996],[-73.982191,40.586229],[-73.98212,40.586163000000006],[-73.98205,40.586093999999996],[-73.98197899999998,40.58602],[-73.98190799999999,40.585943],[-73.981837,40.585862],[-73.981767,40.585776],[-73.981696,40.585687],[-73.981625,40.585595],[-73.981556,40.585497],[-73.981289,40.585098],[-73.981109,40.584801],[-73.981088,40.584764],[-73.981068,40.584726999999994],[-73.98104899999998,40.584689],[-73.981031,40.584652],[-73.981014,40.584614],[-73.980998,40.584576],[-73.980982,40.584538],[-73.980968,40.5845],[-73.980954,40.584461],[-73.980941,40.584423],[-73.98093,40.584384],[-73.980919,40.58434499999999],[-73.980909,40.584306],[-73.980899,40.584267],[-73.980891,40.584227],[-73.980836,40.583929],[-73.98083,40.58388999999999],[-73.980824,40.583851],[-73.980819,40.583812],[-73.980815,40.583774],[-73.980812,40.583735],[-73.980809,40.583697],[-73.980807,40.583659],[-73.98080499999999,40.583621],[-73.98080499999999,40.583583],[-73.980804,40.583546],[-73.98080499999999,40.583509],[-73.980806,40.583471],[-73.980808,40.583434],[-73.980811,40.583398],[-73.980814,40.583361],[-73.98083380972041,40.58318429729388],[-73.98082701172937,40.58311668089993],[-73.98079622569627,40.583050866944376],[-73.98074895414747,40.582986439967456],[-73.98069269960948,40.58292298450939],[-73.98063496460868,40.58286008511041],[-73.98058325167152,40.58279732631075],[-73.98054506332444,40.5827342926506],[-73.98052790209388,40.582670568670224],[-73.98053927050627,40.58260573890983]]},"properties":{"routes":["D"],"direction":"S","colors":["#EB6800"],"colorCount":1,"color0":"#EB6800","color1":"","color2":""}},{"type":"Feature","geometry":{"type":"LineString","coordinates":[[-73.980531,40.582625],[-73.980756,40.58210100000001],[-73.980766,40.582075],[-73.98077699999999,40.582049999999995],[-73.980789,40.582024],[-73.98080099999999,40.581998],[-73.980814,40.581972],[-73.980827,40.581946],[-73.980841,40.581920000000004],[-73.980855,40.581894],[-73.98086999999998,40.581868],[-73.980885,40.581841],[-73.980901,40.581815],[-73.980917,40.581789],[-73.980933,40.581762],[-73.98095,40.581736],[-73.980968,40.581709],[-73.980983,40.581685],[-73.980998,40.58165999999999],[-73.981013,40.581635],[-73.98102799999998,40.581608],[-73.981044,40.58158100000001],[-73.98105899999999,40.581553],[-73.981075,40.581525],[-73.981091,40.581495],[-73.98110699999998,40.581464999999994],[-73.981123,40.581434],[-73.98114,40.58140199999999],[-73.981156,40.58137],[-73.981173,40.58133699999999],[-73.98119,40.581303],[-73.981208,40.581267999999994],[-73.981364,40.580914],[-73.981377,40.580885],[-73.98138999999999,40.580855],[-73.981401,40.580826],[-73.981412,40.580796],[-73.981421,40.580765],[-73.981429,40.580735],[-73.98143699999999,40.580704],[-73.98144299999998,40.580672],[-73.981448,40.580641],[-73.981453,40.580609],[-73.981456,40.580576],[-73.981458,40.580544],[-73.98146,40.580511],[-73.98146,40.58047800000001],[-73.98146,40.580445],[-73.981373,40.579126],[-73.981372,40.57909900000001],[-73.98137,40.579072],[-73.981369,40.57904599999999],[-73.98136799999999,40.57902],[-73.981367,40.57899299999999],[-73.981367,40.578968],[-73.98136799999999,40.578942],[-73.98136799999999,40.57891599999999],[-73.98137,40.578891],[-73.981371,40.578866],[-73.981373,40.578841],[-73.981376,40.578816],[-73.981379,40.578792],[-73.98138199999998,40.578767],[-73.98138599999999,40.578743],[-73.98139199999999,40.578716],[-73.981398,40.578688],[-73.981403,40.57866],[-73.981407,40.578632],[-73.98141,40.578604],[-73.981413,40.57857500000001],[-73.981414,40.578546],[-73.981415,40.578517999999995],[-73.98141599999998,40.578488],[-73.981415,40.578459],[-73.981414,40.578429],[-73.981412,40.5784],[-73.981409,40.57837],[-73.981405,40.578339],[-73.981401,40.578309],[-73.981233,40.577422]]},"properties":{"routes":["D","N"],"direction":"S","colors":["#EB6800","#F6BC26"],"colorCount":2,"color0":"#EB6800","color1":"#F6BC26","color2":""}},{"type":"Feature","geometry":{"type":"LineString","coordinates":[[-73.98507249429173,40.76370664123933],[-73.98502611820172,40.76375246058804],[-73.98496579071094,40.763785819205836],[-73.98489420207275,40.76380873384011],[-73.98481404254046,40.76382322123822],[-73.98472800236739,40.76383129814755],[-73.98463877180689,40.7638349813155],[-73.98454904111222,40.76383628748945],[-73.98446150053678,40.76383723341675],[-73.98437884033383,40.7638398358448],[-73.98433699999998,40.763842],[-73.984216,40.763838],[-73.984092,40.763825],[-73.984082,40.763823]]},"properties":{"routes":["E"],"direction":"N","colors":["#0062CF"],"colorCount":1,"color0":"#0062CF","color1":"","color2":""}},{"type":"Feature","geometry":{"type":"LineString","coordinates":[[-73.979354,40.7619],[-73.978627,40.761596]]},"properties":{"routes":["E"],"direction":"N","colors":["#0062CF"],"colorCount":1,"color0":"#0062CF","color1":"","color2":""}},{"type":"Feature","geometry":{"type":"LineString","coordinates":[[-73.978627,40.761596],[-73.976697,40.760789],[-73.975224,40.760167]]},"properties":{"routes":["E","F"],"direction":"N","colors":["#0062CF","#EB6800"],"colorCount":2,"color0":"#0062CF","color1":"#EB6800","color2":""}},{"type":"Feature","geometry":{"type":"LineString","coordinates":[[-73.975224,40.760167],[-73.975224,40.760167],[-73.969055,40.757552]]},"properties":{"routes":["E","F"],"direction":"N","colors":["#0062CF","#EB6800"],"colorCount":2,"color0":"#0062CF","color1":"#EB6800","color2":""}},{"type":"Feature","geometry":{"type":"LineString","coordinates":[[-73.969055,40.757552],[-73.969055,40.757552],[-73.962705,40.754872],[-73.96263,40.754839000000004],[-73.96255499999998,40.754803],[-73.962481,40.754767],[-73.962407,40.75473],[-73.962335,40.75469300000001],[-73.962264,40.754655],[-73.96219399999998,40.754617],[-73.962124,40.754577000000005],[-73.962056,40.754538],[-73.961989,40.754497],[-73.961923,40.754456],[-73.96185699999998,40.754414],[-73.961793,40.754372],[-73.961729,40.754329],[-73.961669,40.754285],[-73.957251,40.751182],[-73.95691599999999,40.750975],[-73.956583,40.750778],[-73.956251,40.750591],[-73.95592,40.750413],[-73.95559,40.750244],[-73.955261,40.750085],[-73.95493299999998,40.749935],[-73.954605,40.749795],[-73.954279,40.74966400000001],[-73.95395399999998,40.749543],[-73.953629,40.74942999999999],[-73.953305,40.749328],[-73.952983,40.749234],[-73.952661,40.749151],[-73.952344,40.749075],[-73.946,40.747846]]},"properties":{"routes":["E","F"],"direction":"N","colors":["#0062CF","#EB6800"],"colorCount":2,"color0":"#0062CF","color1":"#EB6800","color2":""}},{"type":"Feature","geometry":{"type":"LineString","coordinates":[[-73.946,40.747846],[-73.946,40.747846],[-73.943479,40.747357],[-73.943338,40.747329],[-73.943199,40.74730600000001],[-73.943063,40.747287],[-73.94292699999998,40.747273],[-73.942794,40.747264],[-73.942663,40.74725899999999],[-73.942533,40.747258],[-73.942405,40.747263000000004],[-73.942279,40.747272],[-73.942155,40.747285],[-73.942033,40.747303],[-73.941913,40.747325999999994],[-73.941794,40.747353],[-73.941678,40.747384999999994],[-73.94156299999999,40.747421],[-73.940643,40.747751]]},"properties":{"routes":["E","F"],"direction":"N","colors":["#0062CF","#EB6800"],"colorCount":2,"color0":"#0062CF","color1":"#EB6800","color2":""}},{"type":"Feature","geometry":{"type":"LineString","coordinates":[[-73.940643,40.747751],[-73.93978,40.748061],[-73.937243,40.748973]]},"properties":{"routes":["E","F","R"],"direction":"N","colors":["#0062CF","#EB6800","#F6BC26"],"colorCount":3,"color0":"#0062CF","color1":"#EB6800","color2":"#F6BC26"}},{"type":"Feature","geometry":{"type":"LineString","coordinates":[[-73.937243,40.748973],[-73.937243,40.748973],[-73.93717,40.748999],[-73.93709899999999,40.749025],[-73.93703,40.749054],[-73.936963,40.749083000000006],[-73.93689699999999,40.749114],[-73.936834,40.749145999999996],[-73.93677199999999,40.74918],[-73.936712,40.74921500000001],[-73.936655,40.749251],[-73.936599,40.74928799999999],[-73.936544,40.749327],[-73.936492,40.749367],[-73.936442,40.749407999999995],[-73.936394,40.749451],[-73.936347,40.749495],[-73.93560588977795,40.75018404610411],[-73.93556051259107,40.75022685209513],[-73.93551580849322,40.750270064835924],[-73.93547158128915,40.750313565707266],[-73.93542763478368,40.7503572360899],[-73.93538377278159,40.750400957364576],[-73.93533979908769,40.750444610912055],[-73.93529551750674,40.7504880781131],[-73.93525073184357,40.75053124034847],[-73.93520524590295,40.75057397899892]]},"properties":{"routes":["E","F","N","R","W"],"direction":"N","colors":["#0062CF","#EB6800","#F6BC26"],"colorCount":3,"color0":"#0062CF","color1":"#EB6800","color2":"#F6BC26"}},{"type":"Feature","geometry":{"type":"LineString","coordinates":[[-73.935256,40.750527000000005],[-73.935135,40.750639],[-73.935097,40.750674],[-73.935059,40.750709],[-73.93502099999999,40.750743],[-73.934984,40.75077700000001],[-73.934946,40.75081],[-73.934908,40.750842],[-73.934871,40.750874],[-73.934833,40.750906],[-73.934796,40.750936],[-73.93475899999999,40.750966],[-73.934721,40.750996],[-73.93468399999999,40.751025],[-73.934647,40.75105299999999],[-73.93461,40.751081],[-73.934573,40.751107999999995],[-73.934101,40.751406],[-73.934061,40.751431],[-73.934022,40.751458],[-73.933984,40.751485],[-73.933946,40.751513],[-73.933908,40.751542],[-73.933872,40.751572],[-73.933836,40.751602],[-73.9338,40.751633999999996],[-73.93376599999999,40.751666],[-73.93373099999998,40.7517],[-73.933698,40.751734],[-73.93368599999998,40.751747]]},"properties":{"routes":["E","F","M","N","R","W"],"direction":"N","colors":["#0062CF","#EB6800","#F6BC26"],"colorCount":3,"color0":"#0062CF","color1":"#EB6800","color2":"#F6BC26"}},{"type":"Feature","geometry":{"type":"LineString","coordinates":[[-73.93368599999998,40.751747],[-73.93362702974927,40.751791946561056],[-73.9335540176452,40.75181898142944],[-73.93346988410978,40.75183206889532],[-73.93337754956497,40.75183517324889],[-73.9332799344328,40.75183225878034],[-73.93317995913526,40.751827289779875],[-73.93308054409434,40.75182423053767],[-73.93298460973203,40.7518270453439],[-73.93289507647036,40.75183969848878],[-73.932713,40.75188],[-73.932452,40.751924],[-73.932184,40.751957],[-73.931908,40.751979],[-73.931627,40.75199],[-73.928782,40.752039]]},"properties":{"routes":["E","F","M","R"],"direction":"N","colors":["#0062CF","#EB6800","#F6BC26"],"colorCount":3,"color0":"#0062CF","color1":"#EB6800","color2":"#F6BC26"}},{"type":"Feature","geometry":{"type":"LineString","coordinates":[[-73.928781,40.752039],[-73.928781,40.752039],[-73.926563,40.752074],[-73.92644999999999,40.752078],[-73.926339,40.752083],[-73.926229,40.75209],[-73.92612,40.752098],[-73.926011,40.752108],[-73.925903,40.752119],[-73.925796,40.752132],[-73.92569,40.75214600000001],[-73.925585,40.75216199999999],[-73.92548,40.752179],[-73.925376,40.752197],[-73.925273,40.75221700000001],[-73.925171,40.752239],[-73.92507,40.752262],[-73.924968,40.752285],[-73.924861,40.752311],[-73.924757,40.75234],[-73.924657,40.752373],[-73.92456,40.752411],[-73.924467,40.752452],[-73.924377,40.75249699999999],[-73.924291,40.752545],[-73.924208,40.752598],[-73.924184,40.752615000000006]]},"properties":{"routes":["E","F","M","R"],"direction":"N","colors":["#0062CF","#EB6800","#F6BC26"],"colorCount":3,"color0":"#0062CF","color1":"#EB6800","color2":"#F6BC26"}},{"type":"Feature","geometry":{"type":"LineString","coordinates":[[-73.924184,40.752615000000006],[-73.924129,40.752654],[-73.924054,40.752714],[-73.92398199999998,40.752778],[-73.92391299999998,40.752846],[-73.923848,40.752918],[-73.92378699999999,40.752994],[-73.92372799999998,40.753071999999996],[-73.921565,40.755854],[-73.921555,40.755867],[-73.921546,40.75587900000001],[-73.921535,40.755893],[-73.921525,40.755906],[-73.921515,40.75592],[-73.921504,40.75593400000001],[-73.921493,40.755948],[-73.921481,40.75596199999999],[-73.92147,40.755977],[-73.921458,40.755992],[-73.921446,40.756007],[-73.921433,40.75602299999999],[-73.921421,40.756039],[-73.921408,40.756055],[-73.921395,40.756071],[-73.92074,40.756879]]},"properties":{"routes":["E","F","M","R"],"direction":"N","colors":["#0062CF","#EB6800","#F6BC26"],"colorCount":3,"color0":"#0062CF","color1":"#EB6800","color2":"#F6BC26"}},{"type":"Feature","geometry":{"type":"LineString","coordinates":[[-73.92074,40.756879],[-73.92074,40.756879],[-73.91985,40.757972],[-73.919713,40.758106999999995],[-73.919568,40.758213],[-73.919417,40.758303],[-73.91926199999999,40.758378],[-73.919101,40.758437],[-73.918936,40.75848100000001],[-73.918765,40.75851],[-73.91859,40.758523],[-73.918409,40.75852],[-73.918224,40.758502],[-73.918033,40.758469],[-73.917838,40.75842],[-73.917638,40.758356],[-73.917432,40.758276],[-73.917222,40.75818199999999],[-73.914834,40.757023],[-73.914798,40.757005],[-73.914762,40.756987],[-73.91472599999999,40.756969],[-73.914691,40.756951],[-73.914655,40.756933000000004],[-73.91461899999999,40.756915],[-73.914583,40.756898],[-73.91454699999998,40.75688],[-73.914511,40.756863],[-73.914475,40.756846],[-73.914439,40.756829],[-73.914404,40.756812],[-73.914368,40.756795],[-73.914332,40.756779],[-73.914295,40.756762],[-73.91333299999998,40.756312]]},"properties":{"routes":["E","F","M","R"],"direction":"N","colors":["#0062CF","#EB6800","#F6BC26"],"colorCount":3,"color0":"#0062CF","color1":"#EB6800","color2":"#F6BC26"}},{"type":"Feature","geometry":{"type":"LineString","coordinates":[[-73.91333299999998,40.756312],[-73.91333299999998,40.756312],[-73.908935,40.754245],[-73.906786,40.753221],[-73.906006,40.75288499999999]]},"properties":{"routes":["E","F","M","R"],"direction":"N","colors":["#0062CF","#EB6800","#F6BC26"],"colorCount":3,"color0":"#0062CF","color1":"#EB6800","color2":"#F6BC26"}},{"type":"Feature","geometry":{"type":"LineString","coordinates":[[-73.906263,40.752982],[-73.906141,40.75293800000001],[-73.906006,40.75288499999999],[-73.898702,40.749775]]},"properties":{"routes":["E","F","M","R"],"direction":"N","colors":["#0062CF","#EB6800","#F6BC26"],"colorCount":3,"color0":"#0062CF","color1":"#EB6800","color2":"#F6BC26"}},{"type":"Feature","geometry":{"type":"LineString","coordinates":[[-73.898453,40.749669],[-73.898453,40.749669],[-73.891338,40.746644]]},"properties":{"routes":["E","F","M","R"],"direction":"N","colors":["#0062CF","#EB6800","#F6BC26"],"colorCount":3,"color0":"#0062CF","color1":"#EB6800","color2":"#F6BC26"}},{"type":"Feature","geometry":{"type":"LineString","coordinates":[[-73.891338,40.746644],[-73.891338,40.746644],[-73.885149,40.744006],[-73.885104,40.743987000000004],[-73.885059,40.743967],[-73.885015,40.743948],[-73.884971,40.743928000000004],[-73.884928,40.743909],[-73.884885,40.74389],[-73.884843,40.743871],[-73.884801,40.74385100000001],[-73.88476,40.743832],[-73.884719,40.743813],[-73.88467899999999,40.743793999999994],[-73.884639,40.743775],[-73.88459999999999,40.743756],[-73.884561,40.743737],[-73.884523,40.743718],[-73.882917,40.74293300000001],[-73.882846,40.742897],[-73.88277499999998,40.74286200000001],[-73.882706,40.742827],[-73.882639,40.742792],[-73.882574,40.742759],[-73.88251,40.742726],[-73.882448,40.742693],[-73.882388,40.742661],[-73.88233,40.74263],[-73.882273,40.742599],[-73.882218,40.742569],[-73.882165,40.74253900000001],[-73.882114,40.74251],[-73.882064,40.742481999999995],[-73.882017,40.742454]]},"properties":{"routes":["E","F","M","R"],"direction":"N","colors":["#0062CF","#EB6800","#F6BC26"],"colorCount":3,"color0":"#0062CF","color1":"#EB6800","color2":"#F6BC26"}},{"type":"Feature","geometry":{"type":"LineString","coordinates":[[-73.852719,40.726523],[-73.852719,40.726523],[-73.852538,40.726443],[-73.852359,40.726358],[-73.852185,40.726271],[-73.852015,40.726181],[-73.851849,40.72609],[-73.851688,40.725995],[-73.85153,40.725899],[-73.851377,40.7258],[-73.851228,40.725699],[-73.85108299999999,40.725596],[-73.850942,40.72548999999999],[-73.850805,40.725382],[-73.850673,40.725272],[-73.850544,40.725159000000005],[-73.850418,40.725045],[-73.850252,40.724889],[-73.850084,40.724735],[-73.849912,40.724584],[-73.849736,40.724436000000004],[-73.849556,40.724292],[-73.849372,40.724151],[-73.849184,40.724013],[-73.848993,40.723878],[-73.848797,40.723747],[-73.84859799999998,40.723618],[-73.848394,40.723493],[-73.848187,40.723371],[-73.847975,40.723253],[-73.84776,40.723137],[-73.847541,40.723026],[-73.844521,40.721691]]},"properties":{"routes":["E","F","M","R"],"direction":"N","colors":["#0062CF","#EB6800","#F6BC26"],"colorCount":3,"color0":"#0062CF","color1":"#EB6800","color2":"#F6BC26"}},{"type":"Feature","geometry":{"type":"LineString","coordinates":[[-73.86160399999999,40.729846],[-73.86160399999999,40.729846],[-73.854378,40.727216],[-73.854282,40.727179],[-73.854184,40.727142],[-73.854085,40.727103],[-73.85398299999999,40.727062000000004],[-73.853879,40.727021],[-73.853773,40.726977],[-73.853665,40.726933],[-73.85355399999999,40.726887],[-73.853442,40.726839],[-73.853327,40.726789999999994],[-73.85321,40.72674],[-73.853091,40.726688],[-73.852969,40.726635],[-73.852846,40.72658],[-73.852719,40.726523]]},"properties":{"routes":["E","F","M","R"],"direction":"N","colors":["#0062CF","#EB6800","#F6BC26"],"colorCount":3,"color0":"#0062CF","color1":"#EB6800","color2":"#F6BC26"}},{"type":"Feature","geometry":{"type":"LineString","coordinates":[[-73.877223,40.737015],[-73.877223,40.737015],[-73.877055,40.73671],[-73.87695099999999,40.736514],[-73.876834,40.736327],[-73.876705,40.736148],[-73.876562,40.735976],[-73.876405,40.735811999999996],[-73.87623599999999,40.735655],[-73.87605399999998,40.735507],[-73.875859,40.735365],[-73.87565,40.735232],[-73.875429,40.735106],[-73.875194,40.734988],[-73.874947,40.734877],[-73.87468599999998,40.734775],[-73.87441199999999,40.734679],[-73.874126,40.734593],[-73.870923,40.733648],[-73.870805,40.733614],[-73.870688,40.733579],[-73.870571,40.733544],[-73.870454,40.733509],[-73.870339,40.733473],[-73.870224,40.733437],[-73.870111,40.73340099999999],[-73.86999799999998,40.733365],[-73.869885,40.73332800000001],[-73.869774,40.733292],[-73.86966299999999,40.73325500000001],[-73.869554,40.733218],[-73.869445,40.733181],[-73.86933599999999,40.733144],[-73.869229,40.733106]]},"properties":{"routes":["E","F","M","R"],"direction":"N","colors":["#0062CF","#EB6800","#F6BC26"],"colorCount":3,"color0":"#0062CF","color1":"#EB6800","color2":"#F6BC26"}},{"type":"Feature","geometry":{"type":"LineString","coordinates":[[-73.882017,40.742454],[-73.882017,40.742454],[-73.881945,40.742414999999994],[-73.881874,40.742376],[-73.88180299999999,40.742337],[-73.881732,40.742296],[-73.881662,40.742256],[-73.881592,40.742215],[-73.881523,40.742173],[-73.881453,40.742131],[-73.881384,40.742087999999995],[-73.881316,40.742045],[-73.881247,40.742001],[-73.881179,40.741957],[-73.88111199999999,40.741913],[-73.881044,40.741868],[-73.880977,40.741822000000006],[-73.879422,40.740665],[-73.879357,40.740614],[-73.879295,40.740561],[-73.87923499999998,40.74050600000001],[-73.879175,40.740449],[-73.879117,40.740389],[-73.87906,40.740326],[-73.87900399999998,40.740261],[-73.87895,40.740194],[-73.878897,40.740123999999994],[-73.878845,40.740052],[-73.878794,40.739977],[-73.87874399999998,40.7399],[-73.878696,40.739821],[-73.878649,40.739739],[-73.878602,40.739655],[-73.877223,40.737015]]},"properties":{"routes":["E","F","M","R"],"direction":"N","colors":["#0062CF","#EB6800","#F6BC26"],"colorCount":3,"color0":"#0062CF","color1":"#EB6800","color2":"#F6BC26"}},{"type":"Feature","geometry":{"type":"LineString","coordinates":[[-73.869229,40.733106],[-73.869229,40.733106],[-73.869062,40.733041],[-73.868898,40.732975],[-73.86873699999998,40.732909],[-73.868579,40.732842],[-73.868425,40.732774],[-73.86827399999999,40.732706],[-73.86812699999999,40.732638],[-73.867984,40.732568],[-73.867843,40.732499],[-73.86770699999998,40.732429],[-73.867573,40.732358],[-73.867444,40.732287],[-73.867317,40.732215],[-73.867194,40.732143],[-73.867073,40.73207],[-73.866945,40.731991],[-73.866812,40.731914],[-73.866676,40.731838],[-73.86653499999998,40.731763],[-73.86639,40.731688],[-73.866241,40.731614],[-73.866087,40.731541],[-73.86593,40.731469],[-73.865768,40.731397],[-73.865602,40.731327],[-73.865431,40.731257],[-73.865257,40.731187],[-73.865078,40.731119],[-73.864895,40.731051],[-73.86471,40.730985],[-73.86160399999999,40.729846]]},"properties":{"routes":["E","F","M","R"],"direction":"N","colors":["#0062CF","#EB6800","#F6BC26"],"colorCount":3,"color0":"#0062CF","color1":"#EB6800","color2":"#F6BC26"}},{"type":"Feature","geometry":{"type":"LineString","coordinates":[[-73.844521,40.721691],[-73.844521,40.721691],[-73.841421,40.720314],[-73.841329,40.720274],[-73.841237,40.720234],[-73.841146,40.720194],[-73.84105499999998,40.720153],[-73.840965,40.720112],[-73.840875,40.72007],[-73.840786,40.720028],[-73.840697,40.719986000000006],[-73.840608,40.719943],[-73.84052,40.7199],[-73.840432,40.719857],[-73.840345,40.719813],[-73.840258,40.719769],[-73.840171,40.719725],[-73.840085,40.71968],[-73.837324,40.718331]]},"properties":{"routes":["E","F"],"direction":"N","colors":["#0062CF","#EB6800"],"colorCount":2,"color0":"#0062CF","color1":"#EB6800","color2":""}},{"type":"Feature","geometry":{"type":"LineString","coordinates":[[-73.837324,40.718331],[-73.837324,40.718331],[-73.835753,40.717531],[-73.835607,40.71745299999999],[-73.83546199999999,40.71737400000001],[-73.835318,40.717294],[-73.83517599999999,40.717213],[-73.835035,40.71712999999999],[-73.83489499999999,40.717046],[-73.834756,40.716961],[-73.834618,40.716875],[-73.834482,40.716787],[-73.834347,40.716698],[-73.834213,40.716608],[-73.834081,40.71651700000001],[-73.83395,40.716425],[-73.83382,40.716331],[-73.83368899999999,40.716237],[-73.833446,40.71605],[-73.833291,40.715936000000006],[-73.833138,40.715821],[-73.832983,40.715708],[-73.832827,40.715596],[-73.832669,40.715484999999994],[-73.83250999999998,40.715375],[-73.832349,40.715267],[-73.832187,40.715159],[-73.832023,40.715053],[-73.831858,40.714948],[-73.831691,40.714844],[-73.831523,40.714741],[-73.83135299999998,40.714639],[-73.831182,40.714539],[-73.831008,40.714440999999994]]},"properties":{"routes":["E","F"],"direction":"N","colors":["#0062CF","#EB6800"],"colorCount":2,"color0":"#0062CF","color1":"#EB6800","color2":""}},{"type":"Feature","geometry":{"type":"LineString","coordinates":[[-73.831008,40.714440999999994],[-73.831008,40.714440999999994],[-73.828344,40.713128999999995],[-73.828269,40.713093],[-73.828191,40.713058],[-73.828113,40.713023],[-73.828033,40.712988],[-73.827953,40.712953],[-73.827871,40.71291800000001],[-73.82778799999998,40.712884],[-73.827704,40.71285],[-73.827619,40.71281599999999],[-73.827532,40.712782],[-73.827445,40.712749],[-73.827356,40.712716],[-73.827267,40.712682],[-73.827176,40.71265],[-73.827083,40.712617],[-73.822473,40.710847],[-73.822318,40.710787],[-73.822167,40.710724],[-73.822024,40.710658],[-73.821887,40.710588],[-73.821757,40.710516],[-73.821634,40.71044],[-73.821518,40.710362],[-73.821408,40.71028],[-73.821305,40.710195],[-73.82121,40.710107],[-73.82112099999999,40.710015],[-73.82103899999998,40.709921],[-73.820963,40.709823],[-73.820895,40.709723],[-73.82083199999998,40.709619],[-73.82057399999998,40.709179]]},"properties":{"routes":["E","F"],"direction":"N","colors":["#0062CF","#EB6800"],"colorCount":2,"color0":"#0062CF","color1":"#EB6800","color2":""}},{"type":"Feature","geometry":{"type":"LineString","coordinates":[[-73.82057399999998,40.709179],[-73.82057399999998,40.709179],[-73.819479,40.70730400000001],[-73.81838,40.70556],[-73.818196,40.705321],[-73.817996,40.705107],[-73.817786,40.704916],[-73.817565,40.704748],[-73.817537,40.704731]]},"properties":{"routes":["E","F"],"direction":"N","colors":["#0062CF","#EB6800"],"colorCount":2,"color0":"#0062CF","color1":"#EB6800","color2":""}},{"type":"Feature","geometry":{"type":"LineString","coordinates":[[-73.81766332639151,40.70482274585417],[-73.81761581129517,40.70477109821491],[-73.81759340848488,40.7047117285597],[-73.81758999147512,40.70464634450089],[-73.8175994337803,40.7045766536508],[-73.81761560891488,40.704504363621766],[-73.81763239039329,40.70443118202613],[-73.81764365172998,40.70435881647623],[-73.81764326643938,40.704288974584394],[-73.81762510803593,40.70422336396294],[-73.816859,40.702566]]},"properties":{"routes":["E"],"direction":"N","colors":["#0062CF"],"colorCount":1,"color0":"#0062CF","color1":"","color2":""}},{"type":"Feature","geometry":{"type":"LineString","coordinates":[[-73.816859,40.702566],[-73.816859,40.702566],[-73.81618699999999,40.701272],[-73.816129,40.701153],[-73.816062,40.701042],[-73.815991,40.700935],[-73.815914,40.700832999999996],[-73.815832,40.700735],[-73.815746,40.700641],[-73.81565499999999,40.700553],[-73.815558,40.700468],[-73.815457,40.700389],[-73.815351,40.700312999999994],[-73.81524,40.700243],[-73.815124,40.700177],[-73.815003,40.700115],[-73.814878,40.700058],[-73.814744,40.700003],[-73.81274022433406,40.69946043037126],[-73.8126575613367,40.69943109381737],[-73.81257673668864,40.69939139697853],[-73.81249724274717,40.699345776086204],[-73.81241857186954,40.69929866737179],[-73.81234021641308,40.699254507066726],[-73.81226166873508,40.6992177314024],[-73.81218242119279,40.69919277661025],[-73.81210196614354,40.69918407892167],[-73.81201979594461,40.699196074568114]]},"properties":{"routes":["E"],"direction":"N","colors":["#0062CF"],"colorCount":1,"color0":"#0062CF","color1":"","color2":""}},{"type":"Feature","geometry":{"type":"LineString","coordinates":[[-73.812282,40.699121],[-73.81110499999998,40.69945800000001],[-73.809735,40.699845],[-73.809673,40.699863],[-73.809612,40.699881],[-73.809551,40.699899],[-73.80948999999998,40.699918999999994],[-73.809429,40.699939],[-73.809369,40.699959],[-73.809309,40.69998],[-73.80924899999998,40.70000199999999],[-73.809189,40.700024],[-73.80913,40.700047],[-73.809071,40.700071],[-73.809012,40.700095],[-73.808953,40.700120000000005],[-73.808895,40.700145],[-73.808838,40.700171],[-73.808782,40.700197],[-73.808726,40.700222],[-73.80867,40.70024600000001],[-73.80861299999998,40.700269],[-73.808556,40.700292],[-73.808499,40.700315],[-73.808442,40.700336],[-73.80838399999999,40.700357],[-73.808326,40.70037799999999],[-73.808267,40.700397],[-73.80820899999999,40.700416],[-73.808149,40.700435],[-73.80809,40.700453],[-73.80802999999999,40.70047],[-73.807969,40.700486]]},"properties":{"routes":["E","J","Z"],"direction":"N","colors":["#0062CF","#8E5C33"],"colorCount":2,"color0":"#0062CF","color1":"#8E5C33","color2":""}},{"type":"Feature","geometry":{"type":"LineString","coordinates":[[-73.807969,40.700486],[-73.807969,40.700486],[-73.806654,40.700823],[-73.804039,40.70148700000001],[-73.803989,40.70149899999999],[-73.803939,40.701511],[-73.80389099999998,40.701523],[-73.80384399999998,40.701534],[-73.803798,40.701545],[-73.803752,40.701555],[-73.803708,40.701565],[-73.803664,40.701575],[-73.803622,40.701584],[-73.803581,40.701593],[-73.80354,40.701602],[-73.803501,40.70161],[-73.80346199999998,40.701618],[-73.803425,40.701626],[-73.803388,40.701633],[-73.801109,40.702147000000004]]},"properties":{"routes":["E","J","Z"],"direction":"N","colors":["#0062CF","#8E5C33"],"colorCount":2,"color0":"#0062CF","color1":"#8E5C33","color2":""}},{"type":"Feature","geometry":{"type":"LineString","coordinates":[[-73.801109,40.702147000000004],[-73.803388,40.701633],[-73.803425,40.701626],[-73.80346199999998,40.701618],[-73.803501,40.70161],[-73.80354,40.701602],[-73.803581,40.701593],[-73.803622,40.701584],[-73.803664,40.701575],[-73.803708,40.701565],[-73.803752,40.701555],[-73.803798,40.701545],[-73.80384399999998,40.701534],[-73.80389099999998,40.701523],[-73.803939,40.701511],[-73.803989,40.70149899999999],[-73.804039,40.70148700000001],[-73.806654,40.700823],[-73.807969,40.700486]]},"properties":{"routes":["E","J","Z"],"direction":"S","colors":["#0062CF","#8E5C33"],"colorCount":2,"color0":"#0062CF","color1":"#8E5C33","color2":""}},{"type":"Feature","geometry":{"type":"LineString","coordinates":[[-73.807969,40.700486],[-73.807969,40.700486],[-73.80802999999999,40.70047],[-73.80809,40.700453],[-73.808149,40.700435],[-73.80820899999999,40.700416],[-73.808267,40.700397],[-73.808326,40.70037799999999],[-73.80838399999999,40.700357],[-73.808442,40.700336],[-73.808499,40.700315],[-73.808556,40.700292],[-73.80861299999998,40.700269],[-73.80867,40.70024600000001],[-73.808726,40.700222],[-73.808782,40.700197],[-73.808838,40.700171],[-73.808895,40.700145],[-73.808953,40.700120000000005],[-73.809012,40.700095],[-73.809071,40.700071],[-73.80913,40.700047],[-73.809189,40.700024],[-73.80924899999998,40.70000199999999],[-73.809309,40.69998],[-73.809369,40.699959],[-73.809429,40.699939],[-73.80948999999998,40.699918999999994],[-73.809551,40.699899],[-73.809612,40.699881],[-73.809673,40.699863],[-73.809735,40.699845],[-73.81110499999998,40.69945800000001],[-73.81223,40.699136]]},"properties":{"routes":["E","J","Z"],"direction":"S","colors":["#0062CF","#8E5C33"],"colorCount":2,"color0":"#0062CF","color1":"#8E5C33","color2":""}},{"type":"Feature","geometry":{"type":"LineString","coordinates":[[-73.81208025723485,40.699178859707004],[-73.81216473674394,40.699167345987014],[-73.81224641210571,40.699178772844576],[-73.81232610261189,40.69920811415403],[-73.81240462755432,40.699250343789735],[-73.81248280622476,40.69930043562606],[-73.812561457915,40.699353363537334],[-73.81264140191684,40.69940410139794],[-73.81272345752204,40.699447623082214],[-73.81280844402241,40.69947890246452],[-73.814744,40.700003],[-73.814878,40.700058],[-73.815003,40.700115],[-73.815124,40.700177],[-73.81524,40.700243],[-73.815351,40.700312999999994],[-73.815457,40.700389],[-73.815558,40.700468],[-73.81565499999999,40.700553],[-73.815746,40.700641],[-73.815832,40.700735],[-73.815914,40.700832999999996],[-73.815991,40.700935],[-73.816062,40.701042],[-73.816129,40.701153],[-73.81618699999999,40.701272],[-73.816859,40.702566]]},"properties":{"routes":["E"],"direction":"S","colors":["#0062CF"],"colorCount":1,"color0":"#0062CF","color1":"","color2":""}},{"type":"Feature","geometry":{"type":"LineString","coordinates":[[-73.816859,40.702566],[-73.816859,40.702566],[-73.81762417499382,40.704221345461285],[-73.81764231641064,40.70428697045395],[-73.81764263845865,40.704356817771384],[-73.8176312776638,40.704429184847776],[-73.81761437055214,40.704502369117286],[-73.81759805364959,40.70457466801411],[-73.81758846348221,40.70464437897246],[-73.81759173657596,40.704709799426475],[-73.81761400945683,40.704769226810384],[-73.81766141865081,40.70482095855835]]},"properties":{"routes":["E"],"direction":"S","colors":["#0062CF"],"colorCount":1,"color0":"#0062CF","color1":"","color2":""}},{"type":"Feature","geometry":{"type":"LineString","coordinates":[[-73.817592,40.704768],[-73.817786,40.704916],[-73.817996,40.705107],[-73.818196,40.705321],[-73.81838,40.70556],[-73.819479,40.70730400000001],[-73.82057399999998,40.709179]]},"properties":{"routes":["E","F"],"direction":"S","colors":["#0062CF","#EB6800"],"colorCount":2,"color0":"#0062CF","color1":"#EB6800","color2":""}},{"type":"Feature","geometry":{"type":"LineString","coordinates":[[-73.82057399999998,40.709179],[-73.82057399999998,40.709179],[-73.82083199999998,40.709619],[-73.820895,40.709723],[-73.820963,40.709823],[-73.82103899999998,40.709921],[-73.82112099999999,40.710015],[-73.82121,40.710107],[-73.821305,40.710195],[-73.821408,40.71028],[-73.821518,40.710362],[-73.821634,40.71044],[-73.821757,40.710516],[-73.821887,40.710588],[-73.822024,40.710658],[-73.822167,40.710724],[-73.822318,40.710787],[-73.822473,40.710847],[-73.827083,40.712617],[-73.827176,40.71265],[-73.827267,40.712682],[-73.827356,40.712716],[-73.827445,40.712749],[-73.827532,40.712782],[-73.827619,40.71281599999999],[-73.827704,40.71285],[-73.82778799999998,40.712884],[-73.827871,40.71291800000001],[-73.827953,40.712953],[-73.828033,40.712988],[-73.828113,40.713023],[-73.828191,40.713058],[-73.828269,40.713093],[-73.828344,40.713128999999995],[-73.831008,40.714440999999994]]},"properties":{"routes":["E","F"],"direction":"S","colors":["#0062CF","#EB6800"],"colorCount":2,"color0":"#0062CF","color1":"#EB6800","color2":""}},{"type":"Feature","geometry":{"type":"LineString","coordinates":[[-73.831008,40.714440999999994],[-73.831008,40.714440999999994],[-73.831182,40.714539],[-73.83135299999998,40.714639],[-73.831523,40.714741],[-73.831691,40.714844],[-73.831858,40.714948],[-73.832023,40.715053],[-73.832187,40.715159],[-73.832349,40.715267],[-73.83250999999998,40.715375],[-73.832669,40.715484999999994],[-73.832827,40.715596],[-73.832983,40.715708],[-73.833138,40.715821],[-73.833291,40.715936000000006],[-73.833446,40.71605],[-73.83368899999999,40.716237],[-73.83382,40.716331],[-73.83395,40.716425],[-73.834081,40.71651700000001],[-73.834213,40.716608],[-73.834347,40.716698],[-73.834482,40.716787],[-73.834618,40.716875],[-73.834756,40.716961],[-73.83489499999999,40.717046],[-73.835035,40.71712999999999],[-73.83517599999999,40.717213],[-73.835318,40.717294],[-73.83546199999999,40.71737400000001],[-73.835607,40.71745299999999],[-73.835753,40.717531],[-73.837324,40.718331]]},"properties":{"routes":["E","F"],"direction":"S","colors":["#0062CF","#EB6800"],"colorCount":2,"color0":"#0062CF","color1":"#EB6800","color2":""}},{"type":"Feature","geometry":{"type":"LineString","coordinates":[[-73.837324,40.718331],[-73.837324,40.718331],[-73.840085,40.71968],[-73.840171,40.719725],[-73.840258,40.719769],[-73.840345,40.719813],[-73.840432,40.719857],[-73.84052,40.7199],[-73.840608,40.719943],[-73.840697,40.719986000000006],[-73.840786,40.720028],[-73.840875,40.72007],[-73.840965,40.720112],[-73.84105499999998,40.720153],[-73.841146,40.720194],[-73.841237,40.720234],[-73.841329,40.720274],[-73.841421,40.720314],[-73.844521,40.721691]]},"properties":{"routes":["E","F"],"direction":"S","colors":["#0062CF","#EB6800"],"colorCount":2,"color0":"#0062CF","color1":"#EB6800","color2":""}},{"type":"Feature","geometry":{"type":"LineString","coordinates":[[-73.882017,40.742454],[-73.882017,40.742454],[-73.882064,40.742481999999995],[-73.882114,40.74251],[-73.882165,40.74253900000001],[-73.882218,40.742569],[-73.882273,40.742599],[-73.88233,40.74263],[-73.882388,40.742661],[-73.882448,40.742693],[-73.88251,40.742726],[-73.882574,40.742759],[-73.882639,40.742792],[-73.882706,40.742827],[-73.88277499999998,40.74286200000001],[-73.882846,40.742897],[-73.882917,40.74293300000001],[-73.884523,40.743718],[-73.884561,40.743737],[-73.88459999999999,40.743756],[-73.884639,40.743775],[-73.88467899999999,40.743793999999994],[-73.884719,40.743813],[-73.88476,40.743832],[-73.884801,40.74385100000001],[-73.884843,40.743871],[-73.884885,40.74389],[-73.884928,40.743909],[-73.884971,40.743928000000004],[-73.885015,40.743948],[-73.885059,40.743967],[-73.885104,40.743987000000004],[-73.885149,40.744006],[-73.891338,40.746644]]},"properties":{"routes":["E","F","M","R"],"direction":"S","colors":["#0062CF","#EB6800","#F6BC26"],"colorCount":3,"color0":"#0062CF","color1":"#EB6800","color2":"#F6BC26"}},{"type":"Feature","geometry":{"type":"LineString","coordinates":[[-73.844521,40.721691],[-73.844521,40.721691],[-73.847541,40.723026],[-73.84776,40.723137],[-73.847975,40.723253],[-73.848187,40.723371],[-73.848394,40.723493],[-73.84859799999998,40.723618],[-73.848797,40.723747],[-73.848993,40.723878],[-73.849184,40.724013],[-73.849372,40.724151],[-73.849556,40.724292],[-73.849736,40.724436000000004],[-73.849912,40.724584],[-73.850084,40.724735],[-73.850252,40.724889],[-73.850418,40.725045],[-73.850544,40.725159000000005],[-73.850673,40.725272],[-73.850805,40.725382],[-73.850942,40.72548999999999],[-73.85108299999999,40.725596],[-73.851228,40.725699],[-73.851377,40.7258],[-73.85153,40.725899],[-73.851688,40.725995],[-73.851849,40.72609],[-73.852015,40.726181],[-73.852185,40.726271],[-73.852359,40.726358],[-73.852538,40.726443],[-73.852719,40.726523]]},"properties":{"routes":["E","F","M","R"],"direction":"S","colors":["#0062CF","#EB6800","#F6BC26"],"colorCount":3,"color0":"#0062CF","color1":"#EB6800","color2":"#F6BC26"}},{"type":"Feature","geometry":{"type":"LineString","coordinates":[[-73.852719,40.726523],[-73.852719,40.726523],[-73.852846,40.72658],[-73.852969,40.726635],[-73.853091,40.726688],[-73.85321,40.72674],[-73.853327,40.726789999999994],[-73.853442,40.726839],[-73.85355399999999,40.726887],[-73.853665,40.726933],[-73.853773,40.726977],[-73.853879,40.727021],[-73.85398299999999,40.727062000000004],[-73.854085,40.727103],[-73.854184,40.727142],[-73.854282,40.727179],[-73.854378,40.727216],[-73.86160399999999,40.729846]]},"properties":{"routes":["E","F","M","R"],"direction":"S","colors":["#0062CF","#EB6800","#F6BC26"],"colorCount":3,"color0":"#0062CF","color1":"#EB6800","color2":"#F6BC26"}},{"type":"Feature","geometry":{"type":"LineString","coordinates":[[-73.869229,40.733106],[-73.869229,40.733106],[-73.86933599999999,40.733144],[-73.869445,40.733181],[-73.869554,40.733218],[-73.86966299999999,40.73325500000001],[-73.869774,40.733292],[-73.869885,40.73332800000001],[-73.86999799999998,40.733365],[-73.870111,40.73340099999999],[-73.870224,40.733437],[-73.870339,40.733473],[-73.870454,40.733509],[-73.870571,40.733544],[-73.870688,40.733579],[-73.870805,40.733614],[-73.870923,40.733648],[-73.874126,40.734593],[-73.87441199999999,40.734679],[-73.87468599999998,40.734775],[-73.874947,40.734877],[-73.875194,40.734988],[-73.875429,40.735106],[-73.87565,40.735232],[-73.875859,40.735365],[-73.87605399999998,40.735507],[-73.87623599999999,40.735655],[-73.876405,40.735811999999996],[-73.876562,40.735976],[-73.876705,40.736148],[-73.876834,40.736327],[-73.87695099999999,40.736514],[-73.877055,40.73671],[-73.877223,40.737015]]},"properties":{"routes":["E","F","M","R"],"direction":"S","colors":["#0062CF","#EB6800","#F6BC26"],"colorCount":3,"color0":"#0062CF","color1":"#EB6800","color2":"#F6BC26"}},{"type":"Feature","geometry":{"type":"LineString","coordinates":[[-73.877223,40.737015],[-73.877223,40.737015],[-73.878602,40.739655],[-73.878649,40.739739],[-73.878696,40.739821],[-73.87874399999998,40.7399],[-73.878794,40.739977],[-73.878845,40.740052],[-73.878897,40.740123999999994],[-73.87895,40.740194],[-73.87900399999998,40.740261],[-73.87906,40.740326],[-73.879117,40.740389],[-73.879175,40.740449],[-73.87923499999998,40.74050600000001],[-73.879295,40.740561],[-73.879357,40.740614],[-73.879422,40.740665],[-73.880977,40.741822000000006],[-73.881044,40.741868],[-73.88111199999999,40.741913],[-73.881179,40.741957],[-73.881247,40.742001],[-73.881316,40.742045],[-73.881384,40.742087999999995],[-73.881453,40.742131],[-73.881523,40.742173],[-73.881592,40.742215],[-73.881662,40.742256],[-73.881732,40.742296],[-73.88180299999999,40.742337],[-73.881874,40.742376],[-73.881945,40.742414999999994],[-73.882017,40.742454]]},"properties":{"routes":["E","F","M","R"],"direction":"S","colors":["#0062CF","#EB6800","#F6BC26"],"colorCount":3,"color0":"#0062CF","color1":"#EB6800","color2":"#F6BC26"}},{"type":"Feature","geometry":{"type":"LineString","coordinates":[[-73.86160399999999,40.729846],[-73.86160399999999,40.729846],[-73.86471,40.730985],[-73.864895,40.731051],[-73.865078,40.731119],[-73.865257,40.731187],[-73.865431,40.731257],[-73.865602,40.731327],[-73.865768,40.731397],[-73.86593,40.731469],[-73.866087,40.731541],[-73.866241,40.731614],[-73.86639,40.731688],[-73.86653499999998,40.731763],[-73.866676,40.731838],[-73.866812,40.731914],[-73.866945,40.731991],[-73.867073,40.73207],[-73.867194,40.732143],[-73.867317,40.732215],[-73.867444,40.732287],[-73.867573,40.732358],[-73.86770699999998,40.732429],[-73.867843,40.732499],[-73.867984,40.732568],[-73.86812699999999,40.732638],[-73.86827399999999,40.732706],[-73.868425,40.732774],[-73.868579,40.732842],[-73.86873699999998,40.732909],[-73.868898,40.732975],[-73.869062,40.733041],[-73.869229,40.733106]]},"properties":{"routes":["E","F","M","R"],"direction":"S","colors":["#0062CF","#EB6800","#F6BC26"],"colorCount":3,"color0":"#0062CF","color1":"#EB6800","color2":"#F6BC26"}},{"type":"Feature","geometry":{"type":"LineString","coordinates":[[-73.898688,40.749769],[-73.906006,40.75288499999999],[-73.906141,40.75293800000001],[-73.906248,40.752977]]},"properties":{"routes":["E","F","M","R"],"direction":"S","colors":["#0062CF","#EB6800","#F6BC26"],"colorCount":3,"color0":"#0062CF","color1":"#EB6800","color2":"#F6BC26"}},{"type":"Feature","geometry":{"type":"LineString","coordinates":[[-73.891338,40.746644],[-73.891338,40.746644],[-73.898453,40.749669]]},"properties":{"routes":["E","F","M","R"],"direction":"S","colors":["#0062CF","#EB6800","#F6BC26"],"colorCount":3,"color0":"#0062CF","color1":"#EB6800","color2":"#F6BC26"}},{"type":"Feature","geometry":{"type":"LineString","coordinates":[[-73.906006,40.75288499999999],[-73.906006,40.75288499999999],[-73.906786,40.753221],[-73.908935,40.754245],[-73.91333299999998,40.756312]]},"properties":{"routes":["E","F","M","R"],"direction":"S","colors":["#0062CF","#EB6800","#F6BC26"],"colorCount":3,"color0":"#0062CF","color1":"#EB6800","color2":"#F6BC26"}},{"type":"Feature","geometry":{"type":"LineString","coordinates":[[-73.91333299999998,40.756312],[-73.91333299999998,40.756312],[-73.914295,40.756762],[-73.914332,40.756779],[-73.914368,40.756795],[-73.914404,40.756812],[-73.914439,40.756829],[-73.914475,40.756846],[-73.914511,40.756863],[-73.91454699999998,40.75688],[-73.914583,40.756898],[-73.91461899999999,40.756915],[-73.914655,40.756933000000004],[-73.914691,40.756951],[-73.91472599999999,40.756969],[-73.914762,40.756987],[-73.914798,40.757005],[-73.914834,40.757023],[-73.917222,40.75818199999999],[-73.917432,40.758276],[-73.917638,40.758356],[-73.917838,40.75842],[-73.918033,40.758469],[-73.918224,40.758502],[-73.918409,40.75852],[-73.91859,40.758523],[-73.918765,40.75851],[-73.918936,40.75848100000001],[-73.919101,40.758437],[-73.91926199999999,40.758378],[-73.919417,40.758303],[-73.919568,40.758213],[-73.919713,40.758106999999995],[-73.91985,40.757972],[-73.92074,40.756879]]},"properties":{"routes":["E","F","M","R"],"direction":"S","colors":["#0062CF","#EB6800","#F6BC26"],"colorCount":3,"color0":"#0062CF","color1":"#EB6800","color2":"#F6BC26"}},{"type":"Feature","geometry":{"type":"LineString","coordinates":[[-73.92074,40.756879],[-73.92074,40.756879],[-73.921395,40.756071],[-73.921408,40.756055],[-73.921421,40.756039],[-73.921433,40.75602299999999],[-73.921446,40.756007],[-73.921458,40.755992],[-73.92147,40.755977],[-73.921481,40.75596199999999],[-73.921493,40.755948],[-73.921504,40.75593400000001],[-73.921515,40.75592],[-73.921525,40.755906],[-73.921535,40.755893],[-73.921546,40.75587900000001],[-73.921555,40.755867],[-73.921565,40.755854],[-73.92372799999998,40.753071999999996],[-73.92378699999999,40.752994],[-73.923848,40.752918],[-73.92391299999998,40.752846],[-73.92398199999998,40.752778],[-73.924054,40.752714],[-73.924129,40.752654],[-73.924208,40.752598],[-73.924214,40.752594]]},"properties":{"routes":["E","F","M","R"],"direction":"S","colors":["#0062CF","#EB6800","#F6BC26"],"colorCount":3,"color0":"#0062CF","color1":"#EB6800","color2":"#F6BC26"}},{"type":"Feature","geometry":{"type":"LineString","coordinates":[[-73.928781,40.752039],[-73.928781,40.752039],[-73.931627,40.75199],[-73.931908,40.751979],[-73.932184,40.751957],[-73.932452,40.751924],[-73.932713,40.75188],[-73.932966,40.751824],[-73.933212,40.75175800000001],[-73.933451,40.75168],[-73.933468,40.751673]]},"properties":{"routes":["E","F","M","R"],"direction":"S","colors":["#0062CF","#EB6800","#F6BC26"],"colorCount":3,"color0":"#0062CF","color1":"#EB6800","color2":"#F6BC26"}},{"type":"Feature","geometry":{"type":"LineString","coordinates":[[-73.924214,40.752594],[-73.924291,40.752545],[-73.924377,40.75249699999999],[-73.924467,40.752452],[-73.92456,40.752411],[-73.924657,40.752373],[-73.924757,40.75234],[-73.924861,40.752311],[-73.924968,40.752285],[-73.92507,40.752262],[-73.925171,40.752239],[-73.925273,40.75221700000001],[-73.925376,40.752197],[-73.92548,40.752179],[-73.925585,40.75216199999999],[-73.92569,40.75214600000001],[-73.925796,40.752132],[-73.925903,40.752119],[-73.926011,40.752108],[-73.92612,40.752098],[-73.926229,40.75209],[-73.926339,40.752083],[-73.92644999999999,40.752078],[-73.926563,40.752074],[-73.928781,40.752039]]},"properties":{"routes":["E","F","M","R"],"direction":"S","colors":["#0062CF","#EB6800","#F6BC26"],"colorCount":3,"color0":"#0062CF","color1":"#EB6800","color2":"#F6BC26"}},{"type":"Feature","geometry":{"type":"LineString","coordinates":[[-73.933468,40.751673],[-73.933682,40.751591],[-73.933905,40.751491],[-73.934122,40.75137999999999],[-73.934331,40.751258],[-73.934532,40.751125],[-73.934726,40.750981],[-73.93491299999998,40.750826],[-73.935094,40.75066],[-73.935177,40.750583]]},"properties":{"routes":["E","F","M","N","R","W"],"direction":"S","colors":["#0062CF","#EB6800","#F6BC26"],"colorCount":3,"color0":"#0062CF","color1":"#EB6800","color2":"#F6BC26"}},{"type":"Feature","geometry":{"type":"LineString","coordinates":[[-73.935177,40.750583],[-73.936347,40.749495],[-73.936394,40.749451],[-73.936442,40.749407999999995],[-73.936492,40.749367],[-73.936544,40.749327],[-73.936599,40.74928799999999],[-73.936655,40.749251],[-73.936712,40.74921500000001],[-73.93677199999999,40.74918],[-73.936834,40.749145999999996],[-73.93689699999999,40.749114],[-73.936963,40.749083000000006],[-73.93703,40.749054],[-73.93709899999999,40.749025],[-73.93717,40.748999],[-73.937243,40.748973]]},"properties":{"routes":["E","F","N","R","W"],"direction":"S","colors":["#0062CF","#EB6800","#F6BC26"],"colorCount":3,"color0":"#0062CF","color1":"#EB6800","color2":"#F6BC26"}},{"type":"Feature","geometry":{"type":"LineString","coordinates":[[-73.937243,40.748973],[-73.937243,40.748973],[-73.93978,40.748061],[-73.940568,40.747778]]},"properties":{"routes":["E","F","R"],"direction":"S","colors":["#0062CF","#EB6800","#F6BC26"],"colorCount":3,"color0":"#0062CF","color1":"#EB6800","color2":"#F6BC26"}},{"type":"Feature","geometry":{"type":"LineString","coordinates":[[-73.940568,40.747778],[-73.94156299999999,40.747421],[-73.941678,40.747384999999994],[-73.941794,40.747353],[-73.941913,40.747325999999994],[-73.942033,40.747303],[-73.942155,40.747285],[-73.942279,40.747272],[-73.942405,40.747263000000004],[-73.942533,40.747258],[-73.942663,40.74725899999999],[-73.942794,40.747264],[-73.94292699999998,40.747273],[-73.943063,40.747287],[-73.943199,40.74730600000001],[-73.943338,40.747329],[-73.943479,40.747357],[-73.946,40.747846]]},"properties":{"routes":["E","F"],"direction":"S","colors":["#0062CF","#EB6800"],"colorCount":2,"color0":"#0062CF","color1":"#EB6800","color2":""}},{"type":"Feature","geometry":{"type":"LineString","coordinates":[[-73.946,40.747846],[-73.946,40.747846],[-73.952344,40.749075],[-73.952661,40.749151],[-73.952983,40.749234],[-73.953305,40.749328],[-73.953629,40.74942999999999],[-73.95395399999998,40.749543],[-73.954279,40.74966400000001],[-73.954605,40.749795],[-73.95493299999998,40.749935],[-73.955261,40.750085],[-73.95559,40.750244],[-73.95592,40.750413],[-73.956251,40.750591],[-73.956583,40.750778],[-73.95691599999999,40.750975],[-73.957251,40.751182],[-73.961669,40.754285],[-73.961729,40.754329],[-73.961793,40.754372],[-73.96185699999998,40.754414],[-73.961923,40.754456],[-73.961989,40.754497],[-73.962056,40.754538],[-73.962124,40.754577000000005],[-73.96219399999998,40.754617],[-73.962264,40.754655],[-73.962335,40.75469300000001],[-73.962407,40.75473],[-73.962481,40.754767],[-73.96255499999998,40.754803],[-73.96263,40.754839000000004],[-73.962705,40.754872],[-73.969055,40.757552]]},"properties":{"routes":["E","F"],"direction":"S","colors":["#0062CF","#EB6800"],"colorCount":2,"color0":"#0062CF","color1":"#EB6800","color2":""}},{"type":"Feature","geometry":{"type":"LineString","coordinates":[[-73.969055,40.757552],[-73.969055,40.757552],[-73.975224,40.760167]]},"properties":{"routes":["E","F"],"direction":"S","colors":["#0062CF","#EB6800"],"colorCount":2,"color0":"#0062CF","color1":"#EB6800","color2":""}},{"type":"Feature","geometry":{"type":"LineString","coordinates":[[-73.975224,40.760167],[-73.975224,40.760167],[-73.976697,40.760789],[-73.97865,40.761606]]},"properties":{"routes":["E","F"],"direction":"S","colors":["#0062CF","#EB6800"],"colorCount":2,"color0":"#0062CF","color1":"#EB6800","color2":""}},{"type":"Feature","geometry":{"type":"LineString","coordinates":[[-73.97865,40.761606],[-73.979378,40.76191]]},"properties":{"routes":["E"],"direction":"S","colors":["#0062CF"],"colorCount":1,"color0":"#0062CF","color1":"","color2":""}},{"type":"Feature","geometry":{"type":"LineString","coordinates":[[-73.984051,40.763818],[-73.984092,40.763825],[-73.984216,40.763838],[-73.98433699999998,40.763842],[-73.98434620593164,40.76384152383112],[-73.98443054556884,40.76383956350957],[-73.9845202089024,40.763840445405236],[-73.98461235593159,40.76384178656545],[-73.98470414665567,40.763841204037526],[-73.98479274107389,40.76383631486881],[-73.98487529918548,40.76382473610664],[-73.98494898098969,40.763804084798366],[-73.98501094648576,40.76377197799131],[-73.98505835567295,40.76372603273281]]},"properties":{"routes":["E"],"direction":"S","colors":["#0062CF"],"colorCount":1,"color0":"#0062CF","color1":"","color2":""}},{"type":"Feature","geometry":{"type":"LineString","coordinates":[[-73.981233,40.577422],[-73.98108299999998,40.576635],[-73.981069,40.576575],[-73.981047,40.576518],[-73.981018,40.576463],[-73.980982,40.576412],[-73.980938,40.57636299999999],[-73.980887,40.576318],[-73.980828,40.576275],[-73.980762,40.576235000000004],[-73.980689,40.576199],[-73.980608,40.576165],[-73.98051999999998,40.576134],[-73.980425,40.576106],[-73.980322,40.576081],[-73.980212,40.576058],[-73.980094,40.576039],[-73.978088,40.575771],[-73.977991,40.575762],[-73.97789499999999,40.575756],[-73.977798,40.575753],[-73.9777,40.575752],[-73.977603,40.57575400000001],[-73.977506,40.575758],[-73.977408,40.575765],[-73.97730999999999,40.575774],[-73.977212,40.575786],[-73.977114,40.575801],[-73.977015,40.575818],[-73.976917,40.57583700000001],[-73.97681799999998,40.57586],[-73.97671899999999,40.575885],[-73.97662,40.575912],[-73.975939,40.576127]]},"properties":{"routes":["F","Q"],"direction":"N","colors":["#EB6800","#F6BC26"],"colorCount":2,"color0":"#EB6800","color1":"#F6BC26","color2":""}},{"type":"Feature","geometry":{"type":"LineString","coordinates":[[-73.975939,40.576127],[-73.975939,40.576127],[-73.974984,40.576429],[-73.97440899999998,40.576612]]},"properties":{"routes":["F","Q"],"direction":"N","colors":["#EB6800","#F6BC26"],"colorCount":2,"color0":"#EB6800","color1":"#F6BC26","color2":""}},{"type":"Feature","geometry":{"type":"LineString","coordinates":[[-73.97464305292948,40.57653751011114],[-73.97458056369229,40.57656847997908],[-73.97453808399672,40.57661279963448],[-73.97451238449736,40.57666782794699],[-73.97450023584885,40.576730923786315],[-73.97449840870576,40.57679944602212],[-73.9745036737227,40.5768707535241],[-73.97451280155425,40.57694220516193],[-73.97452256285506,40.57701115980529],[-73.97452972827968,40.57707497632386],[-73.974531,40.577091],[-73.974701,40.578467],[-73.974704,40.578509],[-73.974708,40.57855],[-73.974711,40.578591],[-73.974714,40.578632],[-73.97471599999999,40.578673],[-73.97471799999998,40.578714],[-73.974719,40.578755],[-73.974719,40.578795],[-73.974719,40.578836],[-73.97471799999998,40.578877],[-73.974717,40.578918],[-73.97471599999999,40.578958],[-73.974713,40.578999],[-73.97471,40.579039],[-73.974707,40.57908],[-73.974574,40.581011]]},"properties":{"routes":["F"],"direction":"N","colors":["#EB6800"],"colorCount":1,"color0":"#EB6800","color1":"","color2":""}},{"type":"Feature","geometry":{"type":"LineString","coordinates":[[-73.974574,40.581011],[-73.974574,40.581011],[-73.974516,40.581844],[-73.974515,40.581869],[-73.974514,40.581895],[-73.974514,40.581920000000004],[-73.974514,40.581946],[-73.974514,40.581973],[-73.974515,40.581999],[-73.974516,40.582026],[-73.974518,40.58205399999999],[-73.97452,40.582081],[-73.974522,40.582108999999996],[-73.974525,40.582138],[-73.974528,40.582166],[-73.974532,40.582195],[-73.974536,40.582224],[-73.97454,40.582254],[-73.974601,40.582752],[-73.974606,40.582785],[-73.97461,40.582819],[-73.974614,40.582853],[-73.974617,40.582887],[-73.97462,40.582922],[-73.974623,40.582958],[-73.974625,40.582994],[-73.974627,40.58303],[-73.974628,40.583067],[-73.97463,40.583105],[-73.97463,40.583143],[-73.974631,40.583181],[-73.974631,40.58322],[-73.974631,40.583259],[-73.97463,40.58329899999999],[-73.974328,40.588507],[-73.974325,40.588569],[-73.974322,40.588633],[-73.974319,40.588699],[-73.974315,40.588767],[-73.97431099999999,40.588837],[-73.97430699999998,40.588908],[-73.974302,40.58897999999999],[-73.974297,40.589054],[-73.974292,40.58913],[-73.974286,40.589208],[-73.97428,40.589287],[-73.974273,40.589367],[-73.974266,40.58945],[-73.97425899999999,40.589533],[-73.97425,40.58962]]},"properties":{"routes":["F"],"direction":"N","colors":["#EB6800"],"colorCount":1,"color0":"#EB6800","color1":"","color2":""}},{"type":"Feature","geometry":{"type":"LineString","coordinates":[[-73.97425,40.58962],[-73.97425,40.58962],[-73.97424,40.58972],[-73.97422799999998,40.58982],[-73.974216,40.589918],[-73.97420399999999,40.590016],[-73.974192,40.590112],[-73.97417999999999,40.590208],[-73.974168,40.590302],[-73.974156,40.590396],[-73.974143,40.590488],[-73.97413099999999,40.59058],[-73.974118,40.590669999999996],[-73.974105,40.59076],[-73.974092,40.590848],[-73.974079,40.590936000000006],[-73.974067,40.591023],[-73.97335699999998,40.596063]]},"properties":{"routes":["F"],"direction":"N","colors":["#EB6800"],"colorCount":1,"color0":"#EB6800","color1":"","color2":""}},{"type":"Feature","geometry":{"type":"LineString","coordinates":[[-73.97335699999998,40.596063],[-73.97335699999998,40.596063],[-73.972361,40.603217]]},"properties":{"routes":["F"],"direction":"N","colors":["#EB6800"],"colorCount":1,"color0":"#EB6800","color1":"","color2":""}},{"type":"Feature","geometry":{"type":"LineString","coordinates":[[-73.972361,40.603217],[-73.972361,40.603217],[-73.972247,40.604053],[-73.972239,40.604117],[-73.972234,40.604183],[-73.97222999999998,40.60425],[-73.972227,40.604318],[-73.972226,40.604387],[-73.972226,40.604457],[-73.97222799999999,40.604529],[-73.97223199999999,40.604600999999995],[-73.972237,40.604675],[-73.972243,40.60475],[-73.972251,40.604827],[-73.972261,40.604904],[-73.972272,40.604982],[-73.972284,40.605062000000004],[-73.972299,40.605143],[-73.97302199999999,40.608944]]},"properties":{"routes":["F"],"direction":"N","colors":["#EB6800"],"colorCount":1,"color0":"#EB6800","color1":"","color2":""}},{"type":"Feature","geometry":{"type":"LineString","coordinates":[[-73.97302199999999,40.608944],[-73.97302199999999,40.608944],[-73.974197,40.61513999999999]]},"properties":{"routes":["F"],"direction":"N","colors":["#EB6800"],"colorCount":1,"color0":"#EB6800","color1":"","color2":""}},{"type":"Feature","geometry":{"type":"LineString","coordinates":[[-73.974197,40.61513999999999],[-73.974197,40.61513999999999],[-73.975264,40.620769]]},"properties":{"routes":["F"],"direction":"N","colors":["#EB6800"],"colorCount":1,"color0":"#EB6800","color1":"","color2":""}},{"type":"Feature","geometry":{"type":"LineString","coordinates":[[-73.975264,40.620769],[-73.975264,40.620769],[-73.976127,40.625322]]},"properties":{"routes":["F"],"direction":"N","colors":["#EB6800"],"colorCount":1,"color0":"#EB6800","color1":"","color2":""}},{"type":"Feature","geometry":{"type":"LineString","coordinates":[[-73.976127,40.625322],[-73.976127,40.625322],[-73.976971,40.629755]]},"properties":{"routes":["F"],"direction":"N","colors":["#EB6800"],"colorCount":1,"color0":"#EB6800","color1":"","color2":""}},{"type":"Feature","geometry":{"type":"LineString","coordinates":[[-73.976971,40.629755],[-73.976971,40.629755],[-73.978172,40.636118999999994]]},"properties":{"routes":["F"],"direction":"N","colors":["#EB6800"],"colorCount":1,"color0":"#EB6800","color1":"","color2":""}},{"type":"Feature","geometry":{"type":"LineString","coordinates":[[-73.978172,40.636118999999994],[-73.978172,40.636118999999994],[-73.978249,40.636526],[-73.97826199999999,40.636596],[-73.978277,40.636669],[-73.978294,40.636745],[-73.978312,40.636824],[-73.97833099999998,40.636906],[-73.978351,40.636991],[-73.978373,40.637079],[-73.978396,40.63717],[-73.97842,40.637264],[-73.978445,40.637361],[-73.978471,40.637462],[-73.978499,40.637565],[-73.978528,40.637671],[-73.978558,40.637781],[-73.97859099999998,40.637892],[-73.978605,40.637944999999995],[-73.97861899999998,40.637997],[-73.978632,40.63805],[-73.978645,40.638101],[-73.978657,40.638153],[-73.97866999999998,40.638203],[-73.978681,40.63825400000001],[-73.978693,40.638304],[-73.978704,40.638354],[-73.978714,40.638403],[-73.978724,40.638452],[-73.978734,40.6385],[-73.97874299999998,40.638548],[-73.978752,40.638596],[-73.978761,40.638643],[-73.97905599999999,40.640186],[-73.979064,40.640223],[-73.979072,40.640261],[-73.979079,40.640299000000006],[-73.979086,40.640339],[-73.979093,40.640379],[-73.9791,40.64042],[-73.979106,40.640461],[-73.979112,40.640503],[-73.979118,40.640546],[-73.979123,40.64059],[-73.979129,40.64063399999999],[-73.979134,40.640679],[-73.97913799999999,40.640725],[-73.979143,40.640772],[-73.979147,40.64081900000001],[-73.979204,40.641369],[-73.979208,40.64141599999999],[-73.979213,40.64146300000001],[-73.979218,40.64151],[-73.979224,40.641558],[-73.97923,40.64160699999999],[-73.979236,40.641656],[-73.979243,40.641705],[-73.979251,40.641755],[-73.97925899999998,40.641806],[-73.979267,40.64185700000001],[-73.979276,40.641908],[-73.979285,40.64196],[-73.979294,40.642013],[-73.979304,40.64206599999999],[-73.97931399999999,40.64212],[-73.979678,40.644041]]},"properties":{"routes":["F"],"direction":"N","colors":["#EB6800"],"colorCount":1,"color0":"#EB6800","color1":"","color2":""}},{"type":"Feature","geometry":{"type":"LineString","coordinates":[[-73.979678,40.644041],[-73.979678,40.644041],[-73.979931,40.645396999999996],[-73.979966,40.645613],[-73.979985,40.645822],[-73.979986,40.646022],[-73.979969,40.646215],[-73.979936,40.6464],[-73.979886,40.64657699999999],[-73.97981799999998,40.646746],[-73.979733,40.646907],[-73.979632,40.64706],[-73.97951299999998,40.647205],[-73.979376,40.647342],[-73.979223,40.647471],[-73.97905199999998,40.647593],[-73.978865,40.647706],[-73.97866,40.647813],[-73.977306,40.648349],[-73.977113,40.648437],[-73.976933,40.648536],[-73.97676699999998,40.648646],[-73.97661299999999,40.648766],[-73.976473,40.648897],[-73.976345,40.649038],[-73.97623099999998,40.64919],[-73.976129,40.649352],[-73.97604,40.649525],[-73.975964,40.649708],[-73.975901,40.649902],[-73.97585099999999,40.650106],[-73.975814,40.65032],[-73.975789,40.650546],[-73.975776,40.650782]]},"properties":{"routes":["F","G"],"direction":"N","colors":["#799534","#EB6800"],"colorCount":2,"color0":"#799534","color1":"#EB6800","color2":""}},{"type":"Feature","geometry":{"type":"LineString","coordinates":[[-73.975776,40.650782],[-73.975776,40.650782],[-73.97578,40.650865],[-73.975785,40.650949999999995],[-73.97579,40.651038],[-73.975797,40.651128],[-73.975806,40.651221],[-73.975815,40.651317],[-73.97582499999999,40.65141499999999],[-73.975837,40.651516],[-73.97585,40.651619],[-73.975863,40.651724],[-73.975878,40.651833],[-73.97589399999998,40.651943],[-73.975911,40.652057],[-73.97592999999999,40.652173],[-73.975951,40.652292],[-73.976441,40.654895],[-73.976464,40.655007999999995],[-73.976491,40.655117],[-73.976525,40.655222],[-73.976565,40.655324],[-73.976611,40.655422],[-73.97666399999999,40.655517],[-73.976722,40.65560899999999],[-73.976787,40.655696],[-73.976858,40.655781],[-73.976935,40.655862],[-73.977018,40.655939],[-73.97710799999999,40.656013],[-73.977203,40.656084],[-73.977305,40.656151],[-73.977414,40.656215],[-73.979648,40.657523],[-73.979786,40.65760800000001],[-73.979912,40.657695000000004],[-73.980024,40.657784],[-73.980122,40.65787600000001],[-73.980208,40.65797],[-73.980281,40.658066],[-73.98033999999998,40.658165],[-73.980386,40.658266],[-73.98042,40.658369],[-73.98044,40.658475],[-73.980446,40.658583],[-73.98044,40.658693],[-73.98042,40.65880599999999],[-73.980388,40.658921],[-73.980342,40.659039],[-73.980298,40.659124],[-73.980252,40.65921],[-73.98020399999999,40.659296],[-73.98015499999998,40.659382],[-73.98010399999998,40.659469],[-73.980051,40.659557],[-73.979996,40.659645],[-73.97994,40.659733],[-73.97988099999999,40.659822],[-73.979821,40.659912],[-73.97976,40.660002],[-73.979696,40.660092],[-73.979631,40.660183],[-73.97956399999998,40.660274],[-73.97949299999999,40.660365]]},"properties":{"routes":["F","G"],"direction":"N","colors":["#799534","#EB6800"],"colorCount":2,"color0":"#799534","color1":"#EB6800","color2":""}},{"type":"Feature","geometry":{"type":"LineString","coordinates":[[-73.97949299999999,40.660365],[-73.97949299999999,40.660365],[-73.977329,40.663046],[-73.977197,40.663205],[-73.977094,40.66336400000001],[-73.977015,40.663519],[-73.976959,40.663671],[-73.97692799999999,40.66382],[-73.976921,40.663966],[-73.976938,40.664108],[-73.976978,40.664247],[-73.977043,40.664383],[-73.97713199999998,40.664515],[-73.977245,40.664645],[-73.977382,40.664771],[-73.977544,40.664893],[-73.977729,40.665012999999995],[-73.977941,40.66513],[-73.980305,40.666271]]},"properties":{"routes":["F","G"],"direction":"N","colors":["#799534","#EB6800"],"colorCount":2,"color0":"#799534","color1":"#EB6800","color2":""}},{"type":"Feature","geometry":{"type":"LineString","coordinates":[[-73.980305,40.666271],[-73.980305,40.666271],[-73.982712,40.667436],[-73.982761,40.667459],[-73.982809,40.667482],[-73.982856,40.66750499999999],[-73.982902,40.667527],[-73.982948,40.667549],[-73.982993,40.667571],[-73.983037,40.667593],[-73.983081,40.667615],[-73.983123,40.667636],[-73.983166,40.667657],[-73.983207,40.66767800000001],[-73.983248,40.667699],[-73.983287,40.66772],[-73.983327,40.66774],[-73.983365,40.66776],[-73.985354,40.668766],[-73.985451,40.668808],[-73.985549,40.668847],[-73.98564699999999,40.668884],[-73.985745,40.66891900000001],[-73.985843,40.668952],[-73.985942,40.668982],[-73.986041,40.669011],[-73.986139,40.669037],[-73.98623799999999,40.669061000000006],[-73.98633799999999,40.669083],[-73.986437,40.669102],[-73.986537,40.66912],[-73.986636,40.669135],[-73.986736,40.669148],[-73.986836,40.66916],[-73.986944,40.669177],[-73.987053,40.669197000000004],[-73.98716199999998,40.669218],[-73.987271,40.669242],[-73.98738,40.669268],[-73.987489,40.669295],[-73.987598,40.66932499999999],[-73.987708,40.669357],[-73.987817,40.669391],[-73.987926,40.669427],[-73.98803499999998,40.669466],[-73.988144,40.669506],[-73.988253,40.669548],[-73.988362,40.66959299999999],[-73.98847,40.669639],[-73.989779,40.670272]]},"properties":{"routes":["F","G"],"direction":"N","colors":["#799534","#EB6800"],"colorCount":2,"color0":"#799534","color1":"#EB6800","color2":""}},{"type":"Feature","geometry":{"type":"LineString","coordinates":[[-73.989779,40.670272],[-73.989779,40.670272],[-73.992891,40.671773],[-73.992925,40.671791],[-73.992958,40.671808],[-73.992991,40.671826],[-73.993023,40.671843],[-73.993056,40.67186000000001],[-73.993087,40.671877],[-73.993119,40.671894],[-73.993149,40.67191],[-73.99318,40.671927],[-73.99321,40.671943000000006],[-73.99324,40.671959],[-73.993269,40.671976],[-73.993298,40.67199200000001],[-73.993326,40.672007],[-73.993354,40.672023],[-73.995224,40.673105],[-73.995278,40.673136],[-73.995331,40.673167],[-73.995383,40.673198],[-73.995434,40.673229],[-73.995485,40.67326],[-73.995536,40.673292],[-73.99558499999999,40.673323],[-73.995634,40.673355],[-73.995683,40.67338699999999],[-73.99573,40.673418],[-73.995777,40.67345],[-73.995824,40.673482],[-73.99587,40.673514],[-73.995915,40.673547],[-73.99595899999998,40.673579999999994]]},"properties":{"routes":["F","G"],"direction":"N","colors":["#799534","#EB6800"],"colorCount":2,"color0":"#799534","color1":"#EB6800","color2":""}},{"type":"Feature","geometry":{"type":"LineString","coordinates":[[-73.99595899999998,40.673579999999994],[-73.99595899999998,40.673579999999994],[-73.996031,40.67363100000001],[-73.996103,40.673684],[-73.99617599999999,40.673738],[-73.996248,40.673793],[-73.99632,40.673849],[-73.996391,40.673906],[-73.996462,40.673964000000005],[-73.996533,40.674024],[-73.996604,40.674085],[-73.996675,40.674147],[-73.996745,40.67421],[-73.996815,40.674274],[-73.996884,40.67434],[-73.996954,40.674406],[-73.997022,40.674474],[-73.997086,40.674547],[-73.997146,40.67462200000001],[-73.99719999999999,40.67469899999999],[-73.99725,40.674778],[-73.997294,40.674859],[-73.997333,40.674941],[-73.997367,40.675025],[-73.997396,40.675111],[-73.99741899999998,40.675199],[-73.997438,40.675288],[-73.997451,40.675379],[-73.997459,40.675472],[-73.997462,40.675567],[-73.99746,40.675663],[-73.99745399999999,40.67576],[-73.997447,40.675805],[-73.997437,40.67585],[-73.997427,40.675896],[-73.997415,40.675941],[-73.99740299999999,40.675986],[-73.997389,40.676031],[-73.99737499999999,40.676076],[-73.997359,40.676122],[-73.997343,40.676167],[-73.997325,40.676212],[-73.997306,40.67625699999999],[-73.997287,40.676302],[-73.997266,40.676348],[-73.99724499999999,40.676393000000004],[-73.997223,40.676438],[-73.996262,40.678436],[-73.996182,40.678593],[-73.9961,40.678744],[-73.996019,40.67889],[-73.995937,40.679032],[-73.995856,40.679169],[-73.995775,40.679303],[-73.995694,40.679431],[-73.995612,40.679556],[-73.995532,40.679676],[-73.99545099999999,40.679790999999994],[-73.99537,40.679902],[-73.995289,40.680009],[-73.995209,40.680111],[-73.995128,40.680209],[-73.995048,40.680302999999995]]},"properties":{"routes":["F","G"],"direction":"N","colors":["#799534","#EB6800"],"colorCount":2,"color0":"#799534","color1":"#EB6800","color2":""}},{"type":"Feature","geometry":{"type":"LineString","coordinates":[[-73.995048,40.680302999999995],[-73.995048,40.680302999999995],[-73.99445399999999,40.680903],[-73.99440299999999,40.680967],[-73.994353,40.681033],[-73.99430199999999,40.681099],[-73.994252,40.68116599999999],[-73.994202,40.681234],[-73.994151,40.681302],[-73.994101,40.681371],[-73.994051,40.681441],[-73.994001,40.681511],[-73.993951,40.681583],[-73.993901,40.681655],[-73.993851,40.681727],[-73.993801,40.68180000000001],[-73.993751,40.681874],[-73.993701,40.681949],[-73.990862,40.686145]]},"properties":{"routes":["F","G"],"direction":"N","colors":["#799534","#EB6800"],"colorCount":2,"color0":"#799534","color1":"#EB6800","color2":""}},{"type":"Feature","geometry":{"type":"LineString","coordinates":[[-73.990862,40.686145],[-73.990862,40.686145],[-73.988937,40.68892900000001],[-73.988501,40.689573]]},"properties":{"routes":["F","G"],"direction":"N","colors":["#799534","#EB6800"],"colorCount":2,"color0":"#799534","color1":"#EB6800","color2":""}},{"type":"Feature","geometry":{"type":"LineString","coordinates":[[-73.988501,40.689573],[-73.988177,40.690053]]},"properties":{"routes":["F"],"direction":"N","colors":["#EB6800"],"colorCount":1,"color0":"#EB6800","color1":"","color2":""}},{"type":"Feature","geometry":{"type":"LineString","coordinates":[[-73.986968,40.698446],[-73.986885,40.699743],[-73.986772,40.701398]]},"properties":{"routes":["F"],"direction":"N","colors":["#EB6800"],"colorCount":1,"color0":"#EB6800","color1":"","color2":""}},{"type":"Feature","geometry":{"type":"LineString","coordinates":[[-73.986772,40.701398],[-73.986772,40.701398],[-73.986587,40.70409900000001],[-73.98657899999999,40.704345],[-73.986585,40.704591],[-73.986604,40.704836],[-73.986636,40.705079],[-73.986682,40.705322],[-73.986741,40.705563],[-73.986813,40.705802999999996],[-73.986898,40.706042],[-73.986997,40.70628],[-73.987109,40.706517],[-73.987234,40.706752],[-73.987372,40.706987000000005],[-73.987524,40.70722],[-73.987689,40.707452],[-73.987867,40.707683],[-73.988681,40.708766],[-73.988791,40.708915],[-73.988899,40.709070999999994],[-73.989002,40.709232],[-73.9891,40.709397],[-73.98919299999999,40.709566],[-73.989281,40.70974],[-73.989365,40.70991800000001],[-73.989444,40.710101],[-73.989518,40.710288],[-73.989587,40.710479],[-73.989652,40.710675],[-73.989712,40.710875],[-73.989767,40.711079],[-73.989817,40.711288],[-73.989866,40.711503],[-73.99007,40.71281599999999],[-73.99008,40.712885],[-73.990091,40.712953],[-73.990101,40.71302],[-73.99011,40.713086],[-73.990119,40.71315],[-73.990127,40.713212],[-73.990134,40.713274],[-73.990141,40.713334],[-73.990148,40.713392],[-73.990154,40.713449999999995],[-73.990159,40.713506],[-73.99016399999998,40.71356],[-73.990168,40.713613],[-73.990171,40.713665],[-73.990173,40.713715]]},"properties":{"routes":["F"],"direction":"N","colors":["#EB6800"],"colorCount":1,"color0":"#EB6800","color1":"","color2":""}},{"type":"Feature","geometry":{"type":"LineString","coordinates":[[-73.990173,40.713715],[-73.990173,40.713715],[-73.990177,40.713758],[-73.990181,40.713802],[-73.990184,40.713846],[-73.990187,40.713889],[-73.990188,40.713931],[-73.990189,40.713973],[-73.99019,40.714014],[-73.99019,40.714055],[-73.990189,40.714096],[-73.990188,40.714136],[-73.990186,40.714176],[-73.990183,40.714215],[-73.99018,40.714253],[-73.990176,40.71429100000001],[-73.990171,40.71433],[-73.990161,40.71439],[-73.990152,40.714448],[-73.990141,40.71450599999999],[-73.990127,40.714566],[-73.990112,40.714625],[-73.990095,40.71468500000001],[-73.990076,40.714746],[-73.990055,40.714807],[-73.990033,40.714868],[-73.990008,40.71493],[-73.989981,40.714992],[-73.989953,40.715055],[-73.989922,40.715118],[-73.98989,40.715182],[-73.989854,40.715245],[-73.98811399999998,40.71861100000001]]},"properties":{"routes":["F"],"direction":"N","colors":["#EB6800"],"colorCount":1,"color0":"#EB6800","color1":"","color2":""}},{"type":"Feature","geometry":{"type":"LineString","coordinates":[[-73.98811399999998,40.71861100000001],[-73.98811399999998,40.71861100000001],[-73.98692899999999,40.720922],[-73.986848,40.721101],[-73.986786,40.721272],[-73.98674599999998,40.721436000000004],[-73.986727,40.721592],[-73.98672899999998,40.721741],[-73.98675199999998,40.721880999999996],[-73.986797,40.722014],[-73.986863,40.722138],[-73.98695,40.722255],[-73.987058,40.722365],[-73.987188,40.722466],[-73.987339,40.72255899999999],[-73.987511,40.722645],[-73.987704,40.722723],[-73.987919,40.722792],[-73.989938,40.723402]]},"properties":{"routes":["F"],"direction":"N","colors":["#EB6800"],"colorCount":1,"color0":"#EB6800","color1":"","color2":""}},{"type":"Feature","geometry":{"type":"LineString","coordinates":[[-73.989938,40.723402],[-73.989938,40.723402],[-73.991703,40.723931]]},"properties":{"routes":["F"],"direction":"N","colors":["#EB6800"],"colorCount":1,"color0":"#EB6800","color1":"","color2":""}},{"type":"Feature","geometry":{"type":"LineString","coordinates":[[-73.97931799999999,40.761417],[-73.9793175579712,40.76141760328082],[-73.97931744723137,40.76141775400325],[-73.97931757315975,40.76141758148365],[-73.97931784113563,40.761417215038406],[-73.97931815653816,40.76141678398387],[-73.97931842474664,40.7614164176364],[-73.97931855114028,40.76141624531235],[-73.97931844109831,40.761416396328094],[-73.97931799999999,40.761417]]},"properties":{"routes":["F","M"],"direction":"N","colors":["#EB6800"],"colorCount":1,"color0":"#EB6800","color1":"","color2":""}},{"type":"Feature","geometry":{"type":"LineString","coordinates":[[-73.97931799999999,40.761417],[-73.97927013681769,40.76148247102579],[-73.97922226150625,40.761547936957285],[-73.97917437735647,40.76161339917665],[-73.97912648765917,40.76167885906607],[-73.97907859570515,40.761744318007715],[-73.97903070478522,40.76180977738376],[-73.97898281819016,40.761875238576394],[-73.97893493921083,40.7619407029678],[-73.97888707113802,40.76200617194012],[-73.97745,40.763972]]},"properties":{"routes":["F","M"],"direction":"N","colors":["#EB6800"],"colorCount":1,"color0":"#EB6800","color1":"","color2":""}},{"type":"Feature","geometry":{"type":"LineString","coordinates":[[-73.97745,40.763972],[-73.97745,40.763972],[-73.975637,40.766457],[-73.975434,40.76666000000001],[-73.975214,40.766834],[-73.974983,40.766982],[-73.97473999999998,40.767106],[-73.974487,40.767205],[-73.974222,40.76728],[-73.973945,40.767329],[-73.973658,40.767353],[-73.97335899999999,40.767352],[-73.97332539418599,40.76734928985371],[-73.97322815378114,40.76735167138493],[-73.97312841380206,40.76737032897268],[-73.97302753397085,40.76739941822656],[-73.9729268740096,40.76743309475615],[-73.97282779364036,40.76746551417105],[-73.97273165258521,40.76749083208082],[-73.97263981056624,40.76750320409508],[-73.97255362730549,40.76749678582338],[-73.97247446252507,40.767465732875365]]},"properties":{"routes":["F","M"],"direction":"N","colors":["#EB6800"],"colorCount":1,"color0":"#EB6800","color1":"","color2":""}},{"type":"Feature","geometry":{"type":"LineString","coordinates":[[-73.972606,40.767545],[-73.972148,40.76726899999999],[-73.97210199999999,40.767239],[-73.972055,40.76721],[-73.972007,40.76718000000001],[-73.971957,40.76715],[-73.971906,40.767120999999996],[-73.971854,40.767091],[-73.971801,40.767061999999996],[-73.971747,40.767032],[-73.971691,40.767003],[-73.971634,40.766973],[-73.971576,40.766944],[-73.971516,40.766915],[-73.971456,40.766885],[-73.971394,40.766856],[-73.97132999999998,40.766827],[-73.966113,40.764629]]},"properties":{"routes":["F","M","Q"],"direction":"N","colors":["#EB6800","#F6BC26"],"colorCount":2,"color0":"#EB6800","color1":"#F6BC26","color2":""}},{"type":"Feature","geometry":{"type":"LineString","coordinates":[[-73.966113,40.764629],[-73.966113,40.764629],[-73.96455799999998,40.763973],[-73.963416,40.763492]]},"properties":{"routes":["F","M","Q"],"direction":"N","colors":["#EB6800","#F6BC26"],"colorCount":2,"color0":"#EB6800","color1":"#F6BC26","color2":""}},{"type":"Feature","geometry":{"type":"LineString","coordinates":[[-73.963416,40.763492],[-73.95770699999998,40.761088],[-73.957666,40.761071],[-73.957625,40.761053],[-73.957585,40.761036],[-73.957545,40.761019],[-73.957506,40.761003],[-73.957468,40.760986],[-73.957431,40.76097],[-73.957394,40.760954],[-73.957357,40.760938],[-73.95732199999999,40.760921999999994],[-73.957287,40.760907],[-73.957253,40.760892],[-73.957219,40.760877],[-73.957186,40.760862],[-73.957154,40.760847],[-73.95325999999999,40.759145]]},"properties":{"routes":["F","M"],"direction":"N","colors":["#EB6800"],"colorCount":1,"color0":"#EB6800","color1":"","color2":""}},{"type":"Feature","geometry":{"type":"LineString","coordinates":[[-73.95325999999999,40.759145],[-73.95325999999999,40.759145],[-73.947784,40.756723],[-73.947738,40.756703],[-73.947691,40.756682],[-73.94764499999998,40.75666100000001],[-73.9476,40.75664],[-73.947554,40.756618],[-73.947509,40.756597],[-73.947464,40.756575],[-73.947419,40.75655299999999],[-73.947374,40.756530999999995],[-73.947329,40.756508],[-73.947285,40.756485],[-73.94724,40.756462],[-73.947196,40.756439],[-73.947153,40.756416],[-73.94710899999998,40.756392],[-73.942836,40.754203]]},"properties":{"routes":["F","M"],"direction":"N","colors":["#EB6800"],"colorCount":1,"color0":"#EB6800","color1":"","color2":""}},{"type":"Feature","geometry":{"type":"LineString","coordinates":[[-73.942836,40.754203],[-73.942836,40.754203],[-73.941824,40.753681],[-73.94176799999998,40.75365300000001],[-73.941712,40.753624],[-73.941656,40.75359400000001],[-73.9416,40.753565],[-73.941544,40.75353499999999],[-73.94148799999999,40.753506],[-73.941432,40.75347599999999],[-73.941376,40.753446],[-73.94132,40.753416],[-73.941265,40.753386],[-73.94120899999999,40.753355],[-73.94115399999998,40.753325],[-73.941099,40.753294],[-73.941043,40.753264],[-73.940988,40.753234],[-73.93668999999998,40.750946],[-73.936548,40.750871],[-73.936405,40.750809],[-73.936262,40.750759],[-73.936119,40.750722],[-73.935975,40.750697],[-73.93590061843837,40.75069023803985],[-73.9358101175687,40.750677901245076],[-73.93571469235934,40.75065921729347],[-73.93561674687783,40.750637883831295],[-73.93551868519174,40.75061759850482],[-73.93542291136859,40.75060205896027],[-73.93533182947598,40.750594962843934],[-73.93524784358145,40.75060000780205],[-73.93517335775253,40.75062089148087],[-73.93511077605677,40.750661311526656]]},"properties":{"routes":["F","M"],"direction":"N","colors":["#EB6800"],"colorCount":1,"color0":"#EB6800","color1":"","color2":""}},{"type":"Feature","geometry":{"type":"LineString","coordinates":[[-73.817537,40.704731],[-73.817333,40.704603],[-73.81709,40.704481],[-73.816836,40.704382],[-73.81657099999998,40.704306],[-73.816296,40.704252],[-73.816009,40.704221],[-73.815712,40.704214],[-73.815403,40.704229],[-73.81508399999998,40.704267],[-73.814754,40.704327],[-73.81441399999999,40.704413],[-73.810709,40.70546]]},"properties":{"routes":["F"],"direction":"N","colors":["#EB6800"],"colorCount":1,"color0":"#EB6800","color1":"","color2":""}},{"type":"Feature","geometry":{"type":"LineString","coordinates":[[-73.810709,40.70546],[-73.810708,40.70546],[-73.803327,40.707564]]},"properties":{"routes":["F"],"direction":"N","colors":["#EB6800"],"colorCount":1,"color0":"#EB6800","color1":"","color2":""}},{"type":"Feature","geometry":{"type":"LineString","coordinates":[[-73.803327,40.707564],[-73.803326,40.707564],[-73.795611,40.709755],[-73.79555599999999,40.70977],[-73.795499,40.70978600000001],[-73.795443,40.709802],[-73.795386,40.709819],[-73.795329,40.709836],[-73.795272,40.709854],[-73.795215,40.709872],[-73.795157,40.70989],[-73.795099,40.709909],[-73.795042,40.709929],[-73.794983,40.709949],[-73.794925,40.70997],[-73.794867,40.709990999999995],[-73.794808,40.710012],[-73.794749,40.710034],[-73.793605,40.71047]]},"properties":{"routes":["F"],"direction":"N","colors":["#EB6800"],"colorCount":1,"color0":"#EB6800","color1":"","color2":""}},{"type":"Feature","geometry":{"type":"LineString","coordinates":[[-73.793605,40.71047],[-73.79360399999999,40.71047],[-73.790828,40.711493],[-73.790661,40.711555],[-73.790491,40.711613],[-73.790317,40.711666],[-73.79013999999998,40.711716],[-73.789961,40.71176199999999],[-73.789778,40.71180300000001],[-73.789591,40.711841],[-73.789402,40.71187400000001],[-73.789209,40.711904],[-73.789014,40.711929],[-73.788815,40.71195],[-73.788612,40.711967],[-73.788407,40.71198],[-73.78819899999999,40.711989],[-73.78799,40.711994],[-73.786515,40.712102],[-73.786429,40.71211],[-73.786343,40.712119],[-73.786257,40.71213],[-73.786172,40.712141],[-73.786087,40.712152],[-73.786003,40.712164],[-73.785919,40.712177],[-73.78583499999999,40.712191],[-73.785753,40.712205],[-73.78567,40.71222],[-73.785588,40.712236],[-73.785507,40.712252],[-73.785426,40.712269],[-73.785346,40.712287],[-73.785267,40.712305],[-73.783818,40.712646]]},"properties":{"routes":["F"],"direction":"N","colors":["#EB6800"],"colorCount":1,"color0":"#EB6800","color1":"","color2":""}},{"type":"Feature","geometry":{"type":"LineString","coordinates":[[-73.97949386321321,40.761176393410665],[-73.97945045013232,40.761221801026984],[-73.97939562322598,40.761258411811816],[-73.97933184625994,40.76128819953085],[-73.97926158299997,40.761313137949756],[-73.9791872972118,40.76133520083421],[-73.97911145266113,40.761356361949936],[-73.97903651311377,40.76137859506257],[-73.97896494233544,40.76140387393784],[-73.97889920409189,40.76143417234138],[-73.97886182082831,40.76145435068173],[-73.97877770558425,40.76149430923884],[-73.97869387969143,40.76152501145436],[-73.9786109154525,40.76154249253274],[-73.97852938517008,40.7615427876785],[-73.97844986114679,40.76152193209609]]},"properties":{"routes":["F"],"direction":"N","colors":["#EB6800"],"colorCount":1,"color0":"#EB6800","color1":"","color2":""}},{"type":"Feature","geometry":{"type":"LineString","coordinates":[[-73.92410706328099,40.75267154937521],[-73.92403660986038,40.752709577935526],[-73.9239548644548,40.75272491545152],[-73.92386424709899,40.75272304147545],[-73.92376717782771,40.75270943555957],[-73.9236660766757,40.75268957725614],[-73.92356336367772,40.7526689461174],[-73.92346145886852,40.75265302169564],[-73.92336278228284,40.752647283543084],[-73.92326975395542,40.75265721121201],[-73.918734,40.753651],[-73.918511,40.753697],[-73.918288,40.753737],[-73.918064,40.753771],[-73.91784,40.753798999999994],[-73.917614,40.753821],[-73.917388,40.753837],[-73.91716,40.753847],[-73.91693199999999,40.753851999999995],[-73.91670199999999,40.75385000000001],[-73.916472,40.753843],[-73.91624099999999,40.75383],[-73.916009,40.753811],[-73.91577599999998,40.753786],[-73.915542,40.753755],[-73.91530899999998,40.753719],[-73.911537,40.753079],[-73.91141999999999,40.753066],[-73.911304,40.753054],[-73.911187,40.753044],[-73.911072,40.753035],[-73.910957,40.753027],[-73.910844,40.753022],[-73.91073,40.75301699999999],[-73.910618,40.75301499999999],[-73.910506,40.753014],[-73.910395,40.753014],[-73.910285,40.75301699999999],[-73.910175,40.75302],[-73.910066,40.753026],[-73.909958,40.753033],[-73.90985199999999,40.753041],[-73.908257,40.753207999999994],[-73.908092,40.75322],[-73.907928,40.753226],[-73.907767,40.753228],[-73.907609,40.753225],[-73.907452,40.75321799999999],[-73.907298,40.753205],[-73.907145,40.753188],[-73.906995,40.753167],[-73.906847,40.75314],[-73.906702,40.753109],[-73.906558,40.753074000000005],[-73.906417,40.753033],[-73.906278,40.752988],[-73.906263,40.752982]]},"properties":{"routes":["F"],"direction":"N","colors":["#EB6800"],"colorCount":1,"color0":"#EB6800","color1":"","color2":""}},{"type":"Feature","geometry":{"type":"LineString","coordinates":[[-73.783817,40.712646],[-73.785267,40.712305],[-73.785346,40.712287],[-73.785426,40.712269],[-73.785507,40.712252],[-73.785588,40.712236],[-73.78567,40.71222],[-73.785753,40.712205],[-73.78583499999999,40.712191],[-73.785919,40.712177],[-73.786003,40.712164],[-73.786087,40.712152],[-73.786172,40.712141],[-73.786257,40.71213],[-73.786343,40.712119],[-73.786429,40.71211],[-73.786515,40.712102],[-73.78799,40.711994],[-73.78819899999999,40.711989],[-73.788407,40.71198],[-73.788612,40.711967],[-73.788815,40.71195],[-73.789014,40.711929],[-73.789209,40.711904],[-73.789402,40.71187400000001],[-73.789591,40.711841],[-73.789778,40.71180300000001],[-73.789961,40.71176199999999],[-73.79013999999998,40.711716],[-73.790317,40.711666],[-73.790491,40.711613],[-73.790661,40.711555],[-73.790828,40.711493],[-73.79360399999999,40.71047]]},"properties":{"routes":["F"],"direction":"S","colors":["#EB6800"],"colorCount":1,"color0":"#EB6800","color1":"","color2":""}},{"type":"Feature","geometry":{"type":"LineString","coordinates":[[-73.79360399999999,40.71047],[-73.79360399999999,40.71047],[-73.794749,40.710034],[-73.794808,40.710012],[-73.794867,40.709990999999995],[-73.794925,40.70997],[-73.794983,40.709949],[-73.795042,40.709929],[-73.795099,40.709909],[-73.795157,40.70989],[-73.795215,40.709872],[-73.795272,40.709854],[-73.795329,40.709836],[-73.795386,40.709819],[-73.795443,40.709802],[-73.795499,40.70978600000001],[-73.79555599999999,40.70977],[-73.795611,40.709755],[-73.803326,40.707564]]},"properties":{"routes":["F"],"direction":"S","colors":["#EB6800"],"colorCount":1,"color0":"#EB6800","color1":"","color2":""}},{"type":"Feature","geometry":{"type":"LineString","coordinates":[[-73.803326,40.707564],[-73.803326,40.707564],[-73.810708,40.70546]]},"properties":{"routes":["F"],"direction":"S","colors":["#EB6800"],"colorCount":1,"color0":"#EB6800","color1":"","color2":""}},{"type":"Feature","geometry":{"type":"LineString","coordinates":[[-73.810708,40.70546],[-73.810708,40.70546],[-73.81441399999999,40.704413],[-73.814754,40.704327],[-73.81508399999998,40.704267],[-73.815403,40.704229],[-73.815712,40.704214],[-73.816009,40.704221],[-73.816296,40.704252],[-73.81657099999998,40.704306],[-73.816836,40.704382],[-73.81709,40.704481],[-73.817333,40.704603],[-73.817565,40.704748],[-73.817592,40.704768]]},"properties":{"routes":["F"],"direction":"S","colors":["#EB6800"],"colorCount":1,"color0":"#EB6800","color1":"","color2":""}},{"type":"Feature","geometry":{"type":"LineString","coordinates":[[-73.93501044194053,40.7507366333584],[-73.93506873587293,40.750697025383715],[-73.93513785033049,40.750672105185956],[-73.93521563740057,40.750659195127554],[-73.93529994917066,40.75065561757094],[-73.93538863772814,40.75065869487857],[-73.93547955516044,40.75066574941284],[-73.935570553555,40.75067410353621],[-73.93565948499925,40.75068107961113],[-73.93574420158059,40.750684],[-73.935832,40.750684],[-73.935975,40.750697],[-73.936119,40.750722],[-73.936262,40.750759],[-73.936405,40.750809],[-73.936548,40.750871],[-73.93668999999998,40.750946],[-73.940988,40.753234],[-73.941043,40.753264],[-73.941099,40.753294],[-73.94115399999998,40.753325],[-73.94120899999999,40.753355],[-73.941265,40.753386],[-73.94132,40.753416],[-73.941376,40.753446],[-73.941432,40.75347599999999],[-73.94148799999999,40.753506],[-73.941544,40.75353499999999],[-73.9416,40.753565],[-73.941656,40.75359400000001],[-73.941712,40.753624],[-73.94176799999998,40.75365300000001],[-73.941824,40.753681],[-73.942836,40.754203]]},"properties":{"routes":["F","M"],"direction":"S","colors":["#EB6800"],"colorCount":1,"color0":"#EB6800","color1":"","color2":""}},{"type":"Feature","geometry":{"type":"LineString","coordinates":[[-73.942836,40.754203],[-73.942836,40.754203],[-73.94710899999998,40.756392],[-73.947153,40.756416],[-73.947196,40.756439],[-73.94724,40.756462],[-73.947285,40.756485],[-73.947329,40.756508],[-73.947374,40.756530999999995],[-73.947419,40.75655299999999],[-73.947464,40.756575],[-73.947509,40.756597],[-73.947554,40.756618],[-73.9476,40.75664],[-73.94764499999998,40.75666100000001],[-73.947691,40.756682],[-73.947738,40.756703],[-73.947784,40.756723],[-73.95325999999999,40.759145]]},"properties":{"routes":["F","M"],"direction":"S","colors":["#EB6800"],"colorCount":1,"color0":"#EB6800","color1":"","color2":""}},{"type":"Feature","geometry":{"type":"LineString","coordinates":[[-73.95325999999999,40.759145],[-73.95325999999999,40.759145],[-73.957154,40.760847],[-73.957186,40.760862],[-73.957219,40.760877],[-73.957253,40.760892],[-73.957287,40.760907],[-73.95732199999999,40.760921999999994],[-73.957357,40.760938],[-73.957394,40.760954],[-73.957431,40.76097],[-73.957468,40.760986],[-73.957506,40.761003],[-73.957545,40.761019],[-73.957585,40.761036],[-73.957625,40.761053],[-73.957666,40.761071],[-73.95770699999998,40.761088],[-73.963493,40.763525]]},"properties":{"routes":["F","M"],"direction":"S","colors":["#EB6800"],"colorCount":1,"color0":"#EB6800","color1":"","color2":""}},{"type":"Feature","geometry":{"type":"LineString","coordinates":[[-73.963493,40.763525],[-73.96455799999998,40.763973],[-73.966113,40.764629]]},"properties":{"routes":["F","M","Q"],"direction":"S","colors":["#EB6800","#F6BC26"],"colorCount":2,"color0":"#EB6800","color1":"#F6BC26","color2":""}},{"type":"Feature","geometry":{"type":"LineString","coordinates":[[-73.966113,40.764629],[-73.966113,40.764629],[-73.97132999999998,40.766827],[-73.971394,40.766856],[-73.971456,40.766885],[-73.971516,40.766915],[-73.971576,40.766944],[-73.971634,40.766973],[-73.971691,40.767003],[-73.971747,40.767032],[-73.971801,40.767061999999996],[-73.971854,40.767091],[-73.971906,40.767120999999996],[-73.971957,40.76715],[-73.972007,40.76718000000001],[-73.972055,40.76721],[-73.97210199999999,40.767239],[-73.972148,40.76726899999999],[-73.972543,40.76750700000001]]},"properties":{"routes":["F","M","Q"],"direction":"S","colors":["#EB6800","#F6BC26"],"colorCount":2,"color0":"#EB6800","color1":"#F6BC26","color2":""}},{"type":"Feature","geometry":{"type":"LineString","coordinates":[[-73.97249924935778,40.767480638853556],[-73.9725793821411,40.76751173729602],[-73.97266647234076,40.76751726030748],[-73.97275918615271,40.76750330527302],[-73.9728561897729,40.767475969577696],[-73.97295614939723,40.76744135060659],[-73.97305773122163,40.76740554574476],[-73.97315960144206,40.767374652377285],[-73.97326042625444,40.767354767889245],[-73.97335887185471,40.767351989665706],[-73.97335899999999,40.767352],[-73.973658,40.767353],[-73.973945,40.767329],[-73.974222,40.76728],[-73.974487,40.767205],[-73.97473999999998,40.767106],[-73.974983,40.766982],[-73.975214,40.766834],[-73.975434,40.76666000000001],[-73.975637,40.766457],[-73.97745,40.763972]]},"properties":{"routes":["F","M"],"direction":"S","colors":["#EB6800"],"colorCount":1,"color0":"#EB6800","color1":"","color2":""}},{"type":"Feature","geometry":{"type":"LineString","coordinates":[[-73.97745,40.763972],[-73.97745,40.763972],[-73.97923299999998,40.761533]]},"properties":{"routes":["F","M"],"direction":"S","colors":["#EB6800"],"colorCount":1,"color0":"#EB6800","color1":"","color2":""}},{"type":"Feature","geometry":{"type":"LineString","coordinates":[[-73.991798,40.72396],[-73.989938,40.723402]]},"properties":{"routes":["F"],"direction":"S","colors":["#EB6800"],"colorCount":1,"color0":"#EB6800","color1":"","color2":""}},{"type":"Feature","geometry":{"type":"LineString","coordinates":[[-73.989938,40.723402],[-73.989938,40.723402],[-73.987919,40.722792],[-73.987704,40.722723],[-73.987511,40.722645],[-73.987339,40.72255899999999],[-73.987188,40.722466],[-73.987058,40.722365],[-73.98695,40.722255],[-73.986863,40.722138],[-73.986797,40.722014],[-73.98675199999998,40.721880999999996],[-73.98672899999998,40.721741],[-73.986727,40.721592],[-73.98674599999998,40.721436000000004],[-73.986786,40.721272],[-73.986848,40.721101],[-73.98692899999999,40.720922],[-73.98811399999998,40.71861100000001]]},"properties":{"routes":["F"],"direction":"S","colors":["#EB6800"],"colorCount":1,"color0":"#EB6800","color1":"","color2":""}},{"type":"Feature","geometry":{"type":"LineString","coordinates":[[-73.98811399999998,40.71861100000001],[-73.98811399999998,40.71861100000001],[-73.989854,40.715245],[-73.98989,40.715182],[-73.989922,40.715118],[-73.989953,40.715055],[-73.989981,40.714992],[-73.990008,40.71493],[-73.990033,40.714868],[-73.990055,40.714807],[-73.990076,40.714746],[-73.990095,40.71468500000001],[-73.990112,40.714625],[-73.990127,40.714566],[-73.990141,40.71450599999999],[-73.990152,40.714448],[-73.990161,40.71439],[-73.990171,40.71433],[-73.990176,40.71429100000001],[-73.99018,40.714253],[-73.990183,40.714215],[-73.990186,40.714176],[-73.990188,40.714136],[-73.990189,40.714096],[-73.99019,40.714055],[-73.99019,40.714014],[-73.990189,40.713973],[-73.990188,40.713931],[-73.990187,40.713889],[-73.990184,40.713846],[-73.990181,40.713802],[-73.990177,40.713758],[-73.990173,40.713715]]},"properties":{"routes":["F"],"direction":"S","colors":["#EB6800"],"colorCount":1,"color0":"#EB6800","color1":"","color2":""}},{"type":"Feature","geometry":{"type":"LineString","coordinates":[[-73.990173,40.713715],[-73.990173,40.713715],[-73.990171,40.713665],[-73.990168,40.713613],[-73.99016399999998,40.71356],[-73.990159,40.713506],[-73.990154,40.713449999999995],[-73.990148,40.713392],[-73.990141,40.713334],[-73.990134,40.713274],[-73.990127,40.713212],[-73.990119,40.71315],[-73.99011,40.713086],[-73.990101,40.71302],[-73.990091,40.712953],[-73.99008,40.712885],[-73.99007,40.71281599999999],[-73.989866,40.711503],[-73.989817,40.711288],[-73.989767,40.711079],[-73.989712,40.710875],[-73.989652,40.710675],[-73.989587,40.710479],[-73.989518,40.710288],[-73.989444,40.710101],[-73.989365,40.70991800000001],[-73.989281,40.70974],[-73.98919299999999,40.709566],[-73.9891,40.709397],[-73.989002,40.709232],[-73.988899,40.709070999999994],[-73.988791,40.708915],[-73.988681,40.708766],[-73.987867,40.707683],[-73.987689,40.707452],[-73.987524,40.70722],[-73.987372,40.706987000000005],[-73.987234,40.706752],[-73.987109,40.706517],[-73.986997,40.70628],[-73.986898,40.706042],[-73.986813,40.705802999999996],[-73.986741,40.705563],[-73.986682,40.705322],[-73.986636,40.705079],[-73.986604,40.704836],[-73.986585,40.704591],[-73.98657899999999,40.704345],[-73.986587,40.70409900000001],[-73.986772,40.701398]]},"properties":{"routes":["F"],"direction":"S","colors":["#EB6800"],"colorCount":1,"color0":"#EB6800","color1":"","color2":""}},{"type":"Feature","geometry":{"type":"LineString","coordinates":[[-73.986772,40.701398],[-73.986772,40.701398],[-73.986885,40.699743],[-73.986969,40.698434]]},"properties":{"routes":["F"],"direction":"S","colors":["#EB6800"],"colorCount":1,"color0":"#EB6800","color1":"","color2":""}},{"type":"Feature","geometry":{"type":"LineString","coordinates":[[-73.988185,40.690041],[-73.98851,40.689561]]},"properties":{"routes":["F"],"direction":"S","colors":["#EB6800"],"colorCount":1,"color0":"#EB6800","color1":"","color2":""}},{"type":"Feature","geometry":{"type":"LineString","coordinates":[[-73.98851,40.689561],[-73.988937,40.68892900000001],[-73.990862,40.686145]]},"properties":{"routes":["F","G"],"direction":"S","colors":["#799534","#EB6800"],"colorCount":2,"color0":"#799534","color1":"#EB6800","color2":""}},{"type":"Feature","geometry":{"type":"LineString","coordinates":[[-73.990862,40.686145],[-73.990862,40.686145],[-73.993701,40.681949],[-73.993751,40.681874],[-73.993801,40.68180000000001],[-73.993851,40.681727],[-73.993901,40.681655],[-73.993951,40.681583],[-73.994001,40.681511],[-73.994051,40.681441],[-73.994101,40.681371],[-73.994151,40.681302],[-73.994202,40.681234],[-73.994252,40.68116599999999],[-73.99430199999999,40.681099],[-73.994353,40.681033],[-73.99440299999999,40.680967],[-73.99445399999999,40.680903],[-73.995048,40.680302999999995]]},"properties":{"routes":["F","G"],"direction":"S","colors":["#799534","#EB6800"],"colorCount":2,"color0":"#799534","color1":"#EB6800","color2":""}},{"type":"Feature","geometry":{"type":"LineString","coordinates":[[-73.995048,40.680302999999995],[-73.995048,40.680302999999995],[-73.995128,40.680209],[-73.995209,40.680111],[-73.995289,40.680009],[-73.99537,40.679902],[-73.99545099999999,40.679790999999994],[-73.995532,40.679676],[-73.995612,40.679556],[-73.995694,40.679431],[-73.995775,40.679303],[-73.995856,40.679169],[-73.995937,40.679032],[-73.996019,40.67889],[-73.9961,40.678744],[-73.996182,40.678593],[-73.996262,40.678436],[-73.997223,40.676438],[-73.99724499999999,40.676393000000004],[-73.997266,40.676348],[-73.997287,40.676302],[-73.997306,40.67625699999999],[-73.997325,40.676212],[-73.997343,40.676167],[-73.997359,40.676122],[-73.99737499999999,40.676076],[-73.997389,40.676031],[-73.99740299999999,40.675986],[-73.997415,40.675941],[-73.997427,40.675896],[-73.997437,40.67585],[-73.997447,40.675805],[-73.99745399999999,40.67576],[-73.99746,40.675663],[-73.997462,40.675567],[-73.997459,40.675472],[-73.997451,40.675379],[-73.997438,40.675288],[-73.99741899999998,40.675199],[-73.997396,40.675111],[-73.997367,40.675025],[-73.997333,40.674941],[-73.997294,40.674859],[-73.99725,40.674778],[-73.99719999999999,40.67469899999999],[-73.997146,40.67462200000001],[-73.997086,40.674547],[-73.997022,40.674474],[-73.996954,40.674406],[-73.996884,40.67434],[-73.996815,40.674274],[-73.996745,40.67421],[-73.996675,40.674147],[-73.996604,40.674085],[-73.996533,40.674024],[-73.996462,40.673964000000005],[-73.996391,40.673906],[-73.99632,40.673849],[-73.996248,40.673793],[-73.99617599999999,40.673738],[-73.996103,40.673684],[-73.996031,40.67363100000001],[-73.99595899999998,40.673579999999994]]},"properties":{"routes":["F","G"],"direction":"S","colors":["#799534","#EB6800"],"colorCount":2,"color0":"#799534","color1":"#EB6800","color2":""}},{"type":"Feature","geometry":{"type":"LineString","coordinates":[[-73.99595899999998,40.673579999999994],[-73.99595899999998,40.673579999999994],[-73.995915,40.673547],[-73.99587,40.673514],[-73.995824,40.673482],[-73.995777,40.67345],[-73.99573,40.673418],[-73.995683,40.67338699999999],[-73.995634,40.673355],[-73.99558499999999,40.673323],[-73.995536,40.673292],[-73.995485,40.67326],[-73.995434,40.673229],[-73.995383,40.673198],[-73.995331,40.673167],[-73.995278,40.673136],[-73.995224,40.673105],[-73.993354,40.672023],[-73.993326,40.672007],[-73.993298,40.67199200000001],[-73.993269,40.671976],[-73.99324,40.671959],[-73.99321,40.671943000000006],[-73.99318,40.671927],[-73.993149,40.67191],[-73.993119,40.671894],[-73.993087,40.671877],[-73.993056,40.67186000000001],[-73.993023,40.671843],[-73.992991,40.671826],[-73.992958,40.671808],[-73.992925,40.671791],[-73.992891,40.671773],[-73.989779,40.670272]]},"properties":{"routes":["F","G"],"direction":"S","colors":["#799534","#EB6800"],"colorCount":2,"color0":"#799534","color1":"#EB6800","color2":""}},{"type":"Feature","geometry":{"type":"LineString","coordinates":[[-73.989779,40.670272],[-73.989779,40.670272],[-73.98847,40.669639],[-73.988362,40.66959299999999],[-73.988253,40.669548],[-73.988144,40.669506],[-73.98803499999998,40.669466],[-73.987926,40.669427],[-73.987817,40.669391],[-73.987708,40.669357],[-73.987598,40.66932499999999],[-73.987489,40.669295],[-73.98738,40.669268],[-73.987271,40.669242],[-73.98716199999998,40.669218],[-73.987053,40.669197000000004],[-73.986944,40.669177],[-73.986836,40.66916],[-73.986736,40.669148],[-73.986636,40.669135],[-73.986537,40.66912],[-73.986437,40.669102],[-73.98633799999999,40.669083],[-73.98623799999999,40.669061000000006],[-73.986139,40.669037],[-73.986041,40.669011],[-73.985942,40.668982],[-73.985843,40.668952],[-73.985745,40.66891900000001],[-73.98564699999999,40.668884],[-73.985549,40.668847],[-73.985451,40.668808],[-73.985354,40.668766],[-73.983365,40.66776],[-73.983327,40.66774],[-73.983287,40.66772],[-73.983248,40.667699],[-73.983207,40.66767800000001],[-73.983166,40.667657],[-73.983123,40.667636],[-73.983081,40.667615],[-73.983037,40.667593],[-73.982993,40.667571],[-73.982948,40.667549],[-73.982902,40.667527],[-73.982856,40.66750499999999],[-73.982809,40.667482],[-73.982761,40.667459],[-73.982712,40.667436],[-73.980305,40.666271]]},"properties":{"routes":["F","G"],"direction":"S","colors":["#799534","#EB6800"],"colorCount":2,"color0":"#799534","color1":"#EB6800","color2":""}},{"type":"Feature","geometry":{"type":"LineString","coordinates":[[-73.980305,40.666271],[-73.980305,40.666271],[-73.977941,40.66513],[-73.977729,40.665012999999995],[-73.977544,40.664893],[-73.977382,40.664771],[-73.977245,40.664645],[-73.97713199999998,40.664515],[-73.977043,40.664383],[-73.976978,40.664247],[-73.976938,40.664108],[-73.976921,40.663966],[-73.97692799999999,40.66382],[-73.976959,40.663671],[-73.977015,40.663519],[-73.977094,40.66336400000001],[-73.977197,40.663205],[-73.977329,40.663046],[-73.97949299999999,40.660365]]},"properties":{"routes":["F","G"],"direction":"S","colors":["#799534","#EB6800"],"colorCount":2,"color0":"#799534","color1":"#EB6800","color2":""}},{"type":"Feature","geometry":{"type":"LineString","coordinates":[[-73.97949299999999,40.660365],[-73.97949299999999,40.660365],[-73.97956399999998,40.660274],[-73.979631,40.660183],[-73.979696,40.660092],[-73.97976,40.660002],[-73.979821,40.659912],[-73.97988099999999,40.659822],[-73.97994,40.659733],[-73.979996,40.659645],[-73.980051,40.659557],[-73.98010399999998,40.659469],[-73.98015499999998,40.659382],[-73.98020399999999,40.659296],[-73.980252,40.65921],[-73.980298,40.659124],[-73.980342,40.659039],[-73.980388,40.658921],[-73.98042,40.65880599999999],[-73.98044,40.658693],[-73.980446,40.658583],[-73.98044,40.658475],[-73.98042,40.658369],[-73.980386,40.658266],[-73.98033999999998,40.658165],[-73.980281,40.658066],[-73.980208,40.65797],[-73.980122,40.65787600000001],[-73.980024,40.657784],[-73.979912,40.657695000000004],[-73.979786,40.65760800000001],[-73.979648,40.657523],[-73.977414,40.656215],[-73.977305,40.656151],[-73.977203,40.656084],[-73.97710799999999,40.656013],[-73.977018,40.655939],[-73.976935,40.655862],[-73.976858,40.655781],[-73.976787,40.655696],[-73.976722,40.65560899999999],[-73.97666399999999,40.655517],[-73.976611,40.655422],[-73.976565,40.655324],[-73.976525,40.655222],[-73.976491,40.655117],[-73.976464,40.655007999999995],[-73.976441,40.654895],[-73.975951,40.652292],[-73.97592999999999,40.652173],[-73.975911,40.652057],[-73.97589399999998,40.651943],[-73.975878,40.651833],[-73.975863,40.651724],[-73.97585,40.651619],[-73.975837,40.651516],[-73.97582499999999,40.65141499999999],[-73.975815,40.651317],[-73.975806,40.651221],[-73.975797,40.651128],[-73.97579,40.651038],[-73.975785,40.650949999999995],[-73.97578,40.650865],[-73.975776,40.650782]]},"properties":{"routes":["F","G"],"direction":"S","colors":["#799534","#EB6800"],"colorCount":2,"color0":"#799534","color1":"#EB6800","color2":""}},{"type":"Feature","geometry":{"type":"LineString","coordinates":[[-73.975776,40.650782],[-73.975776,40.650782],[-73.975789,40.650546],[-73.975814,40.65032],[-73.97585099999999,40.650106],[-73.975901,40.649902],[-73.975964,40.649708],[-73.97604,40.649525],[-73.976129,40.649352],[-73.97623099999998,40.64919],[-73.976345,40.649038],[-73.976473,40.648897],[-73.97661299999999,40.648766],[-73.97676699999998,40.648646],[-73.976933,40.648536],[-73.977113,40.648437],[-73.977306,40.648349],[-73.97866,40.647813],[-73.978865,40.647706],[-73.97905199999998,40.647593],[-73.979223,40.647471],[-73.979376,40.647342],[-73.97951299999998,40.647205],[-73.979632,40.64706],[-73.979733,40.646907],[-73.97981799999998,40.646746],[-73.979886,40.64657699999999],[-73.979936,40.6464],[-73.979969,40.646215],[-73.979986,40.646022],[-73.979985,40.645822],[-73.979966,40.645613],[-73.979931,40.645396999999996],[-73.979678,40.644041]]},"properties":{"routes":["F","G"],"direction":"S","colors":["#799534","#EB6800"],"colorCount":2,"color0":"#799534","color1":"#EB6800","color2":""}},{"type":"Feature","geometry":{"type":"LineString","coordinates":[[-73.979678,40.644041],[-73.979678,40.644041],[-73.97931399999999,40.64212],[-73.979304,40.64206599999999],[-73.979294,40.642013],[-73.979285,40.64196],[-73.979276,40.641908],[-73.979267,40.64185700000001],[-73.97925899999998,40.641806],[-73.979251,40.641755],[-73.979243,40.641705],[-73.979236,40.641656],[-73.97923,40.64160699999999],[-73.979224,40.641558],[-73.979218,40.64151],[-73.979213,40.64146300000001],[-73.979208,40.64141599999999],[-73.979204,40.641369],[-73.979147,40.64081900000001],[-73.979143,40.640772],[-73.97913799999999,40.640725],[-73.979134,40.640679],[-73.979129,40.64063399999999],[-73.979123,40.64059],[-73.979118,40.640546],[-73.979112,40.640503],[-73.979106,40.640461],[-73.9791,40.64042],[-73.979093,40.640379],[-73.979086,40.640339],[-73.979079,40.640299000000006],[-73.979072,40.640261],[-73.979064,40.640223],[-73.97905599999999,40.640186],[-73.978761,40.638643],[-73.978752,40.638596],[-73.97874299999998,40.638548],[-73.978734,40.6385],[-73.978724,40.638452],[-73.978714,40.638403],[-73.978704,40.638354],[-73.978693,40.638304],[-73.978681,40.63825400000001],[-73.97866999999998,40.638203],[-73.978657,40.638153],[-73.978645,40.638101],[-73.978632,40.63805],[-73.97861899999998,40.637997],[-73.978605,40.637944999999995],[-73.97859099999998,40.637892],[-73.978558,40.637781],[-73.978528,40.637671],[-73.978499,40.637565],[-73.978471,40.637462],[-73.978445,40.637361],[-73.97842,40.637264],[-73.978396,40.63717],[-73.978373,40.637079],[-73.978351,40.636991],[-73.97833099999998,40.636906],[-73.978312,40.636824],[-73.978294,40.636745],[-73.978277,40.636669],[-73.97826199999999,40.636596],[-73.978249,40.636526],[-73.978172,40.636118999999994]]},"properties":{"routes":["F"],"direction":"S","colors":["#EB6800"],"colorCount":1,"color0":"#EB6800","color1":"","color2":""}},{"type":"Feature","geometry":{"type":"LineString","coordinates":[[-73.978172,40.636118999999994],[-73.978172,40.636118999999994],[-73.976971,40.629755]]},"properties":{"routes":["F"],"direction":"S","colors":["#EB6800"],"colorCount":1,"color0":"#EB6800","color1":"","color2":""}},{"type":"Feature","geometry":{"type":"LineString","coordinates":[[-73.976971,40.629755],[-73.976971,40.629755],[-73.976127,40.625322]]},"properties":{"routes":["F"],"direction":"S","colors":["#EB6800"],"colorCount":1,"color0":"#EB6800","color1":"","color2":""}},{"type":"Feature","geometry":{"type":"LineString","coordinates":[[-73.976127,40.625322],[-73.976127,40.625322],[-73.975264,40.620769]]},"properties":{"routes":["F"],"direction":"S","colors":["#EB6800"],"colorCount":1,"color0":"#EB6800","color1":"","color2":""}},{"type":"Feature","geometry":{"type":"LineString","coordinates":[[-73.975264,40.620769],[-73.975264,40.620769],[-73.974197,40.61513999999999]]},"properties":{"routes":["F"],"direction":"S","colors":["#EB6800"],"colorCount":1,"color0":"#EB6800","color1":"","color2":""}},{"type":"Feature","geometry":{"type":"LineString","coordinates":[[-73.974197,40.61513999999999],[-73.974197,40.61513999999999],[-73.97302199999999,40.608944]]},"properties":{"routes":["F"],"direction":"S","colors":["#EB6800"],"colorCount":1,"color0":"#EB6800","color1":"","color2":""}},{"type":"Feature","geometry":{"type":"LineString","coordinates":[[-73.97302199999999,40.608944],[-73.97302199999999,40.608944],[-73.972299,40.605143],[-73.972284,40.605062000000004],[-73.972272,40.604982],[-73.972261,40.604904],[-73.972251,40.604827],[-73.972243,40.60475],[-73.972237,40.604675],[-73.97223199999999,40.604600999999995],[-73.97222799999999,40.604529],[-73.972226,40.604457],[-73.972226,40.604387],[-73.972227,40.604318],[-73.97222999999998,40.60425],[-73.972234,40.604183],[-73.972239,40.604117],[-73.972247,40.604053],[-73.972361,40.603218]]},"properties":{"routes":["F"],"direction":"S","colors":["#EB6800"],"colorCount":1,"color0":"#EB6800","color1":"","color2":""}},{"type":"Feature","geometry":{"type":"LineString","coordinates":[[-73.972361,40.603218],[-73.972361,40.603217],[-73.97335699999998,40.596064]]},"properties":{"routes":["F"],"direction":"S","colors":["#EB6800"],"colorCount":1,"color0":"#EB6800","color1":"","color2":""}},{"type":"Feature","geometry":{"type":"LineString","coordinates":[[-73.97335699999998,40.596064],[-73.97335699999998,40.596063],[-73.974067,40.591023],[-73.974079,40.590936000000006],[-73.974092,40.590848],[-73.974105,40.59076],[-73.974118,40.590669999999996],[-73.97413099999999,40.59058],[-73.974143,40.590488],[-73.974156,40.590396],[-73.974168,40.590302],[-73.97417999999999,40.590208],[-73.974192,40.590112],[-73.97420399999999,40.590016],[-73.974216,40.589918],[-73.97422799999998,40.58982],[-73.97424,40.58972],[-73.97425,40.589621]]},"properties":{"routes":["F"],"direction":"S","colors":["#EB6800"],"colorCount":1,"color0":"#EB6800","color1":"","color2":""}},{"type":"Feature","geometry":{"type":"LineString","coordinates":[[-73.97425,40.589621],[-73.97425,40.58962],[-73.97425899999999,40.589533],[-73.974266,40.58945],[-73.974273,40.589367],[-73.97428,40.589287],[-73.974286,40.589208],[-73.974292,40.58913],[-73.974297,40.589054],[-73.974302,40.58897999999999],[-73.97430699999998,40.588908],[-73.97431099999999,40.588837],[-73.974315,40.588767],[-73.974319,40.588699],[-73.974322,40.588633],[-73.974325,40.588569],[-73.974328,40.588507],[-73.97463,40.58329899999999],[-73.974631,40.583259],[-73.974631,40.58322],[-73.974631,40.583181],[-73.97463,40.583143],[-73.97463,40.583105],[-73.974628,40.583067],[-73.974627,40.58303],[-73.974625,40.582994],[-73.974623,40.582958],[-73.97462,40.582922],[-73.974617,40.582887],[-73.974614,40.582853],[-73.97461,40.582819],[-73.974606,40.582785],[-73.974601,40.582752],[-73.97454,40.582254],[-73.974536,40.582224],[-73.974532,40.582195],[-73.974528,40.582166],[-73.974525,40.582138],[-73.974522,40.582108999999996],[-73.97452,40.582081],[-73.974518,40.58205399999999],[-73.974516,40.582026],[-73.974515,40.581999],[-73.974514,40.581973],[-73.974514,40.581946],[-73.974514,40.581920000000004],[-73.974514,40.581895],[-73.974515,40.581869],[-73.974516,40.581844],[-73.974574,40.581012]]},"properties":{"routes":["F"],"direction":"S","colors":["#EB6800"],"colorCount":1,"color0":"#EB6800","color1":"","color2":""}},{"type":"Feature","geometry":{"type":"LineString","coordinates":[[-73.974574,40.581012],[-73.974574,40.581011],[-73.974707,40.57908],[-73.97471,40.579039],[-73.974713,40.578999],[-73.97471599999999,40.578958],[-73.974717,40.578918],[-73.97471799999998,40.578877],[-73.974719,40.578836],[-73.974719,40.578795],[-73.974719,40.578755],[-73.97471799999998,40.578714],[-73.97471599999999,40.578673],[-73.974714,40.578632],[-73.974711,40.578591],[-73.974708,40.57855],[-73.974704,40.578509],[-73.974701,40.578467],[-73.974531,40.577091],[-73.974526,40.577028],[-73.974526,40.577018173420676],[-73.97452521555707,40.57695770082292],[-73.97452435911455,40.576893037882044],[-73.97452567600185,40.57682650268293],[-73.97453141154837,40.576760413310566],[-73.9745438110835,40.576697087849894],[-73.97456511993663,40.57663884438588],[-73.9745975834372,40.57658800100348],[-73.97464344691458,40.576546875787635],[-73.97470495569819,40.5765177868233]]},"properties":{"routes":["F"],"direction":"S","colors":["#EB6800"],"colorCount":1,"color0":"#EB6800","color1":"","color2":""}},{"type":"Feature","geometry":{"type":"LineString","coordinates":[[-73.974478,40.57659],[-73.974984,40.576429],[-73.975939,40.576127]]},"properties":{"routes":["F","Q"],"direction":"S","colors":["#EB6800","#F6BC26"],"colorCount":2,"color0":"#EB6800","color1":"#F6BC26","color2":""}},{"type":"Feature","geometry":{"type":"LineString","coordinates":[[-73.975938,40.576127],[-73.975939,40.576127],[-73.97662,40.575912],[-73.97671899999999,40.575885],[-73.97681799999998,40.57586],[-73.976917,40.57583700000001],[-73.977015,40.575818],[-73.977114,40.575801],[-73.977212,40.575786],[-73.97730999999999,40.575774],[-73.977408,40.575765],[-73.977506,40.575758],[-73.977603,40.57575400000001],[-73.9777,40.575752],[-73.977798,40.575753],[-73.97789499999999,40.575756],[-73.977991,40.575762],[-73.978088,40.575771],[-73.980094,40.576039],[-73.980212,40.576058],[-73.980322,40.576081],[-73.980425,40.576106],[-73.98051999999998,40.576134],[-73.980608,40.576165],[-73.980689,40.576199],[-73.980762,40.576235000000004],[-73.980828,40.576275],[-73.980887,40.576318],[-73.980938,40.57636299999999],[-73.980982,40.576412],[-73.981018,40.576463],[-73.981047,40.576518],[-73.981069,40.576575],[-73.98108299999998,40.576635],[-73.981233,40.577421]]},"properties":{"routes":["F","Q"],"direction":"S","colors":["#EB6800","#F6BC26"],"colorCount":2,"color0":"#EB6800","color1":"#F6BC26","color2":""}},{"type":"Feature","geometry":{"type":"LineString","coordinates":[[-73.906248,40.752977],[-73.906278,40.752988],[-73.906417,40.753033],[-73.906558,40.753074000000005],[-73.906702,40.753109],[-73.906847,40.75314],[-73.906995,40.753167],[-73.907145,40.753188],[-73.907298,40.753205],[-73.907452,40.75321799999999],[-73.907609,40.753225],[-73.907767,40.753228],[-73.907928,40.753226],[-73.908092,40.75322],[-73.908257,40.753207999999994],[-73.90985199999999,40.753041],[-73.909958,40.753033],[-73.910066,40.753026],[-73.910175,40.75302],[-73.910285,40.75301699999999],[-73.910395,40.753014],[-73.910506,40.753014],[-73.910618,40.75301499999999],[-73.91073,40.75301699999999],[-73.910844,40.753022],[-73.910957,40.753027],[-73.911072,40.753035],[-73.911187,40.753044],[-73.911304,40.753054],[-73.91141999999999,40.753066],[-73.911537,40.753079],[-73.91530899999998,40.753719],[-73.915542,40.753755],[-73.91577599999998,40.753786],[-73.916009,40.753811],[-73.91624099999999,40.75383],[-73.916472,40.753843],[-73.91670199999999,40.75385000000001],[-73.91693199999999,40.753851999999995],[-73.91716,40.753847],[-73.917388,40.753837],[-73.917614,40.753821],[-73.91784,40.753798999999994],[-73.918064,40.753771],[-73.918288,40.753737],[-73.918511,40.753697],[-73.918734,40.753651],[-73.9232547662281,40.75266024338346],[-73.92334846128801,40.752650381573275],[-73.9234478380291,40.75265653805054],[-73.92355046109112,40.75267312544552],[-73.9236538951137,40.75269455638844],[-73.92375570473658,40.75271524350953],[-73.92385345459942,40.752729599439014],[-73.92394470934195,40.75273203680711],[-73.92402703360386,40.75271696824407],[-73.92409799202484,40.75267880638012]]},"properties":{"routes":["F"],"direction":"S","colors":["#EB6800"],"colorCount":1,"color0":"#EB6800","color1":"","color2":""}},{"type":"Feature","geometry":{"type":"LineString","coordinates":[[-73.97842496089139,40.76151185921571],[-73.97850213001693,40.76153306196781],[-73.97858216684625,40.7615360384982],[-73.97866456089629,40.761524674853916],[-73.97874880168406,40.76150285708204],[-73.97883437872652,40.76147447122965],[-73.9789207815406,40.76144340334378],[-73.97900749964332,40.761413539471526],[-73.97909402255162,40.761388765659945],[-73.9791798397825,40.761372967956106],[-73.97924221667726,40.76136510818597],[-73.97931665264824,40.7613452809616],[-73.97937922400956,40.76131362861644],[-73.97942704234657,40.761267642944844]]},"properties":{"routes":["F"],"direction":"S","colors":["#EB6800"],"colorCount":1,"color0":"#EB6800","color1":"","color2":""}},{"type":"Feature","geometry":{"type":"LineString","coordinates":[[-73.962246,40.661614],[-73.962258,40.661724],[-73.962265,40.661837],[-73.962267,40.661951],[-73.962262,40.662068000000005],[-73.962251,40.662187],[-73.962233,40.662308],[-73.962209,40.662431],[-73.962179,40.662556],[-73.962143,40.662683],[-73.9621,40.662811],[-73.962051,40.662942],[-73.961996,40.663075],[-73.961935,40.66321],[-73.961867,40.663347],[-73.961791,40.663485],[-73.961509,40.664126],[-73.96114,40.665142],[-73.95924499999998,40.670343]]},"properties":{"routes":["FS"],"direction":"N","colors":["#7C858C"],"colorCount":1,"color0":"#7C858C","color1":"","color2":""}},{"type":"Feature","geometry":{"type":"LineString","coordinates":[[-73.95924499999998,40.670343],[-73.95924499999998,40.670343],[-73.957624,40.674772]]},"properties":{"routes":["FS"],"direction":"N","colors":["#7C858C"],"colorCount":1,"color0":"#7C858C","color1":"","color2":""}},{"type":"Feature","geometry":{"type":"LineString","coordinates":[[-73.957624,40.674772],[-73.957624,40.674772],[-73.955943,40.679434],[-73.955932,40.67947],[-73.955922,40.679507],[-73.955913,40.679543],[-73.955904,40.67958000000001],[-73.955896,40.679617],[-73.955888,40.679654],[-73.955881,40.679691],[-73.955875,40.67972799999999],[-73.955869,40.679765],[-73.95586399999999,40.679802],[-73.95586,40.679839],[-73.955856,40.679876],[-73.955853,40.679914],[-73.955851,40.679951],[-73.955849,40.679989],[-73.95582699999999,40.680596]]},"properties":{"routes":["FS"],"direction":"N","colors":["#7C858C"],"colorCount":1,"color0":"#7C858C","color1":"","color2":""}},{"type":"Feature","geometry":{"type":"LineString","coordinates":[[-73.95582699999999,40.680596],[-73.955849,40.679989],[-73.955851,40.679951],[-73.955853,40.679914],[-73.955856,40.679876],[-73.95586,40.679839],[-73.95586399999999,40.679802],[-73.955869,40.679765],[-73.955875,40.67972799999999],[-73.955881,40.679691],[-73.955888,40.679654],[-73.955896,40.679617],[-73.955904,40.67958000000001],[-73.955913,40.679543],[-73.955922,40.679507],[-73.955932,40.67947],[-73.955943,40.679434],[-73.957624,40.674772]]},"properties":{"routes":["FS"],"direction":"S","colors":["#7C858C"],"colorCount":1,"color0":"#7C858C","color1":"","color2":""}},{"type":"Feature","geometry":{"type":"LineString","coordinates":[[-73.957624,40.674772],[-73.957624,40.674772],[-73.95924499999998,40.670343]]},"properties":{"routes":["FS"],"direction":"S","colors":["#7C858C"],"colorCount":1,"color0":"#7C858C","color1":"","color2":""}},{"type":"Feature","geometry":{"type":"LineString","coordinates":[[-73.95924499999998,40.670343],[-73.95924499999998,40.670343],[-73.96114,40.665142],[-73.961509,40.664126],[-73.961791,40.663485],[-73.961867,40.663347],[-73.961935,40.66321],[-73.961996,40.663075],[-73.962051,40.662942],[-73.9621,40.662811],[-73.962143,40.662683],[-73.962179,40.662556],[-73.962209,40.662431],[-73.962233,40.662308],[-73.962251,40.662187],[-73.962262,40.662068000000005],[-73.962267,40.661951],[-73.962265,40.661837],[-73.962258,40.661724],[-73.962246,40.661614]]},"properties":{"routes":["FS"],"direction":"S","colors":["#7C858C"],"colorCount":1,"color0":"#7C858C","color1":"","color2":""}},{"type":"Feature","geometry":{"type":"LineString","coordinates":[[-73.988619407946,40.689398103859574],[-73.9885721414857,40.689445693572736],[-73.98850869344413,40.68947769238014],[-73.98843224824773,40.68949683612129],[-73.98834599032291,40.68950586063568],[-73.98825310409612,40.689507501762826],[-73.98815677399375,40.68950449534222],[-73.98806018444228,40.68949957721335],[-73.98796651986808,40.68949548321573],[-73.98787896469761,40.689494949188855],[-73.98787699999998,40.689495],[-73.98775699999999,40.689488],[-73.98770199999998,40.68948]]},"properties":{"routes":["G"],"direction":"N","colors":["#799534"],"colorCount":1,"color0":"#799534","color1":"","color2":""}},{"type":"Feature","geometry":{"type":"LineString","coordinates":[[-73.97569,40.687087],[-73.97568909758,40.68708709162982],[-73.97568887195754,40.68708711443871],[-73.97568912976438,40.687087088103894],[-73.97568967763232,40.68708703230256],[-73.97569032219309,40.68708696671188],[-73.97569087007847,40.68708691100909],[-73.97569112792024,40.68708688487139],[-73.97569090235015,40.687086907975946],[-73.97569,40.687087]]},"properties":{"routes":["G"],"direction":"N","colors":["#799534"],"colorCount":1,"color0":"#799534","color1":"","color2":""}},{"type":"Feature","geometry":{"type":"LineString","coordinates":[[-73.975375,40.687119],[-73.975375,40.687119],[-73.96683899999998,40.688089]]},"properties":{"routes":["G"],"direction":"N","colors":["#799534"],"colorCount":1,"color0":"#799534","color1":"","color2":""}},{"type":"Feature","geometry":{"type":"LineString","coordinates":[[-73.96683899999998,40.688089],[-73.96683899999998,40.688089],[-73.96006999999999,40.688873]]},"properties":{"routes":["G"],"direction":"N","colors":["#799534"],"colorCount":1,"color0":"#799534","color1":"","color2":""}},{"type":"Feature","geometry":{"type":"LineString","coordinates":[[-73.96006999999999,40.688873],[-73.96006999999999,40.688873],[-73.95352199999999,40.689627]]},"properties":{"routes":["G"],"direction":"N","colors":["#799534"],"colorCount":1,"color0":"#799534","color1":"","color2":""}},{"type":"Feature","geometry":{"type":"LineString","coordinates":[[-73.95352199999999,40.689627],[-73.95352199999999,40.689627],[-73.949836,40.690051],[-73.949621,40.690103],[-73.949423,40.69016400000001],[-73.949242,40.690234],[-73.949079,40.690311],[-73.948934,40.690397],[-73.948805,40.690491],[-73.948695,40.690593],[-73.948602,40.690703],[-73.948526,40.690821],[-73.948468,40.690947],[-73.948427,40.691081],[-73.948404,40.691224000000005],[-73.948399,40.691374],[-73.94841099999998,40.691533],[-73.94844,40.691698],[-73.948617,40.692468],[-73.948627,40.692511],[-73.948638,40.692554],[-73.948648,40.692597000000006],[-73.948658,40.69264],[-73.948667,40.692683],[-73.948677,40.692726],[-73.948686,40.692769],[-73.94869599999998,40.692812],[-73.948705,40.69285500000001],[-73.948714,40.692898],[-73.948722,40.692941],[-73.948731,40.692984],[-73.94874,40.693027],[-73.94874799999998,40.69306999999999],[-73.948756,40.693113],[-73.949046,40.694568]]},"properties":{"routes":["G"],"direction":"N","colors":["#799534"],"colorCount":1,"color0":"#799534","color1":"","color2":""}},{"type":"Feature","geometry":{"type":"LineString","coordinates":[[-73.949046,40.694568],[-73.949046,40.694568],[-73.950234,40.700377]]},"properties":{"routes":["G"],"direction":"N","colors":["#799534"],"colorCount":1,"color0":"#799534","color1":"","color2":""}},{"type":"Feature","geometry":{"type":"LineString","coordinates":[[-73.950234,40.700377],[-73.950234,40.700377],[-73.950241,40.700416],[-73.950247,40.70045499999999],[-73.950253,40.700497],[-73.950258,40.700539],[-73.950263,40.700583],[-73.950267,40.70062800000001],[-73.950271,40.700674],[-73.950275,40.700722],[-73.950278,40.700771],[-73.95028,40.700821],[-73.950283,40.700873],[-73.95028399999998,40.700926],[-73.950286,40.70098],[-73.950287,40.701035],[-73.950286,40.701092],[-73.950197,40.704918],[-73.950195,40.704979],[-73.950193,40.705043],[-73.950193,40.705109],[-73.950194,40.705177],[-73.950197,40.705248],[-73.950202,40.705321],[-73.950207,40.705397],[-73.95021499999999,40.705475],[-73.950224,40.705556],[-73.950234,40.705639],[-73.950246,40.705725],[-73.95025999999999,40.70581299999999],[-73.950275,40.705903],[-73.950291,40.705996000000006],[-73.950308,40.706092]]},"properties":{"routes":["G"],"direction":"N","colors":["#799534"],"colorCount":1,"color0":"#799534","color1":"","color2":""}},{"type":"Feature","geometry":{"type":"LineString","coordinates":[[-73.950308,40.706092],[-73.950308,40.706092],[-73.95141799999999,40.71279200000001]]},"properties":{"routes":["G"],"direction":"N","colors":["#799534"],"colorCount":1,"color0":"#799534","color1":"","color2":""}},{"type":"Feature","geometry":{"type":"LineString","coordinates":[[-73.95141799999999,40.71279200000001],[-73.95141799999999,40.71279200000001],[-73.952286,40.718117],[-73.95229499999999,40.718209],[-73.952301,40.71829999999999],[-73.952301,40.718391],[-73.952296,40.718481],[-73.952285,40.71857],[-73.952269,40.718658],[-73.952248,40.718746],[-73.952221,40.718834],[-73.952188,40.71892],[-73.95215,40.719006],[-73.952107,40.719091],[-73.952058,40.719176],[-73.952004,40.71926],[-73.951944,40.719343],[-73.951877,40.719427],[-73.95049,40.720844],[-73.950385,40.720948],[-73.950291,40.721052],[-73.950207,40.721157],[-73.950134,40.721262],[-73.950072,40.721366999999994],[-73.95002,40.721473],[-73.949979,40.72158],[-73.949949,40.721686],[-73.94992899999998,40.721794],[-73.94992,40.721902],[-73.949922,40.72201],[-73.949934,40.722118],[-73.94995699999998,40.722227],[-73.949991,40.722337],[-73.950036,40.722448],[-73.951277,40.724635000000006]]},"properties":{"routes":["G"],"direction":"N","colors":["#799534"],"colorCount":1,"color0":"#799534","color1":"","color2":""}},{"type":"Feature","geometry":{"type":"LineString","coordinates":[[-73.951277,40.724635000000006],[-73.951277,40.724635000000006],[-73.953642,40.728773],[-73.953712,40.7289],[-73.95377899999998,40.729031],[-73.953844,40.729165],[-73.95390599999999,40.729301],[-73.953964,40.729439],[-73.95402,40.72958],[-73.954073,40.729724],[-73.954122,40.72987],[-73.954169,40.730019],[-73.954213,40.730171],[-73.954254,40.730325],[-73.954292,40.730481],[-73.954326,40.73064],[-73.954358,40.730802],[-73.954385,40.730967],[-73.954449,40.731352]]},"properties":{"routes":["G"],"direction":"N","colors":["#799534"],"colorCount":1,"color0":"#799534","color1":"","color2":""}},{"type":"Feature","geometry":{"type":"LineString","coordinates":[[-73.954449,40.731352],[-73.954449,40.731352],[-73.955369,40.736961],[-73.955385,40.737066],[-73.955401,40.737172],[-73.955415,40.737279],[-73.955427,40.737385],[-73.955437,40.737492],[-73.95544499999998,40.737598],[-73.95545,40.737705000000005],[-73.95545299999999,40.737811],[-73.955454,40.737918],[-73.95545299999999,40.73802400000001],[-73.95545,40.738131],[-73.95544499999998,40.738237000000005],[-73.955437,40.738343],[-73.955427,40.73845],[-73.955415,40.738555999999996],[-73.95528,40.739836],[-73.955231,40.740037],[-73.95517099999999,40.740232],[-73.955098,40.74042],[-73.955014,40.740602],[-73.954918,40.740778000000006],[-73.95481,40.740948],[-73.95469,40.741111000000004],[-73.954559,40.741268],[-73.954415,40.74141800000001],[-73.95426,40.741563],[-73.954093,40.741701],[-73.953914,40.741832],[-73.953724,40.741958000000004],[-73.95352099999998,40.742077],[-73.95331,40.742194],[-73.94972399999999,40.744065]]},"properties":{"routes":["G"],"direction":"N","colors":["#799534"],"colorCount":1,"color0":"#799534","color1":"","color2":""}},{"type":"Feature","geometry":{"type":"LineString","coordinates":[[-73.94972399999999,40.744065],[-73.94972399999999,40.744065],[-73.94959999999999,40.744129],[-73.949477,40.744194],[-73.949354,40.744256],[-73.94923199999998,40.74431799999999],[-73.94911,40.744378],[-73.94899,40.744437999999995],[-73.94887,40.744496],[-73.94875,40.744552],[-73.948632,40.744608],[-73.948514,40.744662],[-73.948396,40.744715],[-73.94828,40.744766],[-73.94816399999999,40.744817],[-73.948049,40.744866],[-73.94793399999999,40.744914],[-73.943832,40.746554]]},"properties":{"routes":["G"],"direction":"N","colors":["#799534"],"colorCount":1,"color0":"#799534","color1":"","color2":""}},{"type":"Feature","geometry":{"type":"LineString","coordinates":[[-73.943832,40.746554],[-73.94793399999999,40.744914],[-73.948049,40.744866],[-73.94816399999999,40.744817],[-73.94828,40.744766],[-73.948396,40.744715],[-73.948514,40.744662],[-73.948632,40.744608],[-73.94875,40.744552],[-73.94887,40.744496],[-73.94899,40.744437999999995],[-73.94911,40.744378],[-73.94923199999998,40.74431799999999],[-73.949354,40.744256],[-73.949477,40.744194],[-73.94959999999999,40.744129],[-73.94972399999999,40.744065]]},"properties":{"routes":["G"],"direction":"S","colors":["#799534"],"colorCount":1,"color0":"#799534","color1":"","color2":""}},{"type":"Feature","geometry":{"type":"LineString","coordinates":[[-73.94972399999999,40.744065],[-73.94972399999999,40.744065],[-73.95331,40.742194],[-73.95352099999998,40.742077],[-73.953724,40.741958000000004],[-73.953914,40.741832],[-73.954093,40.741701],[-73.95426,40.741563],[-73.954415,40.74141800000001],[-73.954559,40.741268],[-73.95469,40.741111000000004],[-73.95481,40.740948],[-73.954918,40.740778000000006],[-73.955014,40.740602],[-73.955098,40.74042],[-73.95517099999999,40.740232],[-73.955231,40.740037],[-73.95528,40.739836],[-73.955415,40.738555999999996],[-73.955427,40.73845],[-73.955437,40.738343],[-73.95544499999998,40.738237000000005],[-73.95545,40.738131],[-73.95545299999999,40.73802400000001],[-73.955454,40.737918],[-73.95545299999999,40.737811],[-73.95545,40.737705000000005],[-73.95544499999998,40.737598],[-73.955437,40.737492],[-73.955427,40.737385],[-73.955415,40.737279],[-73.955401,40.737172],[-73.955385,40.737066],[-73.955369,40.736961],[-73.954449,40.731352]]},"properties":{"routes":["G"],"direction":"S","colors":["#799534"],"colorCount":1,"color0":"#799534","color1":"","color2":""}},{"type":"Feature","geometry":{"type":"LineString","coordinates":[[-73.954449,40.731352],[-73.954449,40.731352],[-73.954385,40.730967],[-73.954358,40.730802],[-73.954326,40.73064],[-73.954292,40.730481],[-73.954254,40.730325],[-73.954213,40.730171],[-73.954169,40.730019],[-73.954122,40.72987],[-73.954073,40.729724],[-73.95402,40.72958],[-73.953964,40.729439],[-73.95390599999999,40.729301],[-73.953844,40.729165],[-73.95377899999998,40.729031],[-73.953712,40.7289],[-73.953642,40.728773],[-73.951277,40.724635000000006]]},"properties":{"routes":["G"],"direction":"S","colors":["#799534"],"colorCount":1,"color0":"#799534","color1":"","color2":""}},{"type":"Feature","geometry":{"type":"LineString","coordinates":[[-73.951277,40.724635000000006],[-73.951277,40.724635000000006],[-73.950036,40.722448],[-73.949991,40.722337],[-73.94995699999998,40.722227],[-73.949934,40.722118],[-73.949922,40.72201],[-73.94992,40.721902],[-73.94992899999998,40.721794],[-73.949949,40.721686],[-73.949979,40.72158],[-73.95002,40.721473],[-73.950072,40.721366999999994],[-73.950134,40.721262],[-73.950207,40.721157],[-73.950291,40.721052],[-73.950385,40.720948],[-73.95049,40.720844],[-73.951877,40.719427],[-73.951944,40.719343],[-73.952004,40.71926],[-73.952058,40.719176],[-73.952107,40.719091],[-73.95215,40.719006],[-73.952188,40.71892],[-73.952221,40.718834],[-73.952248,40.718746],[-73.952269,40.718658],[-73.952285,40.71857],[-73.952296,40.718481],[-73.952301,40.718391],[-73.952301,40.71829999999999],[-73.95229499999999,40.718209],[-73.952286,40.718117],[-73.95141799999999,40.71279200000001]]},"properties":{"routes":["G"],"direction":"S","colors":["#799534"],"colorCount":1,"color0":"#799534","color1":"","color2":""}},{"type":"Feature","geometry":{"type":"LineString","coordinates":[[-73.95141799999999,40.71279200000001],[-73.95141799999999,40.71279200000001],[-73.950308,40.706092]]},"properties":{"routes":["G"],"direction":"S","colors":["#799534"],"colorCount":1,"color0":"#799534","color1":"","color2":""}},{"type":"Feature","geometry":{"type":"LineString","coordinates":[[-73.950308,40.706092],[-73.950308,40.706092],[-73.950291,40.705996000000006],[-73.950275,40.705903],[-73.95025999999999,40.70581299999999],[-73.950246,40.705725],[-73.950234,40.705639],[-73.950224,40.705556],[-73.95021499999999,40.705475],[-73.950207,40.705397],[-73.950202,40.705321],[-73.950197,40.705248],[-73.950194,40.705177],[-73.950193,40.705109],[-73.950193,40.705043],[-73.950195,40.704979],[-73.950197,40.704918],[-73.950286,40.701092],[-73.950287,40.701035],[-73.950286,40.70098],[-73.95028399999998,40.700926],[-73.950283,40.700873],[-73.95028,40.700821],[-73.950278,40.700771],[-73.950275,40.700722],[-73.950271,40.700674],[-73.950267,40.70062800000001],[-73.950263,40.700583],[-73.950258,40.700539],[-73.950253,40.700497],[-73.950247,40.70045499999999],[-73.950241,40.700416],[-73.950234,40.700377]]},"properties":{"routes":["G"],"direction":"S","colors":["#799534"],"colorCount":1,"color0":"#799534","color1":"","color2":""}},{"type":"Feature","geometry":{"type":"LineString","coordinates":[[-73.950234,40.700377],[-73.950234,40.700377],[-73.949046,40.694568]]},"properties":{"routes":["G"],"direction":"S","colors":["#799534"],"colorCount":1,"color0":"#799534","color1":"","color2":""}},{"type":"Feature","geometry":{"type":"LineString","coordinates":[[-73.949046,40.694568],[-73.949046,40.694568],[-73.948756,40.693113],[-73.94874799999998,40.69306999999999],[-73.94874,40.693027],[-73.948731,40.692984],[-73.948722,40.692941],[-73.948714,40.692898],[-73.948705,40.69285500000001],[-73.94869599999998,40.692812],[-73.948686,40.692769],[-73.948677,40.692726],[-73.948667,40.692683],[-73.948658,40.69264],[-73.948648,40.692597000000006],[-73.948638,40.692554],[-73.948627,40.692511],[-73.948617,40.692468],[-73.94844,40.691698],[-73.94841099999998,40.691533],[-73.948399,40.691374],[-73.948404,40.691224000000005],[-73.948427,40.691081],[-73.948468,40.690947],[-73.948526,40.690821],[-73.948602,40.690703],[-73.948695,40.690593],[-73.948805,40.690491],[-73.948934,40.690397],[-73.949079,40.690311],[-73.949242,40.690234],[-73.949423,40.69016400000001],[-73.949621,40.690103],[-73.949836,40.690051],[-73.95352199999999,40.689627]]},"properties":{"routes":["G"],"direction":"S","colors":["#799534"],"colorCount":1,"color0":"#799534","color1":"","color2":""}},{"type":"Feature","geometry":{"type":"LineString","coordinates":[[-73.95352199999999,40.689627],[-73.95352199999999,40.689627],[-73.96006999999999,40.688873]]},"properties":{"routes":["G"],"direction":"S","colors":["#799534"],"colorCount":1,"color0":"#799534","color1":"","color2":""}},{"type":"Feature","geometry":{"type":"LineString","coordinates":[[-73.96006999999999,40.688873],[-73.96006999999999,40.688873],[-73.96683899999998,40.688089]]},"properties":{"routes":["G"],"direction":"S","colors":["#799534"],"colorCount":1,"color0":"#799534","color1":"","color2":""}},{"type":"Feature","geometry":{"type":"LineString","coordinates":[[-73.96683899999998,40.688089],[-73.96683899999998,40.688089],[-73.97473031690976,40.68719225944207],[-73.97484097710861,40.6871796911346],[-73.97495164520787,40.687167156693434],[-73.97506232664661,40.68715468750117],[-73.97517302686398,40.68714231494042],[-73.97528375129914,40.68713007039374],[-73.9753945053912,40.68711798524377],[-73.97550529457926,40.687106090873094],[-73.97561612430249,40.6870944186643],[-73.975727,40.687083]]},"properties":{"routes":["G"],"direction":"S","colors":["#799534"],"colorCount":1,"color0":"#799534","color1":"","color2":""}},{"type":"Feature","geometry":{"type":"LineString","coordinates":[[-73.975375,40.687119],[-73.975375,40.687119],[-73.975727,40.687083]]},"properties":{"routes":["G"],"direction":"S","colors":["#799534"],"colorCount":1,"color0":"#799534","color1":"","color2":""}},{"type":"Feature","geometry":{"type":"LineString","coordinates":[[-73.987775,40.689489],[-73.98787699999998,40.689495],[-73.98795314320854,40.6894930307791],[-73.98803678671388,40.689491922502036],[-73.98812552110431,40.68949150981209],[-73.9882165077601,40.68948994224258],[-73.98830690806157,40.6894853693268],[-73.98839388338895,40.68947594059811],[-73.98847459512251,40.68945980558979],[-73.98854620464256,40.68943511383517],[-73.98860587332938,40.689400014867566],[-73.9886507625632,40.68935265822029]]},"properties":{"routes":["G"],"direction":"S","colors":["#799534"],"colorCount":1,"color0":"#799534","color1":"","color2":""}},{"type":"Feature","geometry":{"type":"LineString","coordinates":[[-73.979189,40.752769],[-73.985728,40.755522],[-73.98577699999998,40.755545],[-73.985823,40.75556999999999],[-73.985867,40.755595],[-73.98590899999999,40.755622],[-73.985949,40.755649],[-73.985987,40.75567800000001],[-73.986022,40.755708],[-73.98605499999998,40.755738],[-73.98608699999998,40.75577],[-73.986116,40.755803],[-73.986143,40.755837],[-73.986167,40.755872],[-73.98619,40.755908],[-73.986211,40.755945],[-73.986229,40.755983]]},"properties":{"routes":["GS"],"direction":"N","colors":["#7C858C"],"colorCount":1,"color0":"#7C858C","color1":"","color2":""}},{"type":"Feature","geometry":{"type":"LineString","coordinates":[[-73.986229,40.755983],[-73.986211,40.755945],[-73.98619,40.755908],[-73.986167,40.755872],[-73.986143,40.755837],[-73.986116,40.755803],[-73.98608699999998,40.75577],[-73.98605499999998,40.755738],[-73.986022,40.755708],[-73.985987,40.75567800000001],[-73.985949,40.755649],[-73.98590899999999,40.755622],[-73.985867,40.755595],[-73.985823,40.75556999999999],[-73.98577699999998,40.755545],[-73.985728,40.755522],[-73.979189,40.752769]]},"properties":{"routes":["GS"],"direction":"S","colors":["#7C858C"],"colorCount":1,"color0":"#7C858C","color1":"","color2":""}},{"type":"Feature","geometry":{"type":"LineString","coordinates":[[-73.83559199999999,40.580903],[-73.83399,40.581351],[-73.83397,40.581356],[-73.833951,40.581362],[-73.833931,40.581367],[-73.833911,40.581372],[-73.833891,40.581377],[-73.83386999999999,40.581382],[-73.83385,40.581387],[-73.83383,40.581391999999994],[-73.833809,40.581397],[-73.833789,40.58140199999999],[-73.83376799999999,40.581407],[-73.833747,40.581412],[-73.833726,40.581417],[-73.83370499999998,40.581421],[-73.833684,40.581426],[-73.833511,40.58146299999999],[-73.833494,40.581467],[-73.833476,40.58147],[-73.833458,40.581474],[-73.833441,40.581478],[-73.833423,40.581482],[-73.83340599999998,40.581487],[-73.833388,40.581491],[-73.83337,40.581495],[-73.83335199999999,40.5815],[-73.83333499999999,40.581504],[-73.833317,40.581509],[-73.83329899999998,40.581514],[-73.833281,40.581519],[-73.833263,40.581523999999995],[-73.833245,40.581529],[-73.83058,40.582272],[-73.830528,40.582287],[-73.830477,40.582302],[-73.830425,40.582317],[-73.830374,40.582332],[-73.830323,40.582347],[-73.830271,40.582362],[-73.83022,40.582378],[-73.83017,40.582394],[-73.830119,40.58241],[-73.830068,40.582426],[-73.83001799999998,40.58244199999999],[-73.829967,40.582459],[-73.82991699999998,40.582475],[-73.829867,40.582492],[-73.829817,40.582508999999995],[-73.829499,40.582622],[-73.829444,40.582642],[-73.82939,40.582662],[-73.829336,40.582681],[-73.829283,40.582699],[-73.82923,40.582718],[-73.829178,40.582735],[-73.829126,40.582753],[-73.82907399999999,40.582769000000006],[-73.829024,40.582786],[-73.82897299999999,40.582802],[-73.828923,40.582817],[-73.828874,40.582831999999996],[-73.828825,40.582846],[-73.828777,40.58286],[-73.82873,40.582874],[-73.827559,40.583209]]},"properties":{"routes":["H"],"direction":"N","colors":["#7C858C"],"colorCount":1,"color0":"#7C858C","color1":"","color2":""}},{"type":"Feature","geometry":{"type":"LineString","coordinates":[[-73.827559,40.583209],[-73.827559,40.583209],[-73.822788,40.584540000000004],[-73.82268,40.584572],[-73.822574,40.584604],[-73.822469,40.584635],[-73.82236599999999,40.584667],[-73.822265,40.584699],[-73.822164,40.584731000000005],[-73.822066,40.584762],[-73.821969,40.584793999999995],[-73.821873,40.584825],[-73.821779,40.58485700000001],[-73.821686,40.584888],[-73.821595,40.58492],[-73.821506,40.584951],[-73.821418,40.58498300000001],[-73.82133,40.585014],[-73.820558,40.585307]]},"properties":{"routes":["H"],"direction":"N","colors":["#7C858C"],"colorCount":1,"color0":"#7C858C","color1":"","color2":""}},{"type":"Feature","geometry":{"type":"LineString","coordinates":[[-73.820558,40.585307],[-73.820558,40.585307],[-73.813641,40.588034]]},"properties":{"routes":["H"],"direction":"N","colors":["#7C858C"],"colorCount":1,"color0":"#7C858C","color1":"","color2":""}},{"type":"Feature","geometry":{"type":"LineString","coordinates":[[-73.813641,40.588034],[-73.813641,40.588034],[-73.812143,40.588627],[-73.812007,40.588685],[-73.811874,40.588745],[-73.811744,40.588807],[-73.81161699999998,40.588871],[-73.811492,40.588938],[-73.811371,40.589008],[-73.811252,40.589079],[-73.811135,40.589153],[-73.811021,40.58923000000001],[-73.81091,40.58930899999999],[-73.810802,40.58939],[-73.810697,40.589474],[-73.810594,40.58956],[-73.810493,40.589649],[-73.810395,40.589741],[-73.810192,40.589962],[-73.81000599999999,40.590184],[-73.809841,40.590407],[-73.809695,40.59063],[-73.80957,40.590854],[-73.809464,40.591079],[-73.809379,40.591304],[-73.80931399999999,40.59153],[-73.809282833511,40.5916865250336],[-73.80925715831049,40.59175610675398],[-73.80921280976116,40.591824718930404],[-73.80915694027527,40.59189240820853],[-73.80909670226508,40.59195922123405],[-73.8090392481428,40.5920252046526],[-73.80899173032066,40.592090405109836],[-73.80896130121093,40.592154869251424],[-73.80895511322582,40.59221864372301],[-73.8089803187776,40.592281775170264]]},"properties":{"routes":["H"],"direction":"N","colors":["#7C858C"],"colorCount":1,"color0":"#7C858C","color1":"","color2":""}},{"type":"Feature","geometry":{"type":"LineString","coordinates":[[-73.80924,40.592178],[-73.809244,40.591984],[-73.809269,40.591756],[-73.80931399999999,40.59153],[-73.809379,40.591304],[-73.809464,40.591079],[-73.80957,40.590854],[-73.809695,40.59063],[-73.809841,40.590407],[-73.81000599999999,40.590184],[-73.810192,40.589962],[-73.810395,40.589741],[-73.810493,40.589649],[-73.810594,40.58956],[-73.810697,40.589474],[-73.810802,40.58939],[-73.81091,40.58930899999999],[-73.811021,40.58923000000001],[-73.811135,40.589153],[-73.811252,40.589079],[-73.811371,40.589008],[-73.811492,40.588938],[-73.81161699999998,40.588871],[-73.811744,40.588807],[-73.811874,40.588745],[-73.812007,40.588685],[-73.812143,40.588627],[-73.813641,40.588034]]},"properties":{"routes":["H"],"direction":"S","colors":["#7C858C"],"colorCount":1,"color0":"#7C858C","color1":"","color2":""}},{"type":"Feature","geometry":{"type":"LineString","coordinates":[[-73.813641,40.588034],[-73.813641,40.588034],[-73.820558,40.585307]]},"properties":{"routes":["H"],"direction":"S","colors":["#7C858C"],"colorCount":1,"color0":"#7C858C","color1":"","color2":""}},{"type":"Feature","geometry":{"type":"LineString","coordinates":[[-73.820558,40.585307],[-73.820558,40.585307],[-73.82133,40.585014],[-73.821418,40.58498300000001],[-73.821506,40.584951],[-73.821595,40.58492],[-73.821686,40.584888],[-73.821779,40.58485700000001],[-73.821873,40.584825],[-73.821969,40.584793999999995],[-73.822066,40.584762],[-73.822164,40.584731000000005],[-73.822265,40.584699],[-73.82236599999999,40.584667],[-73.822469,40.584635],[-73.822574,40.584604],[-73.82268,40.584572],[-73.822788,40.584540000000004],[-73.827559,40.583209]]},"properties":{"routes":["H"],"direction":"S","colors":["#7C858C"],"colorCount":1,"color0":"#7C858C","color1":"","color2":""}},{"type":"Feature","geometry":{"type":"LineString","coordinates":[[-73.827559,40.583209],[-73.827559,40.583209],[-73.82873,40.582874],[-73.828777,40.58286],[-73.828825,40.582846],[-73.828874,40.582831999999996],[-73.828923,40.582817],[-73.82897299999999,40.582802],[-73.829024,40.582786],[-73.82907399999999,40.582769000000006],[-73.829126,40.582753],[-73.829178,40.582735],[-73.82923,40.582718],[-73.829283,40.582699],[-73.829336,40.582681],[-73.82939,40.582662],[-73.829444,40.582642],[-73.829499,40.582622],[-73.829817,40.582508999999995],[-73.829867,40.582492],[-73.82991699999998,40.582475],[-73.829967,40.582459],[-73.83001799999998,40.58244199999999],[-73.830068,40.582426],[-73.830119,40.58241],[-73.83017,40.582394],[-73.83022,40.582378],[-73.830271,40.582362],[-73.830323,40.582347],[-73.830374,40.582332],[-73.830425,40.582317],[-73.830477,40.582302],[-73.830528,40.582287],[-73.83058,40.582272],[-73.833245,40.581529],[-73.833263,40.581523999999995],[-73.833281,40.581519],[-73.83329899999998,40.581514],[-73.833317,40.581509],[-73.83333499999999,40.581504],[-73.83335199999999,40.5815],[-73.83337,40.581495],[-73.833388,40.581491],[-73.83340599999998,40.581487],[-73.833423,40.581482],[-73.833441,40.581478],[-73.833458,40.581474],[-73.833476,40.58147],[-73.833494,40.581467],[-73.833511,40.58146299999999],[-73.833684,40.581426],[-73.83370499999998,40.581421],[-73.833726,40.581417],[-73.833747,40.581412],[-73.83376799999999,40.581407],[-73.833789,40.58140199999999],[-73.833809,40.581397],[-73.83383,40.581391999999994],[-73.83385,40.581387],[-73.83386999999999,40.581382],[-73.833891,40.581377],[-73.833911,40.581372],[-73.833931,40.581367],[-73.833951,40.581362],[-73.83397,40.581356],[-73.83399,40.581351],[-73.83559199999999,40.580903]]},"properties":{"routes":["H"],"direction":"S","colors":["#7C858C"],"colorCount":1,"color0":"#7C858C","color1":"","color2":""}},{"type":"Feature","geometry":{"type":"LineString","coordinates":[[-74.011056,40.706476],[-74.010692,40.707069],[-74.010673,40.70710100000001],[-74.010653,40.707133],[-74.010633,40.707165],[-74.010612,40.707197],[-74.01059099999999,40.707228],[-74.01057,40.707259],[-74.010548,40.70729],[-74.010526,40.70732],[-74.010503,40.70735],[-74.01048,40.70738],[-74.01045699999999,40.70741],[-74.010433,40.707439],[-74.010409,40.707469],[-74.010385,40.707497],[-74.01036,40.707526],[-74.009571,40.708399],[-74.009545,40.708428],[-74.009519,40.708457],[-74.009493,40.708485],[-74.009468,40.708512],[-74.009443,40.708538],[-74.009419,40.708564],[-74.009394,40.70859],[-74.00937,40.708614],[-74.009346,40.708638],[-74.009323,40.708661],[-74.009299,40.708684],[-74.009276,40.708706],[-74.00925399999998,40.708727],[-74.009231,40.70874799999999],[-74.009209,40.708768],[-74.009043,40.708913],[-74.009026,40.70892700000001],[-74.009008,40.708942],[-74.008989,40.708958],[-74.00897,40.708975],[-74.00895,40.708993],[-74.00893,40.709011],[-74.008909,40.709031],[-74.008887,40.709051],[-74.008865,40.709072],[-74.008842,40.709095],[-74.008819,40.709118],[-74.008795,40.709141],[-74.008771,40.709166],[-74.00874599999999,40.709192],[-74.00872,40.709218],[-74.007938,40.710023],[-74.007908,40.710055],[-74.007878,40.710085],[-74.00785,40.71011500000001],[-74.007822,40.710143],[-74.007795,40.71017],[-74.00777,40.710196],[-74.00774499999999,40.71022],[-74.00772099999999,40.710244],[-74.007698,40.710266],[-74.007677,40.710287],[-74.007656,40.710307],[-74.00763599999999,40.710325],[-74.007617,40.710343],[-74.007599,40.710359],[-74.007582,40.710374]]},"properties":{"routes":["J","Z"],"direction":"N","colors":["#8E5C33"],"colorCount":1,"color0":"#8E5C33","color1":"","color2":""}},{"type":"Feature","geometry":{"type":"LineString","coordinates":[[-74.007582,40.710374],[-74.007582,40.710374],[-74.007542,40.710413],[-74.007504,40.710449],[-74.007466,40.710485],[-74.00743,40.71051899999999],[-74.007395,40.710551],[-74.00736099999999,40.710581],[-74.007328,40.71061],[-74.007296,40.710637],[-74.007266,40.710663],[-74.007237,40.710687],[-74.00720899999999,40.710710000000006],[-74.00718199999999,40.710731],[-74.007156,40.71075],[-74.00713099999999,40.710768],[-74.007108,40.710784],[-74.00541,40.71200600000001],[-74.005368,40.712029],[-74.005324,40.712052],[-74.00528,40.712073],[-74.005235,40.712093],[-74.00519,40.712112],[-74.005143,40.71213],[-74.005095,40.712147],[-74.005047,40.712163],[-74.00499699999999,40.712177],[-74.004947,40.712191],[-74.004896,40.71220300000001],[-74.004844,40.71221499999999],[-74.004791,40.71222499999999],[-74.004737,40.712234],[-74.004682,40.712242],[-74.00445,40.71227400000001],[-74.00438799999999,40.712285],[-74.00433,40.712298],[-74.004273,40.712313],[-74.00422,40.712329],[-74.004168,40.712346999999994],[-74.00411999999999,40.712367],[-74.004074,40.712389],[-74.004031,40.71241199999999],[-74.00399,40.712437],[-74.003952,40.712464],[-74.003916,40.712492],[-74.003883,40.712522],[-74.003853,40.71255399999999],[-74.003825,40.712588],[-74.003802,40.712622],[-74.003401,40.713243]]},"properties":{"routes":["J","Z"],"direction":"N","colors":["#8E5C33"],"colorCount":1,"color0":"#8E5C33","color1":"","color2":""}},{"type":"Feature","geometry":{"type":"LineString","coordinates":[[-74.003401,40.713243],[-74.003401,40.713243],[-74.002832,40.714141],[-74.002811,40.714176],[-74.00279,40.714211],[-74.002768,40.714246],[-74.002746,40.714281],[-74.002723,40.714316],[-74.0027,40.714351],[-74.002677,40.71438599999999],[-74.002653,40.714421],[-74.002629,40.714456],[-74.002604,40.714491],[-74.002579,40.714526],[-74.002554,40.714560999999996],[-74.002528,40.714596],[-74.002502,40.714631],[-74.002475,40.714666],[-74.000686,40.71710000000001],[-74.000665,40.717128],[-74.000643,40.717157],[-74.000621,40.717186],[-74.000599,40.717215],[-74.000576,40.717245],[-74.000552,40.717276],[-74.000528,40.717306],[-74.000504,40.717338],[-74.000479,40.71737000000001],[-74.00045399999999,40.717402],[-74.000428,40.717434],[-74.00040199999998,40.717468],[-74.000375,40.717501],[-74.000348,40.717535],[-74.00032,40.71757],[-73.999892,40.718092]]},"properties":{"routes":["J","Z"],"direction":"N","colors":["#8E5C33"],"colorCount":1,"color0":"#8E5C33","color1":"","color2":""}},{"type":"Feature","geometry":{"type":"LineString","coordinates":[[-73.999892,40.718092],[-73.999892,40.718092],[-73.999208,40.718949],[-73.99919,40.718971],[-73.999173,40.718993],[-73.999155,40.719014],[-73.999137,40.719036],[-73.99912,40.719058],[-73.999102,40.719080000000005],[-73.999084,40.719101],[-73.999066,40.719123],[-73.99904799999999,40.719144],[-73.99903,40.719166],[-73.999012,40.719187],[-73.998994,40.719209],[-73.998976,40.71923],[-73.998958,40.719252],[-73.99894,40.719272999999994],[-73.997534,40.720941],[-73.99749,40.720993],[-73.997444,40.721041],[-73.997396,40.721083],[-73.99734599999998,40.72112],[-73.997294,40.721153],[-73.99724,40.72117999999999],[-73.997183,40.721202],[-73.997124,40.721219],[-73.997064,40.721230999999996],[-73.997001,40.721238],[-73.996936,40.721239000000004],[-73.996869,40.721236],[-73.9968,40.721228],[-73.996728,40.721214],[-73.996655,40.721196],[-73.99391499999999,40.72028]]},"properties":{"routes":["J","Z"],"direction":"N","colors":["#8E5C33"],"colorCount":1,"color0":"#8E5C33","color1":"","color2":""}},{"type":"Feature","geometry":{"type":"LineString","coordinates":[[-73.99391499999999,40.72028],[-73.99391499999999,40.72028],[-73.991822,40.719645]]},"properties":{"routes":["J","Z"],"direction":"N","colors":["#8E5C33"],"colorCount":1,"color0":"#8E5C33","color1":"","color2":""}},{"type":"Feature","geometry":{"type":"LineString","coordinates":[[-73.991822,40.719645],[-73.990892,40.719363],[-73.987437,40.718315]]},"properties":{"routes":["J","M","Z"],"direction":"N","colors":["#8E5C33","#EB6800"],"colorCount":2,"color0":"#8E5C33","color1":"#EB6800","color2":""}},{"type":"Feature","geometry":{"type":"LineString","coordinates":[[-73.987437,40.718315],[-73.987437,40.718315],[-73.985982,40.717861],[-73.985929,40.717844],[-73.985878,40.71782700000001],[-73.985827,40.717811],[-73.985778,40.717794],[-73.985729,40.717777],[-73.985681,40.717761],[-73.985634,40.717744],[-73.985588,40.717728],[-73.985543,40.717711],[-73.98549899999999,40.717695],[-73.985456,40.717679],[-73.985414,40.717663],[-73.985373,40.717647],[-73.985332,40.717631],[-73.985293,40.717615],[-73.985153,40.717559],[-73.985101,40.717538],[-73.985049,40.717517],[-73.984997,40.717497],[-73.984945,40.717478],[-73.984893,40.717458],[-73.984842,40.717439000000006],[-73.984791,40.717421],[-73.984739,40.717403],[-73.984689,40.717385],[-73.984638,40.71736800000001],[-73.984587,40.717352],[-73.984537,40.717335],[-73.984487,40.717319],[-73.984437,40.717304],[-73.984387,40.717289],[-73.97889799999999,40.715626],[-73.961186,40.71025100000001],[-73.96115,40.71023900000001],[-73.961115,40.710226],[-73.96108,40.710213],[-73.961046,40.710199],[-73.96101199999998,40.710185],[-73.960979,40.71017],[-73.960947,40.710154],[-73.96091499999999,40.710138],[-73.96088399999998,40.710120999999994],[-73.960853,40.710103],[-73.960823,40.710085],[-73.960793,40.71006599999999],[-73.960764,40.710047],[-73.960736,40.710027],[-73.960708,40.710006],[-73.959507,40.709033],[-73.95949,40.709019],[-73.959472,40.709005999999995],[-73.959454,40.708992],[-73.959435,40.708979],[-73.959416,40.708966],[-73.959396,40.708954],[-73.959375,40.708940999999996],[-73.959353,40.708929],[-73.959331,40.708917],[-73.959308,40.708905],[-73.959285,40.708894],[-73.95926,40.708882],[-73.959236,40.708871],[-73.95921,40.708861],[-73.959184,40.70885],[-73.957757,40.708359]]},"properties":{"routes":["J","M","Z"],"direction":"N","colors":["#8E5C33","#EB6800"],"colorCount":2,"color0":"#8E5C33","color1":"#EB6800","color2":""}},{"type":"Feature","geometry":{"type":"LineString","coordinates":[[-73.947408,40.703869],[-73.947408,40.703869],[-73.94313299999999,40.701472],[-73.943092,40.701448],[-73.943051,40.701425],[-73.94301,40.701401],[-73.942969,40.701377],[-73.942929,40.701352],[-73.942889,40.701328],[-73.942849,40.701303],[-73.942809,40.701279],[-73.94277,40.701254],[-73.94273,40.701229000000005],[-73.942691,40.701203],[-73.942652,40.701178],[-73.942614,40.701153],[-73.942575,40.701127],[-73.942537,40.701100999999994],[-73.942497,40.701075],[-73.942458,40.701049],[-73.942418,40.701024],[-73.942379,40.700998],[-73.94233899999999,40.700973000000005],[-73.942299,40.700948],[-73.942259,40.700922],[-73.942219,40.700897999999995],[-73.942179,40.700873],[-73.942139,40.700848],[-73.94209899999998,40.700824],[-73.942058,40.700799],[-73.942018,40.700775],[-73.941977,40.700751],[-73.941937,40.700727],[-73.94112599999998,40.70026]]},"properties":{"routes":["J","M","Z"],"direction":"N","colors":["#8E5C33","#EB6800"],"colorCount":2,"color0":"#8E5C33","color1":"#EB6800","color2":""}},{"type":"Feature","geometry":{"type":"LineString","coordinates":[[-73.953431,40.70687],[-73.953431,40.70687],[-73.952081,40.706406],[-73.952036,40.706389],[-73.95199,40.706372],[-73.951945,40.706354],[-73.9519,40.706336],[-73.951855,40.706317],[-73.95181,40.706298],[-73.951765,40.70627799999999],[-73.951721,40.706258],[-73.95167599999999,40.706237],[-73.951632,40.706216],[-73.951587,40.706194],[-73.951543,40.706172],[-73.951499,40.706149],[-73.951455,40.706126],[-73.951411,40.706102],[-73.947408,40.703869]]},"properties":{"routes":["J","M","Z"],"direction":"S","colors":["#8E5C33","#EB6800"],"colorCount":2,"color0":"#8E5C33","color1":"#EB6800","color2":""}},{"type":"Feature","geometry":{"type":"LineString","coordinates":[[-73.94112599999998,40.70026],[-73.94112599999998,40.70026],[-73.935657,40.697207]]},"properties":{"routes":["J","M","Z"],"direction":"S","colors":["#8E5C33","#EB6800"],"colorCount":2,"color0":"#8E5C33","color1":"#EB6800","color2":""}},{"type":"Feature","geometry":{"type":"LineString","coordinates":[[-73.957757,40.708359],[-73.957757,40.708359],[-73.953431,40.70687]]},"properties":{"routes":["J","M","Z"],"direction":"S","colors":["#8E5C33","#EB6800"],"colorCount":2,"color0":"#8E5C33","color1":"#EB6800","color2":""}},{"type":"Feature","geometry":{"type":"LineString","coordinates":[[-73.935657,40.697207],[-73.935657,40.697207],[-73.934679,40.696654],[-73.934231,40.696401]]},"properties":{"routes":["J","M","Z"],"direction":"N","colors":["#8E5C33","#EB6800"],"colorCount":2,"color0":"#8E5C33","color1":"#EB6800","color2":""}},{"type":"Feature","geometry":{"type":"LineString","coordinates":[[-73.92881399999999,40.693342],[-73.92881399999999,40.693342],[-73.92227,40.68963]]},"properties":{"routes":["J","Z"],"direction":"N","colors":["#8E5C33"],"colorCount":1,"color0":"#8E5C33","color1":"","color2":""}},{"type":"Feature","geometry":{"type":"LineString","coordinates":[[-73.934231,40.696401],[-73.92881399999999,40.693342]]},"properties":{"routes":["J","Z"],"direction":"N","colors":["#8E5C33"],"colorCount":1,"color0":"#8E5C33","color1":"","color2":""}},{"type":"Feature","geometry":{"type":"LineString","coordinates":[[-73.916559,40.68637],[-73.916559,40.68637],[-73.910456,40.682893]]},"properties":{"routes":["J","Z"],"direction":"N","colors":["#8E5C33"],"colorCount":1,"color0":"#8E5C33","color1":"","color2":""}},{"type":"Feature","geometry":{"type":"LineString","coordinates":[[-73.92227,40.68963],[-73.92227,40.68963],[-73.916559,40.68637]]},"properties":{"routes":["J","Z"],"direction":"N","colors":["#8E5C33"],"colorCount":1,"color0":"#8E5C33","color1":"","color2":""}},{"type":"Feature","geometry":{"type":"LineString","coordinates":[[-73.910456,40.682893],[-73.910456,40.682893],[-73.90451199999998,40.679498]]},"properties":{"routes":["J","Z"],"direction":"N","colors":["#8E5C33"],"colorCount":1,"color0":"#8E5C33","color1":"","color2":""}},{"type":"Feature","geometry":{"type":"LineString","coordinates":[[-73.90451199999998,40.679498],[-73.90451199999998,40.679498],[-73.900282,40.677004],[-73.900236,40.676978000000005],[-73.900189,40.676954],[-73.900142,40.676933],[-73.900095,40.676914],[-73.900047,40.676897],[-73.899999,40.676883],[-73.899951,40.676871],[-73.899903,40.676861],[-73.899854,40.67685399999999],[-73.899806,40.676849],[-73.89975699999998,40.676847],[-73.899708,40.676847],[-73.89965799999999,40.676849],[-73.89960899999998,40.676853],[-73.899559,40.67686],[-73.898654,40.676992]]},"properties":{"routes":["J","Z"],"direction":"N","colors":["#8E5C33"],"colorCount":1,"color0":"#8E5C33","color1":"","color2":""}},{"type":"Feature","geometry":{"type":"LineString","coordinates":[[-73.898654,40.676992],[-73.898654,40.676992],[-73.891688,40.67802399999999]]},"properties":{"routes":["J","Z"],"direction":"N","colors":["#8E5C33"],"colorCount":1,"color0":"#8E5C33","color1":"","color2":""}},{"type":"Feature","geometry":{"type":"LineString","coordinates":[[-73.891688,40.67802399999999],[-73.891688,40.67802399999999],[-73.889977,40.678281],[-73.889953,40.678284000000005],[-73.88993,40.678288],[-73.889905,40.678291],[-73.88988,40.678296],[-73.889855,40.678301],[-73.889829,40.678306],[-73.889802,40.678312],[-73.889776,40.678318],[-73.889748,40.678325],[-73.88972,40.678332],[-73.889692,40.67834],[-73.889663,40.678348],[-73.889634,40.678356],[-73.88960399999999,40.678365],[-73.889574,40.678375],[-73.884639,40.679947]]},"properties":{"routes":["J","Z"],"direction":"N","colors":["#8E5C33"],"colorCount":1,"color0":"#8E5C33","color1":"","color2":""}},{"type":"Feature","geometry":{"type":"LineString","coordinates":[[-73.884639,40.679947],[-73.884639,40.679947],[-73.880039,40.68141]]},"properties":{"routes":["J","Z"],"direction":"N","colors":["#8E5C33"],"colorCount":1,"color0":"#8E5C33","color1":"","color2":""}},{"type":"Feature","geometry":{"type":"LineString","coordinates":[[-73.880039,40.68141],[-73.880039,40.68141],[-73.879971,40.681431],[-73.879904,40.681451],[-73.879836,40.68147100000001],[-73.879768,40.681490999999994],[-73.87969999999999,40.681511],[-73.879633,40.681531],[-73.879565,40.681551],[-73.879497,40.681571],[-73.879429,40.68159],[-73.879361,40.68161],[-73.879294,40.681629],[-73.879226,40.681648],[-73.879158,40.681667],[-73.87909,40.68168599999999],[-73.879022,40.681705],[-73.873785,40.683194]]},"properties":{"routes":["J","Z"],"direction":"N","colors":["#8E5C33"],"colorCount":1,"color0":"#8E5C33","color1":"","color2":""}},{"type":"Feature","geometry":{"type":"LineString","coordinates":[[-73.873785,40.683194],[-73.873785,40.683194],[-73.872721,40.683497],[-73.872657,40.68352],[-73.872598,40.683546],[-73.872544,40.683574],[-73.872496,40.683605],[-73.872454,40.683637999999995],[-73.872417,40.683674],[-73.872385,40.683712],[-73.872359,40.683753],[-73.872338,40.683796],[-73.872322,40.683840999999994],[-73.872312,40.68389],[-73.872307,40.68394],[-73.872308,40.683993],[-73.872314,40.684049],[-73.872326,40.684107000000004],[-73.873084,40.686495],[-73.87310199999999,40.686552],[-73.87312,40.686608],[-73.873138,40.686663],[-73.873155,40.686716],[-73.873172,40.686769],[-73.873189,40.686821],[-73.873206,40.686871],[-73.873222,40.686921],[-73.873238,40.686969],[-73.873254,40.687016],[-73.87327,40.687062],[-73.873285,40.687107000000005],[-73.8733,40.687151],[-73.873315,40.687194],[-73.87333,40.687236],[-73.873866,40.688784],[-73.873889,40.688847],[-73.873906,40.688907],[-73.873917,40.688966],[-73.87392199999998,40.689022],[-73.873921,40.689076],[-73.873914,40.689128],[-73.873901,40.689178],[-73.873882,40.689226],[-73.873856,40.689271],[-73.873825,40.689315],[-73.873787,40.689356],[-73.873744,40.689395],[-73.873694,40.689432],[-73.873639,40.68946699999999],[-73.873578,40.689501],[-73.87255,40.689941]]},"properties":{"routes":["J","Z"],"direction":"N","colors":["#8E5C33"],"colorCount":1,"color0":"#8E5C33","color1":"","color2":""}},{"type":"Feature","geometry":{"type":"LineString","coordinates":[[-73.87255,40.689941],[-73.87255,40.689941],[-73.87203099999999,40.690166],[-73.871982,40.690186000000004],[-73.871932,40.690206],[-73.87188,40.690225],[-73.871826,40.690245000000004],[-73.871772,40.690264],[-73.871715,40.690284],[-73.871657,40.690303],[-73.871598,40.690321],[-73.871537,40.69034],[-73.871475,40.690359],[-73.87141199999999,40.690377000000005],[-73.871346,40.690395],[-73.87127999999998,40.690413],[-73.871212,40.690431],[-73.871142,40.690449],[-73.86891999999999,40.691015],[-73.86887099999998,40.691026],[-73.868823,40.691038],[-73.868774,40.691048],[-73.868726,40.691059],[-73.868677,40.69107],[-73.868629,40.69108],[-73.86858,40.691089999999996],[-73.86853199999999,40.69109999999999],[-73.86848299999998,40.69111],[-73.868435,40.691119],[-73.868386,40.691128],[-73.868338,40.691137],[-73.86829,40.691146],[-73.868241,40.69115500000001],[-73.868193,40.691163],[-73.867139,40.691324]]},"properties":{"routes":["J","Z"],"direction":"N","colors":["#8E5C33"],"colorCount":1,"color0":"#8E5C33","color1":"","color2":""}},{"type":"Feature","geometry":{"type":"LineString","coordinates":[[-73.86001,40.692435],[-73.86001,40.692435],[-73.859933,40.692444],[-73.859857,40.692453],[-73.85977999999999,40.69246100000001],[-73.859704,40.69247],[-73.859627,40.692478],[-73.859551,40.692485],[-73.859474,40.692493],[-73.85939799999998,40.692499],[-73.859321,40.692506],[-73.859245,40.692512],[-73.85916799999998,40.692517],[-73.859092,40.692523],[-73.85901599999998,40.692527],[-73.858939,40.69253200000001],[-73.85886199999999,40.692537],[-73.855607,40.692721],[-73.855476,40.692728],[-73.855345,40.692738],[-73.855215,40.69275],[-73.855087,40.692764],[-73.854961,40.69278],[-73.85483599999999,40.692799],[-73.854712,40.69282],[-73.85459,40.69284300000001],[-73.85447,40.692868],[-73.854351,40.692896],[-73.85423299999998,40.69292600000001],[-73.85411699999999,40.692958],[-73.854003,40.692992],[-73.85388999999999,40.693029],[-73.853777,40.693067],[-73.851576,40.693879]]},"properties":{"routes":["J","Z"],"direction":"N","colors":["#8E5C33"],"colorCount":1,"color0":"#8E5C33","color1":"","color2":""}},{"type":"Feature","geometry":{"type":"LineString","coordinates":[[-73.867139,40.691324],[-73.867139,40.691324],[-73.866477,40.691427000000004],[-73.866421,40.69143499999999],[-73.866365,40.691444],[-73.86631,40.691452],[-73.866255,40.691461],[-73.86620199999999,40.69147],[-73.866148,40.691478],[-73.866096,40.691487],[-73.86604399999999,40.691495],[-73.86599299999999,40.691504],[-73.865943,40.691513],[-73.86589299999999,40.691521],[-73.865844,40.69153],[-73.865795,40.691539],[-73.865747,40.69154700000001],[-73.8657,40.691556],[-73.862819,40.692042],[-73.86276299999999,40.692052],[-73.862706,40.69206100000001],[-73.86265,40.692071000000006],[-73.862594,40.69208],[-73.862537,40.69209],[-73.86248099999999,40.692099],[-73.862424,40.692108],[-73.862368,40.692116],[-73.862311,40.692125],[-73.862254,40.692133999999996],[-73.862198,40.692142000000004],[-73.862141,40.69214999999999],[-73.862084,40.692158],[-73.862027,40.692166],[-73.86197,40.692174],[-73.86001,40.692435]]},"properties":{"routes":["J","Z"],"direction":"N","colors":["#8E5C33"],"colorCount":1,"color0":"#8E5C33","color1":"","color2":""}},{"type":"Feature","geometry":{"type":"LineString","coordinates":[[-73.851576,40.693879],[-73.851576,40.693879],[-73.85147099999999,40.693919],[-73.85136699999998,40.693956],[-73.851264,40.693992],[-73.85116199999999,40.694026],[-73.85106199999998,40.694059],[-73.850963,40.69409000000001],[-73.850865,40.69412],[-73.850768,40.694149],[-73.850672,40.694176],[-73.850578,40.694202],[-73.850485,40.694227],[-73.850393,40.69424999999999],[-73.850302,40.694271],[-73.85021299999998,40.69429100000001],[-73.850124,40.69431],[-73.846226,40.695067],[-73.84616,40.695078],[-73.846094,40.695089],[-73.846026,40.695099],[-73.845957,40.695109],[-73.845887,40.695118],[-73.845815,40.695126],[-73.845741,40.695133],[-73.84566599999998,40.69514000000001],[-73.84559,40.695147],[-73.845512,40.69515199999999],[-73.845433,40.695157],[-73.845353,40.695161],[-73.84527,40.695165],[-73.845187,40.695168],[-73.845102,40.69517],[-73.84433,40.695178]]},"properties":{"routes":["J","Z"],"direction":"N","colors":["#8E5C33"],"colorCount":1,"color0":"#8E5C33","color1":"","color2":""}},{"type":"Feature","geometry":{"type":"LineString","coordinates":[[-73.836345,40.697418],[-73.836345,40.697418],[-73.836294,40.69745],[-73.836243,40.697481],[-73.836191,40.697513],[-73.836138,40.697545],[-73.836084,40.697577],[-73.836029,40.697609],[-73.835974,40.697642],[-73.835918,40.697674],[-73.835861,40.697707],[-73.835803,40.69774],[-73.835745,40.697773],[-73.835685,40.697806],[-73.835625,40.697839],[-73.83556499999999,40.697872],[-73.835503,40.697906],[-73.832747,40.699404],[-73.83268099999998,40.699436],[-73.832615,40.699465999999994],[-73.832549,40.699496],[-73.832484,40.699524],[-73.832419,40.699552],[-73.832355,40.69957800000001],[-73.832291,40.699604],[-73.832227,40.699628],[-73.832164,40.69965100000001],[-73.832102,40.699674],[-73.832039,40.699695],[-73.831978,40.699715],[-73.831916,40.699735],[-73.831855,40.699753],[-73.83179399999999,40.699771],[-73.830582,40.700078],[-73.830526,40.700091],[-73.830468,40.700105],[-73.83041,40.700117999999996],[-73.83035,40.700131],[-73.83029,40.700145],[-73.83022799999999,40.700158],[-73.830166,40.700171],[-73.830102,40.700185000000005],[-73.830037,40.700198],[-73.829972,40.700211],[-73.829905,40.700225],[-73.829837,40.700238],[-73.829768,40.700251],[-73.829698,40.700265],[-73.829627,40.700278],[-73.828294,40.700492]]},"properties":{"routes":["J","Z"],"direction":"N","colors":["#8E5C33"],"colorCount":1,"color0":"#8E5C33","color1":"","color2":""}},{"type":"Feature","geometry":{"type":"LineString","coordinates":[[-73.84433,40.695178],[-73.84433,40.695178],[-73.842328,40.695203],[-73.842222,40.695206],[-73.842112,40.69521],[-73.84199999999998,40.695216],[-73.841885,40.695222],[-73.841767,40.69523],[-73.841647,40.695238],[-73.841524,40.695248],[-73.841398,40.695258],[-73.841269,40.69527000000001],[-73.841138,40.695283],[-73.84100399999998,40.695297],[-73.840868,40.695312],[-73.840728,40.695328],[-73.840587,40.695344999999996],[-73.840442,40.695363],[-73.840275,40.695388],[-73.84011,40.695418000000004],[-73.839948,40.695451],[-73.839788,40.695489],[-73.839631,40.69553],[-73.839477,40.695575],[-73.839325,40.695625],[-73.839176,40.695677999999994],[-73.839029,40.695736],[-73.838885,40.695797],[-73.838743,40.695862],[-73.838604,40.695932000000006],[-73.838468,40.69600499999999],[-73.83833399999999,40.696083],[-73.83820299999998,40.696163],[-73.836345,40.697418]]},"properties":{"routes":["J","Z"],"direction":"N","colors":["#8E5C33"],"colorCount":1,"color0":"#8E5C33","color1":"","color2":""}},{"type":"Feature","geometry":{"type":"LineString","coordinates":[[-73.828294,40.700492],[-73.828294,40.700492],[-73.826227,40.700832999999996],[-73.826147,40.700846],[-73.826067,40.700859],[-73.825988,40.700873],[-73.825909,40.700887],[-73.825831,40.700902000000006],[-73.825754,40.700918],[-73.825677,40.700934],[-73.825601,40.70095],[-73.82552599999998,40.700967000000006],[-73.82545099999999,40.700985],[-73.825377,40.701003],[-73.82530299999999,40.70102200000001],[-73.82523,40.701041],[-73.825158,40.701061],[-73.825086,40.701081],[-73.824106,40.70134500000001],[-73.823901,40.701387],[-73.823699,40.701418],[-73.823501,40.701439],[-73.823305,40.701449],[-73.823113,40.701448],[-73.822924,40.701435],[-73.822739,40.701412],[-73.822556,40.701377],[-73.822377,40.701332],[-73.822201,40.701276],[-73.822028,40.701208],[-73.82185799999999,40.70113],[-73.821691,40.70103999999999],[-73.821528,40.70094],[-73.821368,40.700828],[-73.820667,40.700273],[-73.82021799999998,40.699943],[-73.81976,40.699646],[-73.81929799999999,40.699382],[-73.818832,40.699151],[-73.81836199999998,40.698953],[-73.817888,40.698788],[-73.817409,40.698656],[-73.816926,40.69855799999999],[-73.816439,40.698492],[-73.815947,40.69846],[-73.815451,40.698461],[-73.814951,40.698494],[-73.814447,40.698561],[-73.813939,40.698661],[-73.813427,40.698794],[-73.812282,40.699121]]},"properties":{"routes":["J","Z"],"direction":"N","colors":["#8E5C33"],"colorCount":1,"color0":"#8E5C33","color1":"","color2":""}},{"type":"Feature","geometry":{"type":"LineString","coordinates":[[-73.81223,40.699136],[-73.813427,40.698794],[-73.813939,40.698661],[-73.814447,40.698561],[-73.814951,40.698494],[-73.815451,40.698461],[-73.815947,40.69846],[-73.816439,40.698492],[-73.816926,40.69855799999999],[-73.817409,40.698656],[-73.817888,40.698788],[-73.81836199999998,40.698953],[-73.818832,40.699151],[-73.81929799999999,40.699382],[-73.81976,40.699646],[-73.82021799999998,40.699943],[-73.820667,40.700273],[-73.821368,40.700828],[-73.821528,40.70094],[-73.821691,40.70103999999999],[-73.82185799999999,40.70113],[-73.822028,40.701208],[-73.822201,40.701276],[-73.822377,40.701332],[-73.822556,40.701377],[-73.822739,40.701412],[-73.822924,40.701435],[-73.823113,40.701448],[-73.823305,40.701449],[-73.823501,40.701439],[-73.823699,40.701418],[-73.823901,40.701387],[-73.824106,40.70134500000001],[-73.825086,40.701081],[-73.825158,40.701061],[-73.82523,40.701041],[-73.82530299999999,40.70102200000001],[-73.825377,40.701003],[-73.82545099999999,40.700985],[-73.82552599999998,40.700967000000006],[-73.825601,40.70095],[-73.825677,40.700934],[-73.825754,40.700918],[-73.825831,40.700902000000006],[-73.825909,40.700887],[-73.825988,40.700873],[-73.826067,40.700859],[-73.826147,40.700846],[-73.826227,40.700832999999996],[-73.828294,40.700492]]},"properties":{"routes":["J","Z"],"direction":"S","colors":["#8E5C33"],"colorCount":1,"color0":"#8E5C33","color1":"","color2":""}},{"type":"Feature","geometry":{"type":"LineString","coordinates":[[-73.828294,40.700492],[-73.828294,40.700492],[-73.829627,40.700278],[-73.829698,40.700265],[-73.829768,40.700251],[-73.829837,40.700238],[-73.829905,40.700225],[-73.829972,40.700211],[-73.830037,40.700198],[-73.830102,40.700185000000005],[-73.830166,40.700171],[-73.83022799999999,40.700158],[-73.83029,40.700145],[-73.83035,40.700131],[-73.83041,40.700117999999996],[-73.830468,40.700105],[-73.830526,40.700091],[-73.830582,40.700078],[-73.83179399999999,40.699771],[-73.831855,40.699753],[-73.831916,40.699735],[-73.831978,40.699715],[-73.832039,40.699695],[-73.832102,40.699674],[-73.832164,40.69965100000001],[-73.832227,40.699628],[-73.832291,40.699604],[-73.832355,40.69957800000001],[-73.832419,40.699552],[-73.832484,40.699524],[-73.832549,40.699496],[-73.832615,40.699465999999994],[-73.83268099999998,40.699436],[-73.832747,40.699404],[-73.835503,40.697906],[-73.83556499999999,40.697872],[-73.835625,40.697839],[-73.835685,40.697806],[-73.835745,40.697773],[-73.835803,40.69774],[-73.835861,40.697707],[-73.835918,40.697674],[-73.835974,40.697642],[-73.836029,40.697609],[-73.836084,40.697577],[-73.836138,40.697545],[-73.836191,40.697513],[-73.836243,40.697481],[-73.836294,40.69745],[-73.836345,40.697418]]},"properties":{"routes":["J","Z"],"direction":"S","colors":["#8E5C33"],"colorCount":1,"color0":"#8E5C33","color1":"","color2":""}},{"type":"Feature","geometry":{"type":"LineString","coordinates":[[-73.836345,40.697418],[-73.836345,40.697418],[-73.83820299999998,40.696163],[-73.83833399999999,40.696083],[-73.838468,40.69600499999999],[-73.838604,40.695932000000006],[-73.838743,40.695862],[-73.838885,40.695797],[-73.839029,40.695736],[-73.839176,40.695677999999994],[-73.839325,40.695625],[-73.839477,40.695575],[-73.839631,40.69553],[-73.839788,40.695489],[-73.839948,40.695451],[-73.84011,40.695418000000004],[-73.840275,40.695388],[-73.840442,40.695363],[-73.840587,40.695344999999996],[-73.840728,40.695328],[-73.840868,40.695312],[-73.84100399999998,40.695297],[-73.841138,40.695283],[-73.841269,40.69527000000001],[-73.841398,40.695258],[-73.841524,40.695248],[-73.841647,40.695238],[-73.841767,40.69523],[-73.841885,40.695222],[-73.84199999999998,40.695216],[-73.842112,40.69521],[-73.842222,40.695206],[-73.842328,40.695203],[-73.84433,40.695178]]},"properties":{"routes":["J","Z"],"direction":"S","colors":["#8E5C33"],"colorCount":1,"color0":"#8E5C33","color1":"","color2":""}},{"type":"Feature","geometry":{"type":"LineString","coordinates":[[-73.84433,40.695178],[-73.84433,40.695178],[-73.845102,40.69517],[-73.845187,40.695168],[-73.84527,40.695165],[-73.845353,40.695161],[-73.845433,40.695157],[-73.845512,40.69515199999999],[-73.84559,40.695147],[-73.84566599999998,40.69514000000001],[-73.845741,40.695133],[-73.845815,40.695126],[-73.845887,40.695118],[-73.845957,40.695109],[-73.846026,40.695099],[-73.846094,40.695089],[-73.84616,40.695078],[-73.846226,40.695067],[-73.850124,40.69431],[-73.85021299999998,40.69429100000001],[-73.850302,40.694271],[-73.850393,40.69424999999999],[-73.850485,40.694227],[-73.850578,40.694202],[-73.850672,40.694176],[-73.850768,40.694149],[-73.850865,40.69412],[-73.850963,40.69409000000001],[-73.85106199999998,40.694059],[-73.85116199999999,40.694026],[-73.851264,40.693992],[-73.85136699999998,40.693956],[-73.85147099999999,40.693919],[-73.851576,40.693879]]},"properties":{"routes":["J","Z"],"direction":"S","colors":["#8E5C33"],"colorCount":1,"color0":"#8E5C33","color1":"","color2":""}},{"type":"Feature","geometry":{"type":"LineString","coordinates":[[-73.851576,40.693879],[-73.851576,40.693879],[-73.853777,40.693067],[-73.85388999999999,40.693029],[-73.854003,40.692992],[-73.85411699999999,40.692958],[-73.85423299999998,40.69292600000001],[-73.854351,40.692896],[-73.85447,40.692868],[-73.85459,40.69284300000001],[-73.854712,40.69282],[-73.85483599999999,40.692799],[-73.854961,40.69278],[-73.855087,40.692764],[-73.855215,40.69275],[-73.855345,40.692738],[-73.855476,40.692728],[-73.855607,40.692721],[-73.85886199999999,40.692537],[-73.858939,40.69253200000001],[-73.85901599999998,40.692527],[-73.859092,40.692523],[-73.85916799999998,40.692517],[-73.859245,40.692512],[-73.859321,40.692506],[-73.85939799999998,40.692499],[-73.859474,40.692493],[-73.859551,40.692485],[-73.859627,40.692478],[-73.859704,40.69247],[-73.85977999999999,40.69246100000001],[-73.859857,40.692453],[-73.859933,40.692444],[-73.86001,40.692435]]},"properties":{"routes":["J","Z"],"direction":"S","colors":["#8E5C33"],"colorCount":1,"color0":"#8E5C33","color1":"","color2":""}},{"type":"Feature","geometry":{"type":"LineString","coordinates":[[-73.86001,40.692435],[-73.86001,40.692435],[-73.86197,40.692174],[-73.862027,40.692166],[-73.862084,40.692158],[-73.862141,40.69214999999999],[-73.862198,40.692142000000004],[-73.862254,40.692133999999996],[-73.862311,40.692125],[-73.862368,40.692116],[-73.862424,40.692108],[-73.86248099999999,40.692099],[-73.862537,40.69209],[-73.862594,40.69208],[-73.86265,40.692071000000006],[-73.862706,40.69206100000001],[-73.86276299999999,40.692052],[-73.862819,40.692042],[-73.8657,40.691556],[-73.865747,40.69154700000001],[-73.865795,40.691539],[-73.865844,40.69153],[-73.86589299999999,40.691521],[-73.865943,40.691513],[-73.86599299999999,40.691504],[-73.86604399999999,40.691495],[-73.866096,40.691487],[-73.866148,40.691478],[-73.86620199999999,40.69147],[-73.866255,40.691461],[-73.86631,40.691452],[-73.866365,40.691444],[-73.866421,40.69143499999999],[-73.866477,40.691427000000004],[-73.867139,40.691324]]},"properties":{"routes":["J","Z"],"direction":"S","colors":["#8E5C33"],"colorCount":1,"color0":"#8E5C33","color1":"","color2":""}},{"type":"Feature","geometry":{"type":"LineString","coordinates":[[-73.87255,40.689941],[-73.87255,40.689941],[-73.873578,40.689501],[-73.873639,40.68946699999999],[-73.873694,40.689432],[-73.873744,40.689395],[-73.873787,40.689356],[-73.873825,40.689315],[-73.873856,40.689271],[-73.873882,40.689226],[-73.873901,40.689178],[-73.873914,40.689128],[-73.873921,40.689076],[-73.87392199999998,40.689022],[-73.873917,40.688966],[-73.873906,40.688907],[-73.873889,40.688847],[-73.873866,40.688784],[-73.87333,40.687236],[-73.873315,40.687194],[-73.8733,40.687151],[-73.873285,40.687107000000005],[-73.87327,40.687062],[-73.873254,40.687016],[-73.873238,40.686969],[-73.873222,40.686921],[-73.873206,40.686871],[-73.873189,40.686821],[-73.873172,40.686769],[-73.873155,40.686716],[-73.873138,40.686663],[-73.87312,40.686608],[-73.87310199999999,40.686552],[-73.873084,40.686495],[-73.872326,40.684107000000004],[-73.872314,40.684049],[-73.872308,40.683993],[-73.872307,40.68394],[-73.872312,40.68389],[-73.872322,40.683840999999994],[-73.872338,40.683796],[-73.872359,40.683753],[-73.872385,40.683712],[-73.872417,40.683674],[-73.872454,40.683637999999995],[-73.872496,40.683605],[-73.872544,40.683574],[-73.872598,40.683546],[-73.872657,40.68352],[-73.872721,40.683497],[-73.873785,40.683194]]},"properties":{"routes":["J","Z"],"direction":"S","colors":["#8E5C33"],"colorCount":1,"color0":"#8E5C33","color1":"","color2":""}},{"type":"Feature","geometry":{"type":"LineString","coordinates":[[-73.867139,40.691324],[-73.867139,40.691324],[-73.868193,40.691163],[-73.868241,40.69115500000001],[-73.86829,40.691146],[-73.868338,40.691137],[-73.868386,40.691128],[-73.868435,40.691119],[-73.86848299999998,40.69111],[-73.86853199999999,40.69109999999999],[-73.86858,40.691089999999996],[-73.868629,40.69108],[-73.868677,40.69107],[-73.868726,40.691059],[-73.868774,40.691048],[-73.868823,40.691038],[-73.86887099999998,40.691026],[-73.86891999999999,40.691015],[-73.871142,40.690449],[-73.871212,40.690431],[-73.87127999999998,40.690413],[-73.871346,40.690395],[-73.87141199999999,40.690377000000005],[-73.871475,40.690359],[-73.871537,40.69034],[-73.871598,40.690321],[-73.871657,40.690303],[-73.871715,40.690284],[-73.871772,40.690264],[-73.871826,40.690245000000004],[-73.87188,40.690225],[-73.871932,40.690206],[-73.871982,40.690186000000004],[-73.87203099999999,40.690166],[-73.87255,40.689941]]},"properties":{"routes":["J","Z"],"direction":"S","colors":["#8E5C33"],"colorCount":1,"color0":"#8E5C33","color1":"","color2":""}},{"type":"Feature","geometry":{"type":"LineString","coordinates":[[-73.873785,40.683194],[-73.873785,40.683194],[-73.879022,40.681705],[-73.87909,40.68168599999999],[-73.879158,40.681667],[-73.879226,40.681648],[-73.879294,40.681629],[-73.879361,40.68161],[-73.879429,40.68159],[-73.879497,40.681571],[-73.879565,40.681551],[-73.879633,40.681531],[-73.87969999999999,40.681511],[-73.879768,40.681490999999994],[-73.879836,40.68147100000001],[-73.879904,40.681451],[-73.879971,40.681431],[-73.880039,40.68141]]},"properties":{"routes":["J","Z"],"direction":"S","colors":["#8E5C33"],"colorCount":1,"color0":"#8E5C33","color1":"","color2":""}},{"type":"Feature","geometry":{"type":"LineString","coordinates":[[-73.884639,40.679947],[-73.884639,40.679947],[-73.889574,40.678375],[-73.88960399999999,40.678365],[-73.889634,40.678356],[-73.889663,40.678348],[-73.889692,40.67834],[-73.88972,40.678332],[-73.889748,40.678325],[-73.889776,40.678318],[-73.889802,40.678312],[-73.889829,40.678306],[-73.889855,40.678301],[-73.88988,40.678296],[-73.889905,40.678291],[-73.88993,40.678288],[-73.889953,40.678284000000005],[-73.889977,40.678281],[-73.891688,40.67802399999999]]},"properties":{"routes":["J","Z"],"direction":"S","colors":["#8E5C33"],"colorCount":1,"color0":"#8E5C33","color1":"","color2":""}},{"type":"Feature","geometry":{"type":"LineString","coordinates":[[-73.880039,40.68141],[-73.880039,40.68141],[-73.884639,40.679947]]},"properties":{"routes":["J","Z"],"direction":"S","colors":["#8E5C33"],"colorCount":1,"color0":"#8E5C33","color1":"","color2":""}},{"type":"Feature","geometry":{"type":"LineString","coordinates":[[-73.891688,40.67802399999999],[-73.891688,40.67802399999999],[-73.898654,40.676992]]},"properties":{"routes":["J","Z"],"direction":"S","colors":["#8E5C33"],"colorCount":1,"color0":"#8E5C33","color1":"","color2":""}},{"type":"Feature","geometry":{"type":"LineString","coordinates":[[-73.898654,40.676992],[-73.898654,40.676992],[-73.899559,40.67686],[-73.89960899999998,40.676853],[-73.89965799999999,40.676849],[-73.899708,40.676847],[-73.89975699999998,40.676847],[-73.899806,40.676849],[-73.899854,40.67685399999999],[-73.899903,40.676861],[-73.899951,40.676871],[-73.899999,40.676883],[-73.900047,40.676897],[-73.900095,40.676914],[-73.900142,40.676933],[-73.900189,40.676954],[-73.900236,40.676978000000005],[-73.900282,40.677004],[-73.90451199999998,40.679498]]},"properties":{"routes":["J","Z"],"direction":"S","colors":["#8E5C33"],"colorCount":1,"color0":"#8E5C33","color1":"","color2":""}},{"type":"Feature","geometry":{"type":"LineString","coordinates":[[-73.90451199999998,40.679498],[-73.90451199999998,40.679498],[-73.910456,40.682893]]},"properties":{"routes":["J","Z"],"direction":"S","colors":["#8E5C33"],"colorCount":1,"color0":"#8E5C33","color1":"","color2":""}},{"type":"Feature","geometry":{"type":"LineString","coordinates":[[-73.910456,40.682893],[-73.910456,40.682893],[-73.916559,40.68637]]},"properties":{"routes":["J","Z"],"direction":"S","colors":["#8E5C33"],"colorCount":1,"color0":"#8E5C33","color1":"","color2":""}},{"type":"Feature","geometry":{"type":"LineString","coordinates":[[-73.916559,40.68637],[-73.916559,40.68637],[-73.92227,40.68963]]},"properties":{"routes":["J","Z"],"direction":"S","colors":["#8E5C33"],"colorCount":1,"color0":"#8E5C33","color1":"","color2":""}},{"type":"Feature","geometry":{"type":"LineString","coordinates":[[-73.92227,40.68963],[-73.92227,40.68963],[-73.92881399999999,40.693342]]},"properties":{"routes":["J","Z"],"direction":"S","colors":["#8E5C33"],"colorCount":1,"color0":"#8E5C33","color1":"","color2":""}},{"type":"Feature","geometry":{"type":"LineString","coordinates":[[-73.92881399999999,40.693342],[-73.92881399999999,40.693342],[-73.934141,40.69635]]},"properties":{"routes":["J","Z"],"direction":"S","colors":["#8E5C33"],"colorCount":1,"color0":"#8E5C33","color1":"","color2":""}},{"type":"Feature","geometry":{"type":"LineString","coordinates":[[-73.934141,40.69635],[-73.934679,40.696654],[-73.935657,40.697207]]},"properties":{"routes":["J","M","Z"],"direction":"S","colors":["#8E5C33","#EB6800"],"colorCount":2,"color0":"#8E5C33","color1":"#EB6800","color2":""}},{"type":"Feature","geometry":{"type":"LineString","coordinates":[[-73.94112599999998,40.70026],[-73.94112599999998,40.70026],[-73.941937,40.700727],[-73.941977,40.700751],[-73.942018,40.700775],[-73.942058,40.700799],[-73.94209899999998,40.700824],[-73.942139,40.700848],[-73.942179,40.700873],[-73.942219,40.700897999999995],[-73.942259,40.700922],[-73.942299,40.700948],[-73.94233899999999,40.700973000000005],[-73.942379,40.700998],[-73.942418,40.701024],[-73.942458,40.701049],[-73.942497,40.701075],[-73.942537,40.701100999999994],[-73.942575,40.701127],[-73.942614,40.701153],[-73.942652,40.701178],[-73.942691,40.701203],[-73.94273,40.701229000000005],[-73.94277,40.701254],[-73.942809,40.701279],[-73.942849,40.701303],[-73.942889,40.701328],[-73.942929,40.701352],[-73.942969,40.701377],[-73.94301,40.701401],[-73.943051,40.701425],[-73.943092,40.701448],[-73.94313299999999,40.701472],[-73.947408,40.703869]]},"properties":{"routes":["J","M","Z"],"direction":"N","colors":["#8E5C33","#EB6800"],"colorCount":2,"color0":"#8E5C33","color1":"#EB6800","color2":""}},{"type":"Feature","geometry":{"type":"LineString","coordinates":[[-73.947408,40.703869],[-73.947408,40.703869],[-73.951411,40.706102],[-73.951455,40.706126],[-73.951499,40.706149],[-73.951543,40.706172],[-73.951587,40.706194],[-73.951632,40.706216],[-73.95167599999999,40.706237],[-73.951721,40.706258],[-73.951765,40.70627799999999],[-73.95181,40.706298],[-73.951855,40.706317],[-73.9519,40.706336],[-73.951945,40.706354],[-73.95199,40.706372],[-73.952036,40.706389],[-73.952081,40.706406],[-73.953431,40.70687]]},"properties":{"routes":["J","M","Z"],"direction":"S","colors":["#8E5C33","#EB6800"],"colorCount":2,"color0":"#8E5C33","color1":"#EB6800","color2":""}},{"type":"Feature","geometry":{"type":"LineString","coordinates":[[-73.935657,40.697207],[-73.935657,40.697207],[-73.94112599999998,40.70026]]},"properties":{"routes":["J","M","Z"],"direction":"N","colors":["#8E5C33","#EB6800"],"colorCount":2,"color0":"#8E5C33","color1":"#EB6800","color2":""}},{"type":"Feature","geometry":{"type":"LineString","coordinates":[[-73.953431,40.70687],[-73.953431,40.70687],[-73.957757,40.708359]]},"properties":{"routes":["J","M","Z"],"direction":"N","colors":["#8E5C33","#EB6800"],"colorCount":2,"color0":"#8E5C33","color1":"#EB6800","color2":""}},{"type":"Feature","geometry":{"type":"LineString","coordinates":[[-73.957757,40.708359],[-73.957757,40.708359],[-73.959184,40.70885],[-73.95921,40.708861],[-73.959236,40.708871],[-73.95926,40.708882],[-73.959285,40.708894],[-73.959308,40.708905],[-73.959331,40.708917],[-73.959353,40.708929],[-73.959375,40.708940999999996],[-73.959396,40.708954],[-73.959416,40.708966],[-73.959435,40.708979],[-73.959454,40.708992],[-73.959472,40.709005999999995],[-73.95949,40.709019],[-73.959507,40.709033],[-73.960708,40.710006],[-73.960736,40.710027],[-73.960764,40.710047],[-73.960793,40.71006599999999],[-73.960823,40.710085],[-73.960853,40.710103],[-73.96088399999998,40.710120999999994],[-73.96091499999999,40.710138],[-73.960947,40.710154],[-73.960979,40.71017],[-73.96101199999998,40.710185],[-73.961046,40.710199],[-73.96108,40.710213],[-73.961115,40.710226],[-73.96115,40.71023900000001],[-73.961186,40.71025100000001],[-73.97889799999999,40.715626],[-73.984387,40.717289],[-73.984437,40.717304],[-73.984487,40.717319],[-73.984537,40.717335],[-73.984587,40.717352],[-73.984638,40.71736800000001],[-73.984689,40.717385],[-73.984739,40.717403],[-73.984791,40.717421],[-73.984842,40.717439000000006],[-73.984893,40.717458],[-73.984945,40.717478],[-73.984997,40.717497],[-73.985049,40.717517],[-73.985101,40.717538],[-73.985153,40.717559],[-73.985293,40.717615],[-73.985332,40.717631],[-73.985373,40.717647],[-73.985414,40.717663],[-73.985456,40.717679],[-73.98549899999999,40.717695],[-73.985543,40.717711],[-73.985588,40.717728],[-73.985634,40.717744],[-73.985681,40.717761],[-73.985729,40.717777],[-73.985778,40.717794],[-73.985827,40.717811],[-73.985878,40.71782700000001],[-73.985929,40.717844],[-73.985982,40.717861],[-73.987437,40.718315]]},"properties":{"routes":["J","M","Z"],"direction":"S","colors":["#8E5C33","#EB6800"],"colorCount":2,"color0":"#8E5C33","color1":"#EB6800","color2":""}},{"type":"Feature","geometry":{"type":"LineString","coordinates":[[-73.987437,40.718315],[-73.987437,40.718315],[-73.990892,40.719363],[-73.991733,40.71961799999999]]},"properties":{"routes":["J","M","Z"],"direction":"S","colors":["#8E5C33","#EB6800"],"colorCount":2,"color0":"#8E5C33","color1":"#EB6800","color2":""}},{"type":"Feature","geometry":{"type":"LineString","coordinates":[[-73.991733,40.71961799999999],[-73.99391499999999,40.72028]]},"properties":{"routes":["J","Z"],"direction":"S","colors":["#8E5C33"],"colorCount":1,"color0":"#8E5C33","color1":"","color2":""}},{"type":"Feature","geometry":{"type":"LineString","coordinates":[[-73.99391499999999,40.72028],[-73.99391499999999,40.72028],[-73.996655,40.721196],[-73.996728,40.721214],[-73.9968,40.721228],[-73.996869,40.721236],[-73.996936,40.721239000000004],[-73.997001,40.721238],[-73.997064,40.721230999999996],[-73.997124,40.721219],[-73.997183,40.721202],[-73.99724,40.72117999999999],[-73.997294,40.721153],[-73.99734599999998,40.72112],[-73.997396,40.721083],[-73.997444,40.721041],[-73.99749,40.720993],[-73.997534,40.720941],[-73.99894,40.719272999999994],[-73.998958,40.719252],[-73.998976,40.71923],[-73.998994,40.719209],[-73.999012,40.719187],[-73.99903,40.719166],[-73.99904799999999,40.719144],[-73.999066,40.719123],[-73.999084,40.719101],[-73.999102,40.719080000000005],[-73.99912,40.719058],[-73.999137,40.719036],[-73.999155,40.719014],[-73.999173,40.718993],[-73.99919,40.718971],[-73.999208,40.718949],[-73.999892,40.718092]]},"properties":{"routes":["J","Z"],"direction":"S","colors":["#8E5C33"],"colorCount":1,"color0":"#8E5C33","color1":"","color2":""}},{"type":"Feature","geometry":{"type":"LineString","coordinates":[[-73.999892,40.718092],[-73.999892,40.718092],[-74.00032,40.71757],[-74.000348,40.717535],[-74.000375,40.717501],[-74.00040199999998,40.717468],[-74.000428,40.717434],[-74.00045399999999,40.717402],[-74.000479,40.71737000000001],[-74.000504,40.717338],[-74.000528,40.717306],[-74.000552,40.717276],[-74.000576,40.717245],[-74.000599,40.717215],[-74.000621,40.717186],[-74.000643,40.717157],[-74.000665,40.717128],[-74.000686,40.71710000000001],[-74.002475,40.714666],[-74.002502,40.714631],[-74.002528,40.714596],[-74.002554,40.714560999999996],[-74.002579,40.714526],[-74.002604,40.714491],[-74.002629,40.714456],[-74.002653,40.714421],[-74.002677,40.71438599999999],[-74.0027,40.714351],[-74.002723,40.714316],[-74.002746,40.714281],[-74.002768,40.714246],[-74.00279,40.714211],[-74.002811,40.714176],[-74.002832,40.714141],[-74.003401,40.713243]]},"properties":{"routes":["J","Z"],"direction":"S","colors":["#8E5C33"],"colorCount":1,"color0":"#8E5C33","color1":"","color2":""}},{"type":"Feature","geometry":{"type":"LineString","coordinates":[[-74.003401,40.713243],[-74.003401,40.713243],[-74.003802,40.712622],[-74.003825,40.712588],[-74.003853,40.71255399999999],[-74.003883,40.712522],[-74.003916,40.712492],[-74.003952,40.712464],[-74.00399,40.712437],[-74.004031,40.71241199999999],[-74.004074,40.712389],[-74.00411999999999,40.712367],[-74.004168,40.712346999999994],[-74.00422,40.712329],[-74.004273,40.712313],[-74.00433,40.712298],[-74.00438799999999,40.712285],[-74.00445,40.71227400000001],[-74.004682,40.712242],[-74.004737,40.712234],[-74.004791,40.71222499999999],[-74.004844,40.71221499999999],[-74.004896,40.71220300000001],[-74.004947,40.712191],[-74.00499699999999,40.712177],[-74.005047,40.712163],[-74.005095,40.712147],[-74.005143,40.71213],[-74.00519,40.712112],[-74.005235,40.712093],[-74.00528,40.712073],[-74.005324,40.712052],[-74.005368,40.712029],[-74.00541,40.71200600000001],[-74.007108,40.710784],[-74.00713099999999,40.710768],[-74.007156,40.71075],[-74.00718199999999,40.710731],[-74.00720899999999,40.710710000000006],[-74.007237,40.710687],[-74.007266,40.710663],[-74.007296,40.710637],[-74.007328,40.71061],[-74.00736099999999,40.710581],[-74.007395,40.710551],[-74.00743,40.71051899999999],[-74.007466,40.710485],[-74.007504,40.710449],[-74.007542,40.710413],[-74.007582,40.710374]]},"properties":{"routes":["J","Z"],"direction":"S","colors":["#8E5C33"],"colorCount":1,"color0":"#8E5C33","color1":"","color2":""}},{"type":"Feature","geometry":{"type":"LineString","coordinates":[[-74.007582,40.710374],[-74.007582,40.710374],[-74.007599,40.710359],[-74.007617,40.710343],[-74.00763599999999,40.710325],[-74.007656,40.710307],[-74.007677,40.710287],[-74.007698,40.710266],[-74.00772099999999,40.710244],[-74.00774499999999,40.71022],[-74.00777,40.710196],[-74.007795,40.71017],[-74.007822,40.710143],[-74.00785,40.71011500000001],[-74.007878,40.710085],[-74.007908,40.710055],[-74.007938,40.710023],[-74.00872,40.709218],[-74.00874599999999,40.709192],[-74.008771,40.709166],[-74.008795,40.709141],[-74.008819,40.709118],[-74.008842,40.709095],[-74.008865,40.709072],[-74.008887,40.709051],[-74.008909,40.709031],[-74.00893,40.709011],[-74.00895,40.708993],[-74.00897,40.708975],[-74.008989,40.708958],[-74.009008,40.708942],[-74.009026,40.70892700000001],[-74.009043,40.708913],[-74.009209,40.708768],[-74.009231,40.70874799999999],[-74.00925399999998,40.708727],[-74.009276,40.708706],[-74.009299,40.708684],[-74.009323,40.708661],[-74.009346,40.708638],[-74.00937,40.708614],[-74.009394,40.70859],[-74.009419,40.708564],[-74.009443,40.708538],[-74.009468,40.708512],[-74.009493,40.708485],[-74.009519,40.708457],[-74.009545,40.708428],[-74.009571,40.708399],[-74.01036,40.707526],[-74.010385,40.707497],[-74.010409,40.707469],[-74.010433,40.707439],[-74.010433,40.707439],[-74.01045699999999,40.70741],[-74.01048,40.70738],[-74.010503,40.70735],[-74.010526,40.70732],[-74.010548,40.70729],[-74.01057,40.707259],[-74.01059099999999,40.707228],[-74.010612,40.707197],[-74.010633,40.707165],[-74.010653,40.707133],[-74.010673,40.70710100000001],[-74.010692,40.707069],[-74.011056,40.706476]]},"properties":{"routes":["J","Z"],"direction":"S","colors":["#8E5C33"],"colorCount":1,"color0":"#8E5C33","color1":"","color2":""}},{"type":"Feature","geometry":{"type":"LineString","coordinates":[[-73.90185,40.64665399999999],[-73.899485,40.650573]]},"properties":{"routes":["L"],"direction":"N","colors":["#7C858C"],"colorCount":1,"color0":"#7C858C","color1":"","color2":""}},{"type":"Feature","geometry":{"type":"LineString","coordinates":[[-73.899485,40.650573],[-73.899485,40.650573],[-73.898278,40.652568],[-73.898222,40.652675],[-73.898172,40.652781],[-73.898128,40.652889],[-73.898091,40.652997],[-73.898059,40.653106],[-73.898033,40.653217],[-73.898014,40.653328],[-73.898,40.65344],[-73.897992,40.653553],[-73.897991,40.653668],[-73.897995,40.65378299999999],[-73.898006,40.653899],[-73.898023,40.654016],[-73.89804499999998,40.654134],[-73.898074,40.654252],[-73.899232,40.658733000000005]]},"properties":{"routes":["L"],"direction":"N","colors":["#7C858C"],"colorCount":1,"color0":"#7C858C","color1":"","color2":""}},{"type":"Feature","geometry":{"type":"LineString","coordinates":[[-73.899232,40.658733000000005],[-73.899232,40.658733000000005],[-73.900571,40.66403799999999]]},"properties":{"routes":["L"],"direction":"N","colors":["#7C858C"],"colorCount":1,"color0":"#7C858C","color1":"","color2":""}},{"type":"Feature","geometry":{"type":"LineString","coordinates":[[-73.900571,40.66403799999999],[-73.900571,40.66403799999999],[-73.901975,40.669367]]},"properties":{"routes":["L"],"direction":"N","colors":["#7C858C"],"colorCount":1,"color0":"#7C858C","color1":"","color2":""}},{"type":"Feature","geometry":{"type":"LineString","coordinates":[[-73.901975,40.669367],[-73.901975,40.669367],[-73.90231,40.670703],[-73.902314,40.670726],[-73.902319,40.67075100000001],[-73.902326,40.67077499999999],[-73.902333,40.6708],[-73.90234,40.670825],[-73.902349,40.67085],[-73.902358,40.670875],[-73.902368,40.67090099999999],[-73.90237899999998,40.670927],[-73.90239,40.67095200000001],[-73.902402,40.670979],[-73.902415,40.671005],[-73.902429,40.67103099999999],[-73.902443,40.671058],[-73.90245799999998,40.671085],[-73.90247,40.671106],[-73.90248099999998,40.671127],[-73.902492,40.67114900000001],[-73.902503,40.671171],[-73.902513,40.671194],[-73.902523,40.671217999999996],[-73.902533,40.671242],[-73.902543,40.671266],[-73.902552,40.671292],[-73.902561,40.671317],[-73.902569,40.671344],[-73.902577,40.671371],[-73.90258499999999,40.671398],[-73.902593,40.671426],[-73.902599,40.671455],[-73.903274,40.674099],[-73.90328299999999,40.674137],[-73.90329,40.67417499999999],[-73.903297,40.674212],[-73.903302,40.674249],[-73.903306,40.674286],[-73.903309,40.674323],[-73.903311,40.674359],[-73.903311,40.674395],[-73.903311,40.67443099999999],[-73.903309,40.674467],[-73.903306,40.67450199999999],[-73.903302,40.674537],[-73.903297,40.674572],[-73.90329,40.674607],[-73.90328299999999,40.674641],[-73.903097,40.67534499999999]]},"properties":{"routes":["L"],"direction":"N","colors":["#7C858C"],"colorCount":1,"color0":"#7C858C","color1":"","color2":""}},{"type":"Feature","geometry":{"type":"LineString","coordinates":[[-73.903097,40.67534499999999],[-73.903097,40.67534499999999],[-73.902906,40.676067],[-73.902901,40.676085],[-73.902897,40.676102],[-73.902893,40.67612],[-73.902889,40.676138],[-73.902886,40.676156],[-73.902882,40.676173],[-73.902879,40.676191],[-73.902877,40.676209],[-73.902874,40.676227],[-73.902872,40.67624500000001],[-73.90287,40.676262],[-73.902868,40.67628],[-73.90286699999999,40.676298],[-73.902866,40.67631600000001],[-73.902865,40.67633399999999],[-73.90281,40.677009],[-73.902807,40.677058],[-73.902805,40.677105999999995],[-73.902803,40.677154],[-73.902803,40.677202],[-73.902805,40.677249],[-73.902807,40.677296],[-73.902811,40.677343],[-73.90281599999999,40.677389],[-73.902822,40.677435],[-73.902829,40.67748000000001],[-73.902838,40.677525],[-73.902848,40.67757],[-73.902859,40.677614],[-73.90287099999999,40.677658],[-73.902886,40.67770099999999],[-73.90324,40.678856]]},"properties":{"routes":["L"],"direction":"N","colors":["#7C858C"],"colorCount":1,"color0":"#7C858C","color1":"","color2":""}},{"type":"Feature","geometry":{"type":"LineString","coordinates":[[-73.90324,40.678856],[-73.90324,40.678856],[-73.90384599999999,40.680763999999996],[-73.903881,40.680842],[-73.903918,40.680919],[-73.903957,40.680995],[-73.90399799999999,40.68107],[-73.90404,40.68114400000001],[-73.904084,40.681216],[-73.90413,40.681287999999995],[-73.904178,40.681358],[-73.90422799999999,40.681427],[-73.904279,40.68149499999999],[-73.904333,40.681562],[-73.904388,40.68162699999999],[-73.904445,40.68169199999999],[-73.904503,40.681755],[-73.904564,40.681817],[-73.904605,40.681858],[-73.904647,40.681901],[-73.90469,40.681949],[-73.904733,40.682],[-73.904777,40.68205600000001],[-73.90482099999998,40.682115],[-73.904866,40.682179],[-73.904912,40.682246],[-73.904958,40.682318],[-73.905005,40.682393],[-73.905053,40.682472000000004],[-73.90510099999999,40.682555],[-73.90515,40.682643],[-73.905199,40.682734],[-73.905249,40.682829]]},"properties":{"routes":["L"],"direction":"N","colors":["#7C858C"],"colorCount":1,"color0":"#7C858C","color1":"","color2":""}},{"type":"Feature","geometry":{"type":"LineString","coordinates":[[-73.905249,40.682829],[-73.905249,40.682829],[-73.905316,40.682948],[-73.905377,40.683067],[-73.90543399999999,40.683187000000004],[-73.905486,40.683307],[-73.90553399999999,40.683429],[-73.905577,40.683552],[-73.905616,40.683676],[-73.905651,40.683801],[-73.90568,40.683927],[-73.905706,40.684054],[-73.905727,40.684182],[-73.90574299999999,40.684311],[-73.905755,40.684441],[-73.905762,40.684573],[-73.905764,40.684707],[-73.905647,40.685684],[-73.905611,40.685878],[-73.905574,40.686066999999994],[-73.905533,40.686248],[-73.905488,40.686422],[-73.905441,40.68659],[-73.905391,40.68675],[-73.90533699999999,40.686903],[-73.90527999999999,40.687049],[-73.90522,40.687188],[-73.905157,40.687321],[-73.905091,40.687446],[-73.905021,40.687563999999995],[-73.90494899999999,40.687675],[-73.904873,40.687779],[-73.90479399999998,40.687875],[-73.904046,40.688764]]},"properties":{"routes":["L"],"direction":"N","colors":["#7C858C"],"colorCount":1,"color0":"#7C858C","color1":"","color2":""}},{"type":"Feature","geometry":{"type":"LineString","coordinates":[[-73.904046,40.688764],[-73.904046,40.688764],[-73.903233,40.689721000000006],[-73.903193,40.689768],[-73.903152,40.689815],[-73.90311,40.689863],[-73.903067,40.689911],[-73.903023,40.68996],[-73.90297699999999,40.69001],[-73.902931,40.69006],[-73.902883,40.69011],[-73.902834,40.690162],[-73.902784,40.690214],[-73.90273299999998,40.690266],[-73.90268,40.690319],[-73.902627,40.69037300000001],[-73.902572,40.690427],[-73.90251599999999,40.690482],[-73.90242,40.69057599999999],[-73.902326,40.690671],[-73.902232,40.690766],[-73.90214,40.69086],[-73.902048,40.690955],[-73.901958,40.691049],[-73.901868,40.691144],[-73.90178,40.69123799999999],[-73.901693,40.691332],[-73.90160599999999,40.691427000000004],[-73.901521,40.691521],[-73.901437,40.691615],[-73.90135399999998,40.691708],[-73.901272,40.691802],[-73.901191,40.691895],[-73.901083,40.692066],[-73.900993,40.692234],[-73.900921,40.692397],[-73.900868,40.692557],[-73.900833,40.692712],[-73.900817,40.692864],[-73.900819,40.693012],[-73.90083999999999,40.693155],[-73.900879,40.693295],[-73.900937,40.693431],[-73.901013,40.693564],[-73.901108,40.693692],[-73.901221,40.693816],[-73.901353,40.693937],[-73.901504,40.694054],[-73.90230399999999,40.694559000000005],[-73.902342,40.694585],[-73.902381,40.69461],[-73.902421,40.694637],[-73.902462,40.694663],[-73.902504,40.69469],[-73.902547,40.694717],[-73.902591,40.694745],[-73.90263699999998,40.694773],[-73.902683,40.694801],[-73.90273,40.69483],[-73.902779,40.694859],[-73.902828,40.694889],[-73.902879,40.694918],[-73.90293,40.69494900000001],[-73.902984,40.694979],[-73.904084,40.695602]]},"properties":{"routes":["L"],"direction":"N","colors":["#7C858C"],"colorCount":1,"color0":"#7C858C","color1":"","color2":""}},{"type":"Feature","geometry":{"type":"LineString","coordinates":[[-73.904084,40.695602],[-73.904084,40.695602],[-73.911586,40.699814]]},"properties":{"routes":["L"],"direction":"N","colors":["#7C858C"],"colorCount":1,"color0":"#7C858C","color1":"","color2":""}},{"type":"Feature","geometry":{"type":"LineString","coordinates":[[-73.911586,40.699814],[-73.911586,40.699814],[-73.914513,40.701432000000004],[-73.91461,40.701485],[-73.914707,40.701538],[-73.914803,40.701592],[-73.9149,40.701646],[-73.914997,40.7017],[-73.915093,40.701756],[-73.91519,40.701811],[-73.915286,40.701867],[-73.915383,40.701924],[-73.915479,40.70198],[-73.915576,40.702038],[-73.915672,40.70209599999999],[-73.915768,40.702154],[-73.915865,40.702213],[-73.915962,40.702272],[-73.918425,40.703811]]},"properties":{"routes":["L"],"direction":"N","colors":["#7C858C"],"colorCount":1,"color0":"#7C858C","color1":"","color2":""}},{"type":"Feature","geometry":{"type":"LineString","coordinates":[[-73.918425,40.703811],[-73.918425,40.703811],[-73.922913,40.706607]]},"properties":{"routes":["L"],"direction":"N","colors":["#7C858C"],"colorCount":1,"color0":"#7C858C","color1":"","color2":""}},{"type":"Feature","geometry":{"type":"LineString","coordinates":[[-73.922913,40.706607],[-73.922913,40.706607],[-73.923782,40.70715],[-73.923874,40.7072],[-73.923966,40.707246],[-73.924059,40.707287],[-73.924153,40.707324],[-73.92424799999999,40.707357],[-73.92434299999998,40.707385],[-73.924439,40.707409],[-73.924535,40.707428],[-73.924633,40.707443],[-73.92473099999998,40.707453],[-73.924829,40.707459],[-73.924929,40.70746],[-73.925029,40.707457],[-73.92513,40.707449],[-73.92523,40.70743600000001],[-73.933147,40.706152]]},"properties":{"routes":["L"],"direction":"N","colors":["#7C858C"],"colorCount":1,"color0":"#7C858C","color1":"","color2":""}},{"type":"Feature","geometry":{"type":"LineString","coordinates":[[-73.933147,40.706152],[-73.933147,40.706152],[-73.933513,40.706094],[-73.933579,40.706084],[-73.933645,40.70607499999999],[-73.933712,40.706067000000004],[-73.93378,40.706058999999996],[-73.933848,40.706053],[-73.93391799999999,40.706047],[-73.933988,40.706042],[-73.934059,40.706038],[-73.93413,40.706035],[-73.934203,40.706033],[-73.934276,40.706032],[-73.93434999999998,40.706031],[-73.934424,40.706032],[-73.9345,40.706033],[-73.934576,40.706036],[-73.934646,40.706038],[-73.934715,40.70604],[-73.934785,40.706041],[-73.934856,40.706042],[-73.934926,40.706041],[-73.934997,40.706039],[-73.935068,40.706037],[-73.935139,40.706033],[-73.93521,40.706029],[-73.93528099999999,40.706023],[-73.935353,40.706017],[-73.935424,40.706009],[-73.935496,40.706001],[-73.935569,40.705991],[-73.93564,40.705981],[-73.937953,40.705534],[-73.938143,40.705505],[-73.938322,40.705488],[-73.938491,40.705485],[-73.938648,40.705495],[-73.938794,40.705518],[-73.938929,40.705554],[-73.939053,40.70560400000001],[-73.939166,40.705667],[-73.939268,40.705743],[-73.939358,40.705833],[-73.939437,40.705936],[-73.939505,40.706052],[-73.93956199999998,40.706181],[-73.939608,40.706324],[-73.939643,40.70648],[-73.93985,40.707739]]},"properties":{"routes":["L"],"direction":"N","colors":["#7C858C"],"colorCount":1,"color0":"#7C858C","color1":"","color2":""}},{"type":"Feature","geometry":{"type":"LineString","coordinates":[[-73.93985,40.707739],[-73.93985,40.707739],[-73.94040699999998,40.711087],[-73.940415,40.71114],[-73.940424,40.711193],[-73.940434,40.711246],[-73.940446,40.7113],[-73.940459,40.711355],[-73.940474,40.71141],[-73.94049,40.711465],[-73.940508,40.711521],[-73.940527,40.711577],[-73.940547,40.71163399999999],[-73.940569,40.711690999999995],[-73.940593,40.711749],[-73.940617,40.711807],[-73.940643,40.711866],[-73.94067,40.711926]]},"properties":{"routes":["L"],"direction":"N","colors":["#7C858C"],"colorCount":1,"color0":"#7C858C","color1":"","color2":""}},{"type":"Feature","geometry":{"type":"LineString","coordinates":[[-73.94067,40.711926],[-73.94067,40.711926],[-73.941905,40.714383],[-73.94192799999999,40.714428999999996],[-73.941954,40.714472],[-73.941983,40.714511],[-73.942015,40.714547],[-73.94204999999998,40.714579],[-73.942089,40.714607],[-73.942131,40.714631999999995],[-73.942176,40.714653],[-73.942224,40.714671],[-73.942276,40.71468500000001],[-73.942331,40.714695000000006],[-73.942389,40.714702],[-73.94245,40.714705],[-73.94251499999999,40.714704],[-73.942584,40.7147],[-73.94405299999998,40.71456499999999]]},"properties":{"routes":["L"],"direction":"N","colors":["#7C858C"],"colorCount":1,"color0":"#7C858C","color1":"","color2":""}},{"type":"Feature","geometry":{"type":"LineString","coordinates":[[-73.94405299999998,40.71456499999999],[-73.94405299999998,40.71456499999999],[-73.94855,40.714136],[-73.948667,40.714124],[-73.948784,40.714113],[-73.9489,40.714103],[-73.949017,40.71409400000001],[-73.94913299999999,40.714086],[-73.949248,40.714079],[-73.949363,40.714073],[-73.949478,40.714068],[-73.94959299999998,40.714064],[-73.949708,40.714061],[-73.949822,40.714059],[-73.949935,40.714058],[-73.950049,40.714058],[-73.950162,40.71406],[-73.950275,40.714063]]},"properties":{"routes":["L"],"direction":"N","colors":["#7C858C"],"colorCount":1,"color0":"#7C858C","color1":"","color2":""}},{"type":"Feature","geometry":{"type":"LineString","coordinates":[[-73.950275,40.714063],[-73.950275,40.714063],[-73.951068,40.714065],[-73.951146,40.714065],[-73.951222,40.714068],[-73.951298,40.714074],[-73.951373,40.714083],[-73.951447,40.71409400000001],[-73.95152,40.714107999999996],[-73.951592,40.714125],[-73.951664,40.714145],[-73.951734,40.714168],[-73.95180299999998,40.714193],[-73.951872,40.714221],[-73.95194,40.714252],[-73.952006,40.714286],[-73.952072,40.714323],[-73.952137,40.71436200000001],[-73.956872,40.717304]]},"properties":{"routes":["L"],"direction":"N","colors":["#7C858C"],"colorCount":1,"color0":"#7C858C","color1":"","color2":""}},{"type":"Feature","geometry":{"type":"LineString","coordinates":[[-73.956872,40.717304],[-73.956872,40.717304],[-73.972376,40.726957],[-73.972429,40.72699],[-73.972484,40.727022],[-73.97254,40.727055],[-73.972599,40.727089],[-73.97266,40.727122],[-73.972723,40.727156],[-73.97278799999998,40.72718999999999],[-73.972855,40.727224],[-73.972924,40.72725899999999],[-73.972994,40.727293],[-73.973067,40.727328],[-73.973142,40.727364],[-73.973219,40.727399],[-73.973298,40.727435],[-73.97337899999998,40.727471],[-73.981628,40.730953]]},"properties":{"routes":["L"],"direction":"N","colors":["#7C858C"],"colorCount":1,"color0":"#7C858C","color1":"","color2":""}},{"type":"Feature","geometry":{"type":"LineString","coordinates":[[-73.981628,40.730953],[-73.981628,40.730953],[-73.986122,40.732849]]},"properties":{"routes":["L"],"direction":"N","colors":["#7C858C"],"colorCount":1,"color0":"#7C858C","color1":"","color2":""}},{"type":"Feature","geometry":{"type":"LineString","coordinates":[[-73.986122,40.732849],[-73.986122,40.732849],[-73.99073,40.734789]]},"properties":{"routes":["L"],"direction":"N","colors":["#7C858C"],"colorCount":1,"color0":"#7C858C","color1":"","color2":""}},{"type":"Feature","geometry":{"type":"LineString","coordinates":[[-73.99073,40.734789],[-73.99073,40.734789],[-73.996786,40.737335]]},"properties":{"routes":["L"],"direction":"N","colors":["#7C858C"],"colorCount":1,"color0":"#7C858C","color1":"","color2":""}},{"type":"Feature","geometry":{"type":"LineString","coordinates":[[-73.996786,40.737335],[-73.996786,40.737335],[-74.002578,40.739777]]},"properties":{"routes":["L"],"direction":"N","colors":["#7C858C"],"colorCount":1,"color0":"#7C858C","color1":"","color2":""}},{"type":"Feature","geometry":{"type":"LineString","coordinates":[[-74.002578,40.739777],[-73.996786,40.737335]]},"properties":{"routes":["L"],"direction":"S","colors":["#7C858C"],"colorCount":1,"color0":"#7C858C","color1":"","color2":""}},{"type":"Feature","geometry":{"type":"LineString","coordinates":[[-73.996786,40.737335],[-73.996786,40.737335],[-73.99073,40.734789]]},"properties":{"routes":["L"],"direction":"S","colors":["#7C858C"],"colorCount":1,"color0":"#7C858C","color1":"","color2":""}},{"type":"Feature","geometry":{"type":"LineString","coordinates":[[-73.99073,40.734789],[-73.99073,40.734789],[-73.986122,40.732849]]},"properties":{"routes":["L"],"direction":"S","colors":["#7C858C"],"colorCount":1,"color0":"#7C858C","color1":"","color2":""}},{"type":"Feature","geometry":{"type":"LineString","coordinates":[[-73.986122,40.732849],[-73.986122,40.732849],[-73.981628,40.730953]]},"properties":{"routes":["L"],"direction":"S","colors":["#7C858C"],"colorCount":1,"color0":"#7C858C","color1":"","color2":""}},{"type":"Feature","geometry":{"type":"LineString","coordinates":[[-73.981628,40.730953],[-73.981628,40.730953],[-73.97337899999998,40.727471],[-73.973298,40.727435],[-73.973219,40.727399],[-73.973142,40.727364],[-73.973067,40.727328],[-73.972994,40.727293],[-73.972924,40.72725899999999],[-73.972855,40.727224],[-73.97278799999998,40.72718999999999],[-73.972723,40.727156],[-73.97266,40.727122],[-73.972599,40.727089],[-73.97254,40.727055],[-73.972484,40.727022],[-73.972429,40.72699],[-73.972376,40.726957],[-73.956872,40.717304]]},"properties":{"routes":["L"],"direction":"S","colors":["#7C858C"],"colorCount":1,"color0":"#7C858C","color1":"","color2":""}},{"type":"Feature","geometry":{"type":"LineString","coordinates":[[-73.956872,40.717304],[-73.956872,40.717304],[-73.952137,40.71436200000001],[-73.952072,40.714323],[-73.952006,40.714286],[-73.95194,40.714252],[-73.951872,40.714221],[-73.95180299999998,40.714193],[-73.951734,40.714168],[-73.951664,40.714145],[-73.951592,40.714125],[-73.95152,40.714107999999996],[-73.951447,40.71409400000001],[-73.951373,40.714083],[-73.951298,40.714074],[-73.951222,40.714068],[-73.951146,40.714065],[-73.951068,40.714065],[-73.950275,40.714063]]},"properties":{"routes":["L"],"direction":"S","colors":["#7C858C"],"colorCount":1,"color0":"#7C858C","color1":"","color2":""}},{"type":"Feature","geometry":{"type":"LineString","coordinates":[[-73.950275,40.714063],[-73.950275,40.714063],[-73.950162,40.71406],[-73.950049,40.714058],[-73.949935,40.714058],[-73.949822,40.714059],[-73.949708,40.714061],[-73.94959299999998,40.714064],[-73.949478,40.714068],[-73.949363,40.714073],[-73.949248,40.714079],[-73.94913299999999,40.714086],[-73.949017,40.71409400000001],[-73.9489,40.714103],[-73.948784,40.714113],[-73.948667,40.714124],[-73.94855,40.714136],[-73.94405299999998,40.71456499999999]]},"properties":{"routes":["L"],"direction":"S","colors":["#7C858C"],"colorCount":1,"color0":"#7C858C","color1":"","color2":""}},{"type":"Feature","geometry":{"type":"LineString","coordinates":[[-73.94405299999998,40.71456499999999],[-73.94405299999998,40.71456499999999],[-73.942584,40.7147],[-73.94251499999999,40.714704],[-73.94245,40.714705],[-73.942389,40.714702],[-73.942331,40.714695000000006],[-73.942276,40.71468500000001],[-73.942224,40.714671],[-73.942176,40.714653],[-73.942131,40.714631999999995],[-73.942089,40.714607],[-73.94204999999998,40.714579],[-73.942015,40.714547],[-73.941983,40.714511],[-73.941954,40.714472],[-73.94192799999999,40.714428999999996],[-73.941905,40.714383],[-73.94067,40.711926]]},"properties":{"routes":["L"],"direction":"S","colors":["#7C858C"],"colorCount":1,"color0":"#7C858C","color1":"","color2":""}},{"type":"Feature","geometry":{"type":"LineString","coordinates":[[-73.94067,40.711926],[-73.94067,40.711926],[-73.940643,40.711866],[-73.940617,40.711807],[-73.940593,40.711749],[-73.940569,40.711690999999995],[-73.940547,40.71163399999999],[-73.940527,40.711577],[-73.940508,40.711521],[-73.94049,40.711465],[-73.940474,40.71141],[-73.940459,40.711355],[-73.940446,40.7113],[-73.940434,40.711246],[-73.940424,40.711193],[-73.940415,40.71114],[-73.94040699999998,40.711087],[-73.93985,40.707739]]},"properties":{"routes":["L"],"direction":"S","colors":["#7C858C"],"colorCount":1,"color0":"#7C858C","color1":"","color2":""}},{"type":"Feature","geometry":{"type":"LineString","coordinates":[[-73.93985,40.707739],[-73.93985,40.707739],[-73.939643,40.70648],[-73.939608,40.706324],[-73.93956199999998,40.706181],[-73.939505,40.706052],[-73.939437,40.705936],[-73.939358,40.705833],[-73.939268,40.705743],[-73.939166,40.705667],[-73.939053,40.70560400000001],[-73.938929,40.705554],[-73.938794,40.705518],[-73.938648,40.705495],[-73.938491,40.705485],[-73.938322,40.705488],[-73.938143,40.705505],[-73.937953,40.705534],[-73.93564,40.705981],[-73.935569,40.705991],[-73.935496,40.706001],[-73.935424,40.706009],[-73.935353,40.706017],[-73.93528099999999,40.706023],[-73.93521,40.706029],[-73.935139,40.706033],[-73.935068,40.706037],[-73.934997,40.706039],[-73.934926,40.706041],[-73.934856,40.706042],[-73.934785,40.706041],[-73.934715,40.70604],[-73.934646,40.706038],[-73.934576,40.706036],[-73.9345,40.706033],[-73.934424,40.706032],[-73.93434999999998,40.706031],[-73.934276,40.706032],[-73.934203,40.706033],[-73.93413,40.706035],[-73.934059,40.706038],[-73.933988,40.706042],[-73.93391799999999,40.706047],[-73.933848,40.706053],[-73.93378,40.706058999999996],[-73.933712,40.706067000000004],[-73.933645,40.70607499999999],[-73.933579,40.706084],[-73.933513,40.706094],[-73.933147,40.706152]]},"properties":{"routes":["L"],"direction":"S","colors":["#7C858C"],"colorCount":1,"color0":"#7C858C","color1":"","color2":""}},{"type":"Feature","geometry":{"type":"LineString","coordinates":[[-73.933147,40.706152],[-73.933147,40.706152],[-73.92523,40.70743600000001],[-73.92513,40.707449],[-73.925029,40.707457],[-73.924929,40.70746],[-73.924829,40.707459],[-73.92473099999998,40.707453],[-73.924633,40.707443],[-73.924535,40.707428],[-73.924439,40.707409],[-73.92434299999998,40.707385],[-73.92424799999999,40.707357],[-73.924153,40.707324],[-73.924059,40.707287],[-73.923966,40.707246],[-73.923874,40.7072],[-73.923782,40.70715],[-73.922913,40.706607]]},"properties":{"routes":["L"],"direction":"S","colors":["#7C858C"],"colorCount":1,"color0":"#7C858C","color1":"","color2":""}},{"type":"Feature","geometry":{"type":"LineString","coordinates":[[-73.922913,40.706607],[-73.922913,40.706607],[-73.918425,40.703811]]},"properties":{"routes":["L"],"direction":"S","colors":["#7C858C"],"colorCount":1,"color0":"#7C858C","color1":"","color2":""}},{"type":"Feature","geometry":{"type":"LineString","coordinates":[[-73.918425,40.703811],[-73.918425,40.703811],[-73.915962,40.702272],[-73.915865,40.702213],[-73.915768,40.702154],[-73.915672,40.70209599999999],[-73.915576,40.702038],[-73.915479,40.70198],[-73.915383,40.701924],[-73.915286,40.701867],[-73.91519,40.701811],[-73.915093,40.701756],[-73.914997,40.7017],[-73.9149,40.701646],[-73.914803,40.701592],[-73.914707,40.701538],[-73.91461,40.701485],[-73.914513,40.701432000000004],[-73.911586,40.699814]]},"properties":{"routes":["L"],"direction":"S","colors":["#7C858C"],"colorCount":1,"color0":"#7C858C","color1":"","color2":""}},{"type":"Feature","geometry":{"type":"LineString","coordinates":[[-73.911586,40.699814],[-73.911586,40.699814],[-73.904084,40.695602]]},"properties":{"routes":["L"],"direction":"S","colors":["#7C858C"],"colorCount":1,"color0":"#7C858C","color1":"","color2":""}},{"type":"Feature","geometry":{"type":"LineString","coordinates":[[-73.904084,40.695602],[-73.904084,40.695602],[-73.902984,40.694979],[-73.90293,40.69494900000001],[-73.902879,40.694918],[-73.902828,40.694889],[-73.902779,40.694859],[-73.90273,40.69483],[-73.902683,40.694801],[-73.90263699999998,40.694773],[-73.902591,40.694745],[-73.902547,40.694717],[-73.902504,40.69469],[-73.902462,40.694663],[-73.902421,40.694637],[-73.902381,40.69461],[-73.902342,40.694585],[-73.90230399999999,40.694559000000005],[-73.901504,40.694054],[-73.901353,40.693937],[-73.901221,40.693816],[-73.901108,40.693692],[-73.901013,40.693564],[-73.900937,40.693431],[-73.900879,40.693295],[-73.90083999999999,40.693155],[-73.900819,40.693012],[-73.900817,40.692864],[-73.900833,40.692712],[-73.900868,40.692557],[-73.900921,40.692397],[-73.900993,40.692234],[-73.901083,40.692066],[-73.901191,40.691895],[-73.901272,40.691802],[-73.90135399999998,40.691708],[-73.901437,40.691615],[-73.901521,40.691521],[-73.90160599999999,40.691427000000004],[-73.901693,40.691332],[-73.90178,40.69123799999999],[-73.901868,40.691144],[-73.901958,40.691049],[-73.902048,40.690955],[-73.90214,40.69086],[-73.902232,40.690766],[-73.902326,40.690671],[-73.90242,40.69057599999999],[-73.90251599999999,40.690482],[-73.902572,40.690427],[-73.902627,40.69037300000001],[-73.90268,40.690319],[-73.90273299999998,40.690266],[-73.902784,40.690214],[-73.902834,40.690162],[-73.902883,40.69011],[-73.902931,40.69006],[-73.90297699999999,40.69001],[-73.903023,40.68996],[-73.903067,40.689911],[-73.90311,40.689863],[-73.903152,40.689815],[-73.903193,40.689768],[-73.903233,40.689721000000006],[-73.904046,40.688764]]},"properties":{"routes":["L"],"direction":"S","colors":["#7C858C"],"colorCount":1,"color0":"#7C858C","color1":"","color2":""}},{"type":"Feature","geometry":{"type":"LineString","coordinates":[[-73.904046,40.688764],[-73.904046,40.688764],[-73.90479399999998,40.687875],[-73.904873,40.687779],[-73.90494899999999,40.687675],[-73.905021,40.687563999999995],[-73.905091,40.687446],[-73.905157,40.687321],[-73.90522,40.687188],[-73.90527999999999,40.687049],[-73.90533699999999,40.686903],[-73.905391,40.68675],[-73.905441,40.68659],[-73.905488,40.686422],[-73.905533,40.686248],[-73.905574,40.686066999999994],[-73.905611,40.685878],[-73.905647,40.685684],[-73.905764,40.684707],[-73.905762,40.684573],[-73.905755,40.684441],[-73.90574299999999,40.684311],[-73.905727,40.684182],[-73.905706,40.684054],[-73.90568,40.683927],[-73.905651,40.683801],[-73.905616,40.683676],[-73.905577,40.683552],[-73.90553399999999,40.683429],[-73.905486,40.683307],[-73.90543399999999,40.683187000000004],[-73.905377,40.683067],[-73.905316,40.682948],[-73.905249,40.682829]]},"properties":{"routes":["L"],"direction":"S","colors":["#7C858C"],"colorCount":1,"color0":"#7C858C","color1":"","color2":""}},{"type":"Feature","geometry":{"type":"LineString","coordinates":[[-73.905249,40.682829],[-73.905249,40.682829],[-73.905199,40.682734],[-73.90515,40.682643],[-73.90510099999999,40.682555],[-73.905053,40.682472000000004],[-73.905005,40.682393],[-73.904958,40.682318],[-73.904912,40.682246],[-73.904866,40.682179],[-73.90482099999998,40.682115],[-73.904777,40.68205600000001],[-73.904733,40.682],[-73.90469,40.681949],[-73.904647,40.681901],[-73.904605,40.681858],[-73.904564,40.681817],[-73.904503,40.681755],[-73.904445,40.68169199999999],[-73.904388,40.68162699999999],[-73.904333,40.681562],[-73.904279,40.68149499999999],[-73.90422799999999,40.681427],[-73.904178,40.681358],[-73.90413,40.681287999999995],[-73.904084,40.681216],[-73.90404,40.68114400000001],[-73.90399799999999,40.68107],[-73.903957,40.680995],[-73.903918,40.680919],[-73.903881,40.680842],[-73.90384599999999,40.680763999999996],[-73.90324,40.678856]]},"properties":{"routes":["L"],"direction":"S","colors":["#7C858C"],"colorCount":1,"color0":"#7C858C","color1":"","color2":""}},{"type":"Feature","geometry":{"type":"LineString","coordinates":[[-73.90324,40.678856],[-73.90324,40.678856],[-73.902886,40.67770099999999],[-73.90287099999999,40.677658],[-73.902859,40.677614],[-73.902848,40.67757],[-73.902838,40.677525],[-73.902829,40.67748000000001],[-73.902822,40.677435],[-73.90281599999999,40.677389],[-73.902811,40.677343],[-73.902807,40.677296],[-73.902805,40.677249],[-73.902803,40.677202],[-73.902803,40.677154],[-73.902805,40.677105999999995],[-73.902807,40.677058],[-73.90281,40.677009],[-73.902865,40.67633399999999],[-73.902866,40.67631600000001],[-73.90286699999999,40.676298],[-73.902868,40.67628],[-73.90287,40.676262],[-73.902872,40.67624500000001],[-73.902874,40.676227],[-73.902877,40.676209],[-73.902879,40.676191],[-73.902882,40.676173],[-73.902886,40.676156],[-73.902889,40.676138],[-73.902893,40.67612],[-73.902897,40.676102],[-73.902901,40.676085],[-73.902906,40.676067],[-73.903097,40.67534499999999]]},"properties":{"routes":["L"],"direction":"S","colors":["#7C858C"],"colorCount":1,"color0":"#7C858C","color1":"","color2":""}},{"type":"Feature","geometry":{"type":"LineString","coordinates":[[-73.903097,40.67534499999999],[-73.903097,40.67534499999999],[-73.90328299999999,40.674641],[-73.90329,40.674607],[-73.903297,40.674572],[-73.903302,40.674537],[-73.903306,40.67450199999999],[-73.903309,40.674467],[-73.903311,40.67443099999999],[-73.903311,40.674395],[-73.903311,40.674359],[-73.903309,40.674323],[-73.903306,40.674286],[-73.903302,40.674249],[-73.903297,40.674212],[-73.90329,40.67417499999999],[-73.90328299999999,40.674137],[-73.903274,40.674099],[-73.902599,40.671455],[-73.902593,40.671426],[-73.90258499999999,40.671398],[-73.902577,40.671371],[-73.902569,40.671344],[-73.902561,40.671317],[-73.902552,40.671292],[-73.902543,40.671266],[-73.902533,40.671242],[-73.902523,40.671217999999996],[-73.902513,40.671194],[-73.902503,40.671171],[-73.902492,40.67114900000001],[-73.90248099999998,40.671127],[-73.90247,40.671106],[-73.90245799999998,40.671085],[-73.902443,40.671058],[-73.902429,40.67103099999999],[-73.902415,40.671005],[-73.902402,40.670979],[-73.90239,40.67095200000001],[-73.90237899999998,40.670927],[-73.902368,40.67090099999999],[-73.902358,40.670875],[-73.902349,40.67085],[-73.90234,40.670825],[-73.902333,40.6708],[-73.902326,40.67077499999999],[-73.902319,40.67075100000001],[-73.902314,40.670726],[-73.90231,40.670703],[-73.901975,40.669367]]},"properties":{"routes":["L"],"direction":"S","colors":["#7C858C"],"colorCount":1,"color0":"#7C858C","color1":"","color2":""}},{"type":"Feature","geometry":{"type":"LineString","coordinates":[[-73.901975,40.669367],[-73.901975,40.669367],[-73.900571,40.66403799999999]]},"properties":{"routes":["L"],"direction":"S","colors":["#7C858C"],"colorCount":1,"color0":"#7C858C","color1":"","color2":""}},{"type":"Feature","geometry":{"type":"LineString","coordinates":[[-73.900571,40.66403799999999],[-73.900571,40.66403799999999],[-73.899232,40.658733000000005]]},"properties":{"routes":["L"],"direction":"S","colors":["#7C858C"],"colorCount":1,"color0":"#7C858C","color1":"","color2":""}},{"type":"Feature","geometry":{"type":"LineString","coordinates":[[-73.899232,40.658733000000005],[-73.899232,40.658733000000005],[-73.898074,40.654252],[-73.89804499999998,40.654134],[-73.898023,40.654016],[-73.898006,40.653899],[-73.897995,40.65378299999999],[-73.897991,40.653668],[-73.897992,40.653553],[-73.898,40.65344],[-73.898014,40.653328],[-73.898033,40.653217],[-73.898059,40.653106],[-73.898091,40.652997],[-73.898128,40.652889],[-73.898172,40.652781],[-73.898222,40.652675],[-73.898278,40.652568],[-73.899485,40.650573]]},"properties":{"routes":["L"],"direction":"S","colors":["#7C858C"],"colorCount":1,"color0":"#7C858C","color1":"","color2":""}},{"type":"Feature","geometry":{"type":"LineString","coordinates":[[-73.899485,40.650573],[-73.899485,40.650573],[-73.90185,40.64665399999999]]},"properties":{"routes":["L"],"direction":"S","colors":["#7C858C"],"colorCount":1,"color0":"#7C858C","color1":"","color2":""}},{"type":"Feature","geometry":{"type":"LineString","coordinates":[[-73.889601,40.711396],[-73.889632,40.71133],[-73.889662,40.711264],[-73.88969,40.711201],[-73.889717,40.711139],[-73.889743,40.711079],[-73.889767,40.711022],[-73.889789,40.710966000000006],[-73.88981,40.710912],[-73.88983,40.710861],[-73.889848,40.710811],[-73.88986399999999,40.710763],[-73.889879,40.710717],[-73.889892,40.710673],[-73.889904,40.710631],[-73.88991499999999,40.710591],[-73.889918,40.710579],[-73.88992,40.710567],[-73.889923,40.710555],[-73.889926,40.710544],[-73.889928,40.710532],[-73.88993,40.71052],[-73.88993299999998,40.710508],[-73.88993499999998,40.710496],[-73.88993699999999,40.710484],[-73.88994,40.710472],[-73.889942,40.71045999999999],[-73.889944,40.710449],[-73.889946,40.710437],[-73.889948,40.710425],[-73.88995,40.710413],[-73.889952,40.710401],[-73.889954,40.71038899999999],[-73.889956,40.710376],[-73.889959,40.710364],[-73.889961,40.710352],[-73.88996399999999,40.71034],[-73.889967,40.71032799999999],[-73.889969,40.710316000000006],[-73.889972,40.710304],[-73.889975,40.710292],[-73.889978,40.71028],[-73.889982,40.710268],[-73.889985,40.71025699999999],[-73.88998799999999,40.71024500000001],[-73.88999199999999,40.710233],[-73.890083,40.7099],[-73.890093,40.709866],[-73.890103,40.709831],[-73.89011499999998,40.709797],[-73.890127,40.709763],[-73.890141,40.709728999999996],[-73.890156,40.709695],[-73.890172,40.709661],[-73.89019,40.709627],[-73.890208,40.709594],[-73.890228,40.70956],[-73.890249,40.709527],[-73.890271,40.709493],[-73.890295,40.70946],[-73.890319,40.709427],[-73.89034499999998,40.709393999999996],[-73.892109,40.707479],[-73.892172,40.707419],[-73.892237,40.707361],[-73.892304,40.707305999999996],[-73.89237299999999,40.707254],[-73.892444,40.707203],[-73.892517,40.707155],[-73.892592,40.70711],[-73.89267,40.707067],[-73.89275,40.707026],[-73.892831,40.706988],[-73.89291499999999,40.706952],[-73.893001,40.706919],[-73.893089,40.706888],[-73.89318,40.706859],[-73.89327199999998,40.70683300000001],[-73.895877,40.706186]]},"properties":{"routes":["M"],"direction":"N","colors":["#EB6800"],"colorCount":1,"color0":"#EB6800","color1":"","color2":""}},{"type":"Feature","geometry":{"type":"LineString","coordinates":[[-73.895877,40.706186],[-73.895877,40.706186],[-73.903077,40.704423]]},"properties":{"routes":["M"],"direction":"N","colors":["#EB6800"],"colorCount":1,"color0":"#EB6800","color1":"","color2":""}},{"type":"Feature","geometry":{"type":"LineString","coordinates":[[-73.903077,40.704423],[-73.903077,40.704423],[-73.906656,40.703548],[-73.906702,40.703536],[-73.906748,40.703523],[-73.906792,40.70351000000001],[-73.906834,40.703495],[-73.906876,40.703478],[-73.906916,40.70346099999999],[-73.906956,40.70344300000001],[-73.90699399999998,40.703423],[-73.90703099999999,40.70340199999999],[-73.907067,40.703381],[-73.907101,40.703358],[-73.907135,40.703334],[-73.907167,40.703309],[-73.907198,40.703282],[-73.90722799999999,40.703255],[-73.90774,40.702762]]},"properties":{"routes":["M"],"direction":"N","colors":["#EB6800"],"colorCount":1,"color0":"#EB6800","color1":"","color2":""}},{"type":"Feature","geometry":{"type":"LineString","coordinates":[[-73.90774,40.702762],[-73.90774,40.702762],[-73.91074299999998,40.699825],[-73.91078,40.699792],[-73.91081899999999,40.699761],[-73.910858,40.699732000000004],[-73.91089799999999,40.699705],[-73.91094,40.69968],[-73.910983,40.699656],[-73.911027,40.699634],[-73.911072,40.699614],[-73.911118,40.69959599999999],[-73.911165,40.69958],[-73.91121299999999,40.699565],[-73.911262,40.699553],[-73.911313,40.699542],[-73.911364,40.699533],[-73.91141699999999,40.699526],[-73.912385,40.69943]]},"properties":{"routes":["M"],"direction":"N","colors":["#EB6800"],"colorCount":1,"color0":"#EB6800","color1":"","color2":""}},{"type":"Feature","geometry":{"type":"LineString","coordinates":[[-73.912385,40.69943],[-73.912385,40.69943],[-73.919711,40.698664]]},"properties":{"routes":["M"],"direction":"N","colors":["#EB6800"],"colorCount":1,"color0":"#EB6800","color1":"","color2":""}},{"type":"Feature","geometry":{"type":"LineString","coordinates":[[-73.919711,40.698664],[-73.919711,40.698664],[-73.927397,40.697857]]},"properties":{"routes":["M"],"direction":"N","colors":["#EB6800"],"colorCount":1,"color0":"#EB6800","color1":"","color2":""}},{"type":"Feature","geometry":{"type":"LineString","coordinates":[[-73.927397,40.697857],[-73.927397,40.697857],[-73.933022,40.697229],[-73.93306,40.697223],[-73.933096,40.697217],[-73.933131,40.697209],[-73.933166,40.697201],[-73.93319899999999,40.69719099999999],[-73.93323099999999,40.69718099999999],[-73.933262,40.69716900000001],[-73.933292,40.697157],[-73.933321,40.697143],[-73.933348,40.697129],[-73.933375,40.697113],[-73.933401,40.697097],[-73.933425,40.69708],[-73.933449,40.697061],[-73.933471,40.697042],[-73.93375771639752,40.69673741700203],[-73.9338084630022,40.69668710918829],[-73.93386863136335,40.696634652204985],[-73.93393607724163,40.6965833103311],[-73.9340086563977,40.69653634784558],[-73.93408422459223,40.696497029027356],[-73.93416063758586,40.69646861815539],[-73.9342357511393,40.69645437950865],[-73.93430742101319,40.69645757736607],[-73.9343735029682,40.69648147600659]]},"properties":{"routes":["M"],"direction":"N","colors":["#EB6800"],"colorCount":1,"color0":"#EB6800","color1":"","color2":""}},{"type":"Feature","geometry":{"type":"LineString","coordinates":[[-73.99149850238669,40.71954690717532],[-73.9915654971721,40.71957582803813],[-73.99161943127787,40.71961603190519],[-73.99166277930506,40.71966531520362],[-73.99169801585484,40.71972147436048],[-73.99172761552823,40.719782305802866],[-73.99175405292641,40.71984560595787],[-73.99177980265047,40.71990917125258],[-73.99180733930149,40.71997079811409],[-73.99183913748061,40.72002828296949],[-73.991879,40.720091],[-73.99194,40.720217],[-73.991987,40.720351],[-73.99199148700178,40.720369739830964],[-73.99202187068896,40.72044015850632],[-73.99207338606419,40.72050775115988],[-73.99213834184908,40.7205732062521],[-73.99220904676515,40.72063721224347],[-73.99227780953404,40.72070045759444],[-73.99233693887724,40.72076363076549],[-73.9923787435164,40.720827420217084],[-73.99239553217308,40.7208925144097],[-73.9923796135688,40.720959601803806]]},"properties":{"routes":["M"],"direction":"N","colors":["#EB6800"],"colorCount":1,"color0":"#EB6800","color1":"","color2":""}},{"type":"Feature","geometry":{"type":"LineString","coordinates":[[-73.99236959909796,40.7209800807722],[-73.99238576224667,40.7209135801058],[-73.99237020487374,40.720848806367286],[-73.9923303529291,40.720785148106316],[-73.99227363236267,40.72072199387261],[-73.99220746912434,40.72065873221586],[-73.99213928916403,40.72059475168575],[-73.99207651843169,40.720529440831974],[-73.99202658287723,40.720462188204245],[-73.99199690845053,40.720392382352244],[-73.991987,40.720351],[-73.99194,40.720217],[-73.991879,40.720091],[-73.99185300881389,40.72005010720052],[-73.99182143865443,40.71999164375588],[-73.99179524591774,40.719928568608786],[-73.99177162118902,40.719863232523174],[-73.99174775505355,40.71979798626301],[-73.99172083809653,40.71973518059226],[-73.99168806090321,40.71967716627485],[-73.99164661405885,40.719626294074764],[-73.99159368814864,40.71958491475594],[-73.99152647375783,40.71955537908234]]},"properties":{"routes":["M"],"direction":"S","colors":["#EB6800"],"colorCount":1,"color0":"#EB6800","color1":"","color2":""}},{"type":"Feature","geometry":{"type":"LineString","coordinates":[[-73.93442809442918,40.69651222436148],[-73.93436414698337,40.696487441504125],[-73.9342932540649,40.69647905308777],[-73.93421777965509,40.69648482037811],[-73.93414008773524,40.69650250464078],[-73.93406254228665,40.6965298671415],[-73.93398750729065,40.696564669145914],[-73.93391734672853,40.696604671919694],[-73.93385442458161,40.69664763672853],[-73.93380110483119,40.696691324838085],[-73.933471,40.697042],[-73.933449,40.697061],[-73.933425,40.69708],[-73.933401,40.697097],[-73.933375,40.697113],[-73.933348,40.697129],[-73.933321,40.697143],[-73.933292,40.697157],[-73.933262,40.69716900000001],[-73.93323099999999,40.69718099999999],[-73.93319899999999,40.69719099999999],[-73.933166,40.697201],[-73.933131,40.697209],[-73.933096,40.697217],[-73.93306,40.697223],[-73.933022,40.697229],[-73.927397,40.697857]]},"properties":{"routes":["M"],"direction":"S","colors":["#EB6800"],"colorCount":1,"color0":"#EB6800","color1":"","color2":""}},{"type":"Feature","geometry":{"type":"LineString","coordinates":[[-73.927397,40.697857],[-73.927397,40.697857],[-73.919711,40.698664]]},"properties":{"routes":["M"],"direction":"S","colors":["#EB6800"],"colorCount":1,"color0":"#EB6800","color1":"","color2":""}},{"type":"Feature","geometry":{"type":"LineString","coordinates":[[-73.919711,40.698664],[-73.919711,40.698664],[-73.912385,40.69943]]},"properties":{"routes":["M"],"direction":"S","colors":["#EB6800"],"colorCount":1,"color0":"#EB6800","color1":"","color2":""}},{"type":"Feature","geometry":{"type":"LineString","coordinates":[[-73.912385,40.69943],[-73.912385,40.69943],[-73.91141699999999,40.699526],[-73.911364,40.699533],[-73.911313,40.699542],[-73.911262,40.699553],[-73.91121299999999,40.699565],[-73.911165,40.69958],[-73.911118,40.69959599999999],[-73.911072,40.699614],[-73.911027,40.699634],[-73.910983,40.699656],[-73.91094,40.69968],[-73.91089799999999,40.699705],[-73.910858,40.699732000000004],[-73.91081899999999,40.699761],[-73.91078,40.699792],[-73.91074299999998,40.699825],[-73.90774,40.702762]]},"properties":{"routes":["M"],"direction":"S","colors":["#EB6800"],"colorCount":1,"color0":"#EB6800","color1":"","color2":""}},{"type":"Feature","geometry":{"type":"LineString","coordinates":[[-73.90774,40.702762],[-73.90774,40.702762],[-73.90722799999999,40.703255],[-73.907198,40.703282],[-73.907167,40.703309],[-73.907135,40.703334],[-73.907101,40.703358],[-73.907067,40.703381],[-73.90703099999999,40.70340199999999],[-73.90699399999998,40.703423],[-73.906956,40.70344300000001],[-73.906916,40.70346099999999],[-73.906876,40.703478],[-73.906834,40.703495],[-73.906792,40.70351000000001],[-73.906748,40.703523],[-73.906702,40.703536],[-73.906656,40.703548],[-73.903077,40.704423]]},"properties":{"routes":["M"],"direction":"S","colors":["#EB6800"],"colorCount":1,"color0":"#EB6800","color1":"","color2":""}},{"type":"Feature","geometry":{"type":"LineString","coordinates":[[-73.903077,40.704423],[-73.903077,40.704423],[-73.895877,40.706186]]},"properties":{"routes":["M"],"direction":"S","colors":["#EB6800"],"colorCount":1,"color0":"#EB6800","color1":"","color2":""}},{"type":"Feature","geometry":{"type":"LineString","coordinates":[[-73.895877,40.706186],[-73.895877,40.706186],[-73.89327199999998,40.70683300000001],[-73.89318,40.706859],[-73.893089,40.706888],[-73.893001,40.706919],[-73.89291499999999,40.706952],[-73.892831,40.706988],[-73.89275,40.707026],[-73.89267,40.707067],[-73.892592,40.70711],[-73.892517,40.707155],[-73.892444,40.707203],[-73.89237299999999,40.707254],[-73.892304,40.707305999999996],[-73.892237,40.707361],[-73.892172,40.707419],[-73.892109,40.707479],[-73.89034499999998,40.709393999999996],[-73.890319,40.709427],[-73.890295,40.70946],[-73.890271,40.709493],[-73.890249,40.709527],[-73.890228,40.70956],[-73.890208,40.709594],[-73.89019,40.709627],[-73.890172,40.709661],[-73.890156,40.709695],[-73.890141,40.709728999999996],[-73.890127,40.709763],[-73.89011499999998,40.709797],[-73.890103,40.709831],[-73.890093,40.709866],[-73.890083,40.7099],[-73.88999199999999,40.710233],[-73.88998799999999,40.71024500000001],[-73.889985,40.71025699999999],[-73.889982,40.710268],[-73.889978,40.71028],[-73.889975,40.710292],[-73.889972,40.710304],[-73.889969,40.710316000000006],[-73.889967,40.71032799999999],[-73.88996399999999,40.71034],[-73.889961,40.710352],[-73.889959,40.710364],[-73.889956,40.710376],[-73.889954,40.71038899999999],[-73.889952,40.710401],[-73.88995,40.710413],[-73.889948,40.710425],[-73.889946,40.710437],[-73.889944,40.710449],[-73.889942,40.71045999999999],[-73.88994,40.710472],[-73.88993699999999,40.710484],[-73.88993499999998,40.710496],[-73.88993299999998,40.710508],[-73.88993,40.71052],[-73.889928,40.710532],[-73.889926,40.710544],[-73.889923,40.710555],[-73.88992,40.710567],[-73.889918,40.710579],[-73.88991499999999,40.710591],[-73.889904,40.710631],[-73.889892,40.710673],[-73.889879,40.710717],[-73.88986399999999,40.710763],[-73.889848,40.710811],[-73.88983,40.710861],[-73.88981,40.710912],[-73.889789,40.710966000000006],[-73.889767,40.711022],[-73.889743,40.711079],[-73.889717,40.711139],[-73.88969,40.711201],[-73.889662,40.711264],[-73.889632,40.71133],[-73.889601,40.711396]]},"properties":{"routes":["M"],"direction":"S","colors":["#EB6800"],"colorCount":1,"color0":"#EB6800","color1":"","color2":""}},{"type":"Feature","geometry":{"type":"LineString","coordinates":[[-73.980544,40.582593],[-73.980134,40.583546999999996],[-73.980124,40.583571],[-73.980114,40.583595],[-73.98010399999998,40.583619],[-73.980095,40.583643],[-73.980085,40.583668],[-73.980075,40.58369299999999],[-73.980066,40.583718],[-73.98005599999999,40.583743],[-73.980047,40.583768],[-73.980038,40.583793],[-73.980028,40.583818],[-73.980019,40.583844],[-73.98001,40.58387],[-73.98000099999999,40.583896],[-73.979992,40.583922],[-73.978868,40.587474],[-73.978861,40.587495],[-73.978854,40.587517],[-73.978848,40.587537999999995],[-73.978841,40.587559],[-73.978835,40.58758],[-73.97882899999999,40.58760100000001],[-73.97882299999999,40.587622],[-73.978817,40.587642],[-73.978812,40.587663],[-73.978806,40.587683],[-73.978801,40.587703],[-73.978796,40.587723],[-73.978791,40.587743],[-73.978786,40.587763],[-73.978782,40.587783],[-73.97869699999998,40.588128999999995],[-73.97869,40.588163],[-73.978682,40.588196],[-73.978674,40.588229],[-73.978665,40.588263000000005],[-73.978656,40.588295],[-73.978647,40.588328000000004],[-73.978638,40.588361],[-73.978628,40.588393],[-73.978618,40.588425],[-73.978607,40.588457],[-73.978597,40.588489],[-73.97858499999998,40.58852099999999],[-73.978574,40.588553],[-73.978562,40.588584000000004],[-73.978551,40.588616],[-73.978329,40.589237],[-73.97823499999998,40.589592],[-73.97819,40.58974400000001],[-73.978151,40.589895],[-73.978117,40.590044],[-73.978087,40.59019],[-73.978061,40.59033500000001],[-73.978039,40.590478],[-73.978022,40.590619000000004],[-73.978009,40.590758],[-73.97799999999998,40.590896],[-73.977995,40.591031],[-73.977995,40.591164],[-73.977999,40.591296],[-73.978007,40.591425],[-73.978019,40.591553],[-73.978036,40.591679],[-73.97823,40.59272099999999]]},"properties":{"routes":["N"],"direction":"N","colors":["#F6BC26"],"colorCount":1,"color0":"#F6BC26","color1":"","color2":""}},{"type":"Feature","geometry":{"type":"LineString","coordinates":[[-73.97823,40.59272099999999],[-73.97823,40.59272099999999],[-73.979137,40.597473]]},"properties":{"routes":["N"],"direction":"N","colors":["#F6BC26"],"colorCount":1,"color0":"#F6BC26","color1":"","color2":""}},{"type":"Feature","geometry":{"type":"LineString","coordinates":[[-73.979137,40.597473],[-73.979137,40.597473],[-73.980353,40.603923]]},"properties":{"routes":["N"],"direction":"N","colors":["#F6BC26"],"colorCount":1,"color0":"#F6BC26","color1":"","color2":""}},{"type":"Feature","geometry":{"type":"LineString","coordinates":[[-73.980353,40.603923],[-73.980353,40.603923],[-73.981848,40.611815]]},"properties":{"routes":["N"],"direction":"N","colors":["#F6BC26"],"colorCount":1,"color0":"#F6BC26","color1":"","color2":""}},{"type":"Feature","geometry":{"type":"LineString","coordinates":[[-73.981848,40.611815],[-73.981848,40.611815],[-73.982195,40.613511],[-73.98223499999999,40.613669],[-73.982275,40.613823999999994],[-73.982316,40.613974],[-73.982359,40.61412],[-73.982404,40.614262],[-73.98245,40.6144],[-73.982498,40.614534],[-73.982547,40.61466300000001],[-73.982597,40.61478900000001],[-73.982649,40.61491],[-73.982703,40.615027],[-73.982758,40.61513999999999],[-73.982814,40.615249],[-73.982872,40.615354],[-73.982933,40.615455000000004],[-73.983015,40.615584],[-73.983101,40.61571],[-73.983191,40.61583300000001],[-73.98328499999998,40.615954],[-73.983383,40.616074],[-73.983485,40.616191],[-73.98359199999999,40.616305],[-73.983703,40.61641800000001],[-73.983818,40.616529],[-73.983937,40.616637000000004],[-73.984061,40.616743],[-73.98418899999999,40.616847],[-73.98432,40.616949],[-73.984457,40.617049],[-73.98459699999998,40.617146],[-73.985026,40.61741]]},"properties":{"routes":["N"],"direction":"N","colors":["#F6BC26"],"colorCount":1,"color0":"#F6BC26","color1":"","color2":""}},{"type":"Feature","geometry":{"type":"LineString","coordinates":[[-73.985026,40.61741],[-73.985026,40.61741],[-73.990414,40.620671]]},"properties":{"routes":["N"],"direction":"N","colors":["#F6BC26"],"colorCount":1,"color0":"#F6BC26","color1":"","color2":""}},{"type":"Feature","geometry":{"type":"LineString","coordinates":[[-73.990414,40.620671],[-73.990414,40.620671],[-73.99515,40.623531],[-73.995218,40.623573],[-73.995284,40.623616],[-73.99535,40.623661],[-73.995414,40.623709],[-73.99547699999998,40.623759],[-73.99554,40.623812],[-73.99560099999998,40.623867],[-73.995661,40.623924],[-73.99572,40.623984],[-73.995778,40.624046],[-73.99583499999999,40.62411],[-73.99588999999999,40.624177],[-73.99594499999999,40.624246],[-73.995999,40.624317],[-73.996052,40.624391],[-73.996353,40.624842]]},"properties":{"routes":["N"],"direction":"N","colors":["#F6BC26"],"colorCount":1,"color0":"#F6BC26","color1":"","color2":""}},{"type":"Feature","geometry":{"type":"LineString","coordinates":[[-73.996353,40.624842],[-73.996353,40.624842],[-73.99686499999999,40.625619],[-73.996967,40.625759],[-73.99706799999998,40.625895],[-73.99717,40.626026],[-73.997273,40.626152],[-73.99737799999998,40.626274],[-73.997483,40.626391],[-73.99759,40.626503],[-73.997698,40.62661],[-73.99780699999998,40.626713],[-73.99791699999999,40.626811],[-73.998029,40.626904],[-73.998141,40.626992],[-73.998255,40.627076],[-73.99837,40.627155],[-73.998487,40.627228],[-74.005351,40.631386]]},"properties":{"routes":["N"],"direction":"N","colors":["#F6BC26"],"colorCount":1,"color0":"#F6BC26","color1":"","color2":""}},{"type":"Feature","geometry":{"type":"LineString","coordinates":[[-74.005351,40.631386],[-74.005351,40.631386],[-74.008653,40.63339],[-74.008699,40.633418],[-74.00874599999999,40.633446],[-74.00879299999998,40.633474],[-74.008839,40.633502],[-74.008886,40.63353],[-74.008933,40.63355800000001],[-74.00898,40.633585],[-74.009028,40.633613],[-74.00907499999998,40.63364],[-74.009122,40.633668],[-74.00917,40.633695],[-74.009217,40.633722],[-74.009265,40.63374900000001],[-74.00931299999999,40.633776],[-74.009361,40.633803],[-74.010907,40.634653],[-74.010969,40.634688],[-74.01103,40.634721],[-74.01109,40.634754],[-74.011149,40.634786],[-74.01120599999999,40.634816],[-74.011263,40.634846],[-74.011318,40.634874],[-74.011372,40.634902],[-74.011425,40.634928],[-74.011477,40.634953],[-74.011527,40.634977],[-74.011577,40.635001],[-74.011626,40.635023],[-74.01167299999999,40.635044],[-74.011719,40.635064]]},"properties":{"routes":["N"],"direction":"N","colors":["#F6BC26"],"colorCount":1,"color0":"#F6BC26","color1":"","color2":""}},{"type":"Feature","geometry":{"type":"LineString","coordinates":[[-74.011719,40.635064],[-74.011719,40.635064],[-74.011805,40.6351],[-74.011891,40.635135],[-74.01198,40.63517],[-74.012069,40.635204],[-74.01216099999999,40.635237],[-74.012254,40.63526999999999],[-74.012348,40.635302],[-74.012444,40.635334],[-74.01254199999998,40.635365],[-74.012641,40.635395],[-74.01274199999999,40.635425],[-74.01284499999998,40.635454],[-74.012949,40.635482],[-74.013055,40.63551],[-74.013161,40.63553799999999],[-74.01619,40.636319],[-74.016238,40.636331],[-74.016285,40.636343],[-74.016332,40.636354],[-74.016379,40.636366],[-74.016425,40.636378],[-74.016471,40.636391],[-74.016516,40.636403],[-74.016561,40.636415],[-74.016606,40.63642800000001],[-74.01665,40.63643999999999],[-74.016694,40.636453],[-74.016737,40.636465],[-74.01678,40.636478],[-74.016822,40.636491],[-74.016864,40.636504],[-74.019487,40.637265],[-74.019604,40.637301],[-74.019716,40.637339],[-74.019825,40.637378],[-74.019929,40.637418],[-74.02002899999998,40.637459],[-74.020124,40.63750199999999],[-74.02021599999999,40.637546],[-74.020303,40.637591],[-74.020386,40.637637],[-74.020465,40.637684],[-74.020539,40.637733],[-74.02061,40.637783],[-74.02067599999998,40.637834],[-74.02071755471898,40.63786942369487],[-74.02077363821034,40.63791679531072],[-74.02083432925133,40.63796893109253],[-74.02089510228308,40.638024539601176],[-74.02095143174681,40.63808232939755],[-74.02099879208366,40.638141009042485],[-74.02103265773484,40.638199287096896],[-74.02104850314149,40.63825587212165],[-74.0210418027448,40.638309472677626],[-74.02100803098595,40.638358797325694]]},"properties":{"routes":["N"],"direction":"N","colors":["#F6BC26"],"colorCount":1,"color0":"#F6BC26","color1":"","color2":""}},{"type":"Feature","geometry":{"type":"LineString","coordinates":[[-74.021178,40.638196],[-74.020704,40.63865],[-74.017881,40.641362]]},"properties":{"routes":["N","R"],"direction":"N","colors":["#F6BC26"],"colorCount":1,"color0":"#F6BC26","color1":"","color2":""}},{"type":"Feature","geometry":{"type":"LineString","coordinates":[[-74.017881,40.641362],[-74.017881,40.641362],[-74.014034,40.645069]]},"properties":{"routes":["N","R"],"direction":"N","colors":["#F6BC26"],"colorCount":1,"color0":"#F6BC26","color1":"","color2":""}},{"type":"Feature","geometry":{"type":"LineString","coordinates":[[-74.014034,40.645069],[-74.014034,40.645069],[-74.01000599999999,40.64893899999999]]},"properties":{"routes":["N","R"],"direction":"N","colors":["#F6BC26"],"colorCount":1,"color0":"#F6BC26","color1":"","color2":""}},{"type":"Feature","geometry":{"type":"LineString","coordinates":[[-74.01000599999999,40.64893899999999],[-74.01000599999999,40.64893899999999],[-74.005672,40.65310300000001]]},"properties":{"routes":["N","R"],"direction":"N","colors":["#F6BC26"],"colorCount":1,"color0":"#F6BC26","color1":"","color2":""}},{"type":"Feature","geometry":{"type":"LineString","coordinates":[[-73.98246416264581,40.69188255437724],[-73.98250101161004,40.69193170607899],[-73.9825543951984,40.691969219639795],[-73.98262115560378,40.691997022105255],[-73.98269813501912,40.692017040521016],[-73.98278217563727,40.692031201932686],[-73.98287011965114,40.69204143338591],[-73.98295880925367,40.69204966192629],[-73.98304508663774,40.69205781459947],[-73.98312579399624,40.692067818451044],[-73.983127,40.692068],[-73.983226,40.692077000000005],[-73.983329,40.692082],[-73.985942,40.69218]]},"properties":{"routes":["N","R"],"direction":"N","colors":["#F6BC26"],"colorCount":1,"color0":"#F6BC26","color1":"","color2":""}},{"type":"Feature","geometry":{"type":"LineString","coordinates":[[-73.985942,40.69218],[-73.985942,40.69218],[-73.98828999999999,40.69227000000001],[-73.988439,40.692277],[-73.988583,40.69229],[-73.98872,40.692309],[-73.988848,40.69233500000001],[-73.98897,40.692367],[-73.989083,40.692405],[-73.98919,40.692449],[-73.989288,40.6925],[-73.98938,40.692557],[-73.989463,40.692621],[-73.98954,40.69269],[-73.989608,40.692766],[-73.989669,40.69284900000001],[-73.989723,40.692937],[-73.989769,40.693032],[-73.989809,40.69311100000001],[-73.989854,40.693186000000004],[-73.989902,40.693257],[-73.989954,40.693325],[-73.99000999999998,40.693389],[-73.99007,40.693449],[-73.990134,40.693506],[-73.990202,40.693559],[-73.990274,40.693608],[-73.99035,40.693654],[-73.99043,40.69369600000001],[-73.990514,40.693734],[-73.99060199999998,40.693768],[-73.990693,40.693799],[-73.990788,40.693825],[-73.99177699999998,40.694100000000006]]},"properties":{"routes":["N","R"],"direction":"N","colors":["#F6BC26"],"colorCount":1,"color0":"#F6BC26","color1":"","color2":""}},{"type":"Feature","geometry":{"type":"LineString","coordinates":[[-73.99177699999998,40.694100000000006],[-73.99177699999998,40.694100000000006],[-73.997331,40.695626],[-73.997441,40.695655],[-73.99755299999998,40.695685],[-73.997667,40.695716],[-73.997782,40.69574899999999],[-73.997899,40.695782],[-73.998018,40.695816],[-73.998138,40.695852],[-73.99826,40.695888],[-73.998384,40.69592600000001],[-73.998509,40.695965],[-73.99863599999999,40.69600499999999],[-73.998764,40.696046],[-73.998895,40.696088],[-73.999026,40.696130999999994],[-73.999159,40.696176],[-74.01011,40.699942],[-74.011412,40.700483],[-74.011544,40.700546],[-74.01166899999998,40.700612],[-74.011786,40.700682],[-74.01189599999998,40.700755],[-74.012,40.700832],[-74.012097,40.700913],[-74.012187,40.700997],[-74.01227,40.701086],[-74.012346,40.701177],[-74.01241499999999,40.701273],[-74.012477,40.701372],[-74.012532,40.701476],[-74.012581,40.701582],[-74.012622,40.701693],[-74.012658,40.701808],[-74.012994,40.703087]]},"properties":{"routes":["N","R"],"direction":"N","colors":["#F6BC26"],"colorCount":1,"color0":"#F6BC26","color1":"","color2":""}},{"type":"Feature","geometry":{"type":"LineString","coordinates":[[-74.012994,40.703087],[-74.012994,40.703087],[-74.013114,40.703592],[-74.013128,40.703655],[-74.013142,40.703722],[-74.01315599999998,40.703792],[-74.013171,40.703865],[-74.013185,40.703942],[-74.013199,40.704023],[-74.013213,40.70410699999999],[-74.013227,40.704194],[-74.013241,40.704285],[-74.013255,40.704379],[-74.013269,40.704477],[-74.01328399999998,40.70457799999999],[-74.013298,40.704683],[-74.01331199999998,40.704791],[-74.013326,40.704903],[-74.013331,40.704946],[-74.013338,40.704989],[-74.013347,40.70503],[-74.013358,40.705072],[-74.013371,40.705114],[-74.013386,40.705155000000005],[-74.013404,40.705196],[-74.013423,40.705236],[-74.013444,40.705276999999995],[-74.01346699999999,40.705317],[-74.013493,40.705357],[-74.01352,40.705396],[-74.013549,40.705436],[-74.013581,40.705475],[-74.013614,40.705514],[-74.013816,40.705755],[-74.01387,40.70582],[-74.013918,40.70588399999999],[-74.013958,40.705946],[-74.013992,40.706007],[-74.014018,40.706067000000004],[-74.014037,40.706126],[-74.01405,40.706184],[-74.014055,40.706241],[-74.014053,40.706297],[-74.014044,40.706352],[-74.014028,40.706406],[-74.01400499999998,40.706458999999995],[-74.013975,40.706511],[-74.013938,40.706562],[-74.013894,40.706611],[-74.013569,40.706959],[-74.013554,40.70697500000001],[-74.013539,40.706992],[-74.01352299999999,40.707008],[-74.013508,40.707025],[-74.013493,40.70704200000001],[-74.013478,40.707059],[-74.013463,40.707076],[-74.013447,40.707094],[-74.01343199999998,40.707111000000005],[-74.013417,40.707129],[-74.013402,40.707147],[-74.01338699999998,40.707165],[-74.013372,40.707183],[-74.01335699999998,40.707201],[-74.013342,40.70722]]},"properties":{"routes":["N","R","W"],"direction":"N","colors":["#F6BC26"],"colorCount":1,"color0":"#F6BC26","color1":"","color2":""}},{"type":"Feature","geometry":{"type":"LineString","coordinates":[[-74.013342,40.70722],[-74.013342,40.70722],[-74.013314,40.707254],[-74.013286,40.70729],[-74.013258,40.707326],[-74.013232,40.707362],[-74.013205,40.7074],[-74.013179,40.707437999999996],[-74.013153,40.707477],[-74.011029,40.710668]]},"properties":{"routes":["N","R","W"],"direction":"N","colors":["#F6BC26"],"colorCount":1,"color0":"#F6BC26","color1":"","color2":""}},{"type":"Feature","geometry":{"type":"LineString","coordinates":[[-74.011029,40.710668],[-74.011029,40.710668],[-74.010465,40.711537],[-74.01042,40.711587],[-74.010373,40.711631],[-74.010323,40.711669],[-74.01027,40.71170099999999],[-74.010215,40.711728],[-74.010157,40.71174800000001],[-74.010096,40.71176199999999],[-74.010032,40.71177],[-74.009965,40.711773],[-74.00989599999998,40.711769],[-74.009824,40.71175999999999],[-74.009749,40.71174400000001],[-74.009672,40.711723],[-74.009592,40.71169499999999],[-74.009509,40.711662],[-74.009411,40.711623],[-74.009327,40.711589],[-74.009245,40.711561],[-74.009165,40.711537],[-74.009087,40.711519],[-74.009011,40.711507],[-74.008937,40.711499999999994],[-74.008865,40.71149799999999],[-74.008794,40.711501],[-74.008725,40.71150999999999],[-74.00865899999998,40.711525],[-74.00859399999999,40.711544],[-74.008531,40.71156899999999],[-74.00847,40.711599],[-74.00841,40.711635],[-74.008353,40.711676],[-74.007711,40.712478],[-74.007703,40.712488],[-74.00769399999999,40.712497],[-74.007686,40.712507],[-74.007677,40.712516],[-74.007669,40.712525],[-74.00766,40.712533],[-74.007651,40.71254199999999],[-74.007641,40.71255],[-74.007632,40.712558],[-74.007623,40.712566],[-74.007613,40.712574],[-74.007603,40.712582],[-74.007593,40.712589],[-74.007583,40.712596],[-74.007573,40.712602999999994],[-74.007563,40.71261],[-74.007553,40.712618],[-74.007544,40.712625],[-74.007535,40.712633],[-74.007526,40.71264],[-74.007517,40.712648],[-74.007508,40.71265600000001],[-74.0075,40.712664],[-74.007492,40.712672000000005],[-74.007484,40.71267999999999],[-74.007476,40.712688],[-74.007468,40.712697],[-74.00746099999999,40.712705],[-74.007454,40.712713],[-74.007447,40.712722],[-74.006978,40.713282]]},"properties":{"routes":["N","R","W"],"direction":"N","colors":["#F6BC26"],"colorCount":1,"color0":"#F6BC26","color1":"","color2":""}},{"type":"Feature","geometry":{"type":"LineString","coordinates":[[-74.006978,40.713282],[-74.006978,40.713282],[-74.006374,40.714011],[-74.006368,40.714018],[-74.006363,40.714025],[-74.00635699999998,40.714032],[-74.006352,40.71403900000001],[-74.006347,40.714046],[-74.006342,40.714054],[-74.006337,40.714061],[-74.00633299999998,40.714069],[-74.00632899999998,40.714076],[-74.006324,40.714084],[-74.006321,40.714092],[-74.006317,40.71410000000001],[-74.006313,40.714107999999996],[-74.00631,40.714116000000004],[-74.006307,40.714124],[-74.006303,40.714133],[-74.006299,40.714141],[-74.006296,40.71415],[-74.006292,40.714158],[-74.006288,40.714166],[-74.006283,40.714174],[-74.00627899999999,40.714181],[-74.00627499999999,40.71418899999999],[-74.00627,40.714196],[-74.006266,40.714203],[-74.006261,40.71421],[-74.006257,40.714217],[-74.006252,40.714223],[-74.006247,40.71423000000001],[-74.006242,40.71423600000001],[-74.00212635386886,40.719110834045175],[-74.00207424248846,40.71916004803004],[-74.00200958511218,40.719204189158646],[-74.00193733774486,40.7192450177038],[-74.00186245639135,40.71928429393833],[-74.00178989705647,40.71932377813505],[-74.00172461574506,40.719365230566744],[-74.00167156846196,40.71941041150627],[-74.00163571121199,40.719461081226406],[-74.001622,40.719519]]},"properties":{"routes":["N","R","W"],"direction":"N","colors":["#F6BC26"],"colorCount":1,"color0":"#F6BC26","color1":"","color2":""}},{"type":"Feature","geometry":{"type":"LineString","coordinates":[[-74.00045999999999,40.718383],[-74.00045999999999,40.718383],[-74.001326,40.719004],[-74.001393,40.719055],[-74.001452,40.719108],[-74.00150199999999,40.719162],[-74.001544,40.71921799999999],[-74.00157699999998,40.719275],[-74.001601,40.719333999999996],[-74.001616,40.719394],[-74.001623,40.719456],[-74.001622,40.719519],[-74.00161099999998,40.719584],[-74.001592,40.71965],[-74.001564,40.719718],[-74.00152799999998,40.719787],[-74.001483,40.719857999999995],[-74.001429,40.71993],[-74.001263,40.72012599999999]]},"properties":{"routes":["N","Q","R","W"],"direction":"N","colors":["#F6BC26"],"colorCount":1,"color0":"#F6BC26","color1":"","color2":""}},{"type":"Feature","geometry":{"type":"LineString","coordinates":[[-74.001228,40.720167],[-74.001429,40.71993],[-74.001483,40.719857999999995],[-74.00152799999998,40.719787],[-74.001564,40.719718],[-74.001592,40.71965],[-74.00161099999998,40.719584],[-74.001622,40.719519],[-74.001623,40.719456],[-74.001616,40.719394],[-74.001601,40.719333999999996],[-74.00157699999998,40.719275],[-74.001544,40.71921799999999],[-74.00150199999999,40.719162],[-74.001452,40.719108],[-74.001393,40.719055],[-74.001326,40.719004],[-74.00045999999999,40.718383],[-74.000499,40.718411]]},"properties":{"routes":["N","Q","R","W"],"direction":"S","colors":["#F6BC26"],"colorCount":1,"color0":"#F6BC26","color1":"","color2":""}},{"type":"Feature","geometry":{"type":"LineString","coordinates":[[-73.997702,40.724329],[-73.997702,40.724329],[-73.99262899999998,40.73032799999999]]},"properties":{"routes":["N","Q","R","W"],"direction":"N","colors":["#F6BC26"],"colorCount":1,"color0":"#F6BC26","color1":"","color2":""}},{"type":"Feature","geometry":{"type":"LineString","coordinates":[[-73.99262899999998,40.73032799999999],[-73.99262899999998,40.73032799999999],[-73.991683,40.731445],[-73.99164899999998,40.731485],[-73.991617,40.731526],[-73.991586,40.731567000000005],[-73.991558,40.731609],[-73.991531,40.731651],[-73.99150499999999,40.73169300000001],[-73.991482,40.731736],[-73.99146,40.731779],[-73.99144,40.731822],[-73.991422,40.731866],[-73.991406,40.73191],[-73.99139099999998,40.731954],[-73.991378,40.731999],[-73.991367,40.732044],[-73.991358,40.73209],[-73.991358,40.73209],[-73.990568,40.735736]]},"properties":{"routes":["N","Q","R","W"],"direction":"N","colors":["#F6BC26"],"colorCount":1,"color0":"#F6BC26","color1":"","color2":""}},{"type":"Feature","geometry":{"type":"LineString","coordinates":[[-74.001263,40.72012599999999],[-73.997702,40.724329]]},"properties":{"routes":["N","Q","R","W"],"direction":"N","colors":["#F6BC26"],"colorCount":1,"color0":"#F6BC26","color1":"","color2":""}},{"type":"Feature","geometry":{"type":"LineString","coordinates":[[-73.990568,40.735736],[-73.990568,40.735736],[-73.990206,40.73743300000001],[-73.990195,40.737476],[-73.990186,40.737519],[-73.990176,40.737563],[-73.99016599999999,40.737608],[-73.990155,40.737653],[-73.990144,40.737698],[-73.990134,40.737745],[-73.990122,40.737792],[-73.990111,40.737838999999994],[-73.990099,40.737887],[-73.990088,40.737936],[-73.990076,40.737985],[-73.99006299999999,40.738035],[-73.990051,40.738085],[-73.990037,40.738136],[-73.989604,40.739792],[-73.98959,40.739844],[-73.989578,40.739894],[-73.989566,40.73994499999999],[-73.989554,40.739995],[-73.989543,40.740045],[-73.989532,40.740095],[-73.98952199999998,40.740145],[-73.989512,40.74019499999999],[-73.989503,40.740244],[-73.98949399999998,40.740294],[-73.989485,40.740343],[-73.989477,40.74039199999999],[-73.989469,40.740441],[-73.989462,40.740489],[-73.989455,40.740538],[-73.98934399999999,40.741303]]},"properties":{"routes":["N","Q","R","W"],"direction":"N","colors":["#F6BC26"],"colorCount":1,"color0":"#F6BC26","color1":"","color2":""}},{"type":"Feature","geometry":{"type":"LineString","coordinates":[[-73.98934399999999,40.741303],[-73.98934399999999,40.741303],[-73.989192,40.742643],[-73.989186,40.7427],[-73.98918,40.742757],[-73.989173,40.742812],[-73.989166,40.742867],[-73.98916,40.74292],[-73.989153,40.742973],[-73.989146,40.743025],[-73.98913799999998,40.743075000000005],[-73.989131,40.743125],[-73.989123,40.743173],[-73.989116,40.743221],[-73.989108,40.74326799999999],[-73.9891,40.743314],[-73.989091,40.743358],[-73.989083,40.743402],[-73.988691,40.745493999999994]]},"properties":{"routes":["N","Q","R","W"],"direction":"N","colors":["#F6BC26"],"colorCount":1,"color0":"#F6BC26","color1":"","color2":""}},{"type":"Feature","geometry":{"type":"LineString","coordinates":[[-73.988691,40.745493999999994],[-73.988691,40.745493999999994],[-73.98795,40.749567]]},"properties":{"routes":["N","Q","R","W"],"direction":"N","colors":["#F6BC26"],"colorCount":1,"color0":"#F6BC26","color1":"","color2":""}},{"type":"Feature","geometry":{"type":"LineString","coordinates":[[-73.98795,40.749567],[-73.98795,40.749567],[-73.98757,40.751815],[-73.987556,40.751893],[-73.987541,40.75197099999999],[-73.98752599999999,40.752049],[-73.98751,40.752127],[-73.987493,40.752204],[-73.98747499999999,40.75228200000001],[-73.987457,40.75236],[-73.987437,40.752438],[-73.987417,40.752516],[-73.98739599999999,40.752593],[-73.987375,40.752671],[-73.987353,40.752748999999994],[-73.987329,40.752827],[-73.987306,40.752904],[-73.987281,40.752982],[-73.98675399999999,40.754672]]},"properties":{"routes":["N","Q","R","W"],"direction":"N","colors":["#F6BC26"],"colorCount":1,"color0":"#F6BC26","color1":"","color2":""}},{"type":"Feature","geometry":{"type":"LineString","coordinates":[[-73.98675399999999,40.754672],[-73.98675399999999,40.754672],[-73.986201,40.75643],[-73.986154,40.756569],[-73.986106,40.756705],[-73.986056,40.756839],[-73.986003,40.756971],[-73.985949,40.757101],[-73.985893,40.757229],[-73.985835,40.757354],[-73.985775,40.757477],[-73.985712,40.757599],[-73.985648,40.757718],[-73.985582,40.757835],[-73.985514,40.757949],[-73.98544399999999,40.758062],[-73.98537099999999,40.758173],[-73.985298,40.75828],[-73.984139,40.759901]]},"properties":{"routes":["N","Q","R","W"],"direction":"N","colors":["#F6BC26"],"colorCount":1,"color0":"#F6BC26","color1":"","color2":""}},{"type":"Feature","geometry":{"type":"LineString","coordinates":[[-73.984139,40.759901],[-73.984139,40.759901],[-73.980658,40.764664]]},"properties":{"routes":["N","Q","R","W"],"direction":"N","colors":["#F6BC26"],"colorCount":1,"color0":"#F6BC26","color1":"","color2":""}},{"type":"Feature","geometry":{"type":"LineString","coordinates":[[-73.980658,40.764664],[-73.980658,40.764664],[-73.979499,40.766254],[-73.979105,40.766788]]},"properties":{"routes":["N","Q","R","W"],"direction":"N","colors":["#F6BC26"],"colorCount":1,"color0":"#F6BC26","color1":"","color2":""}},{"type":"Feature","geometry":{"type":"LineString","coordinates":[[-73.97923077949805,40.766617527279294],[-73.97918161385178,40.76666186297224],[-73.97911639670089,40.76668828037469],[-73.97903849092833,40.766699611547445],[-73.97895125941697,40.76669868855129],[-73.97885806504974,40.766688343447015],[-73.97876227070952,40.766671408295416],[-73.97866723927925,40.76665071515728],[-73.97857633364178,40.766629096093396],[-73.97849291668007,40.76660938316456],[-73.978478,40.766606],[-73.978379,40.766577],[-73.978276,40.766540000000006],[-73.974217,40.764825],[-73.974193,40.764816],[-73.97417,40.764808],[-73.974146,40.7648],[-73.97412099999998,40.764793],[-73.974097,40.76478699999999],[-73.974073,40.764782],[-73.974048,40.764776999999995],[-73.974024,40.764773000000005],[-73.973999,40.76477],[-73.97397399999998,40.764768],[-73.973949,40.764766],[-73.97392399999998,40.764765],[-73.973898,40.764765],[-73.97387299999998,40.764766],[-73.97384699999999,40.764767],[-73.973347,40.764811]]},"properties":{"routes":["N","R","W"],"direction":"N","colors":["#F6BC26"],"colorCount":1,"color0":"#F6BC26","color1":"","color2":""}},{"type":"Feature","geometry":{"type":"LineString","coordinates":[[-73.973347,40.764811],[-73.973347,40.764811],[-73.972718,40.764873],[-73.972694,40.764873],[-73.97267,40.764873],[-73.972647,40.764872],[-73.972623,40.76487],[-73.972599,40.764867],[-73.972575,40.764864],[-73.97255,40.764859],[-73.972526,40.764854],[-73.972501,40.764849],[-73.972476,40.764841999999994],[-73.97245,40.764835],[-73.972425,40.764827],[-73.972399,40.764819],[-73.972373,40.764809],[-73.972347,40.764799],[-73.967258,40.76266]]},"properties":{"routes":["N","R","W"],"direction":"N","colors":["#F6BC26"],"colorCount":1,"color0":"#F6BC26","color1":"","color2":""}},{"type":"Feature","geometry":{"type":"LineString","coordinates":[[-73.967258,40.76266],[-73.967258,40.76266],[-73.959131,40.75923],[-73.946938,40.753765],[-73.944152,40.752553],[-73.943201,40.752138]]},"properties":{"routes":["N","R","W"],"direction":"N","colors":["#F6BC26"],"colorCount":1,"color0":"#F6BC26","color1":"","color2":""}},{"type":"Feature","geometry":{"type":"LineString","coordinates":[[-73.943201,40.752138],[-73.942083,40.751651],[-73.942041,40.75163200000001],[-73.94199899999998,40.751612],[-73.94196,40.751593],[-73.941921,40.75157299999999],[-73.941884,40.751552],[-73.941848,40.751532],[-73.941814,40.751511],[-73.941781,40.751491],[-73.941749,40.751469],[-73.941718,40.751448],[-73.941689,40.751427],[-73.941661,40.751405],[-73.941634,40.751383],[-73.941609,40.75136],[-73.941585,40.751338],[-73.94156299999999,40.751314],[-73.94153899999999,40.75129]]},"properties":{"routes":["N","W"],"direction":"N","colors":["#F6BC26"],"colorCount":1,"color0":"#F6BC26","color1":"","color2":""}},{"type":"Feature","geometry":{"type":"LineString","coordinates":[[-73.93758296357589,40.74910539586256],[-73.937534941424,40.74907338460333],[-73.93747843304104,40.749050457810036],[-73.93741527952771,40.74903569509824],[-73.93734732198477,40.74902817608354],[-73.93727640151299,40.749026980381494],[-73.93720435921314,40.7490311876077],[-73.93713303618591,40.74903987737773],[-73.93706427353212,40.749052129307195],[-73.93699991235246,40.74906702301162]]},"properties":{"routes":["N","W"],"direction":"N","colors":["#F6BC26"],"colorCount":1,"color0":"#F6BC26","color1":"","color2":""}},{"type":"Feature","geometry":{"type":"LineString","coordinates":[[-73.93368599999998,40.751747],[-73.933665,40.751769],[-73.933633,40.751805],[-73.933601,40.75184099999999],[-73.93357,40.751879],[-73.932755,40.752882]]},"properties":{"routes":["N","W"],"direction":"N","colors":["#F6BC26"],"colorCount":1,"color0":"#F6BC26","color1":"","color2":""}},{"type":"Feature","geometry":{"type":"LineString","coordinates":[[-73.932755,40.752882],[-73.932755,40.752882],[-73.929575,40.756804]]},"properties":{"routes":["N","W"],"direction":"N","colors":["#F6BC26"],"colorCount":1,"color0":"#F6BC26","color1":"","color2":""}},{"type":"Feature","geometry":{"type":"LineString","coordinates":[[-73.929575,40.756804],[-73.929575,40.756804],[-73.925508,40.76182]]},"properties":{"routes":["N","W"],"direction":"N","colors":["#F6BC26"],"colorCount":1,"color0":"#F6BC26","color1":"","color2":""}},{"type":"Feature","geometry":{"type":"LineString","coordinates":[[-73.925508,40.76182],[-73.925508,40.76182],[-73.921479,40.766779]]},"properties":{"routes":["N","W"],"direction":"N","colors":["#F6BC26"],"colorCount":1,"color0":"#F6BC26","color1":"","color2":""}},{"type":"Feature","geometry":{"type":"LineString","coordinates":[[-73.921479,40.766779],[-73.921479,40.766779],[-73.920795,40.767617],[-73.920746,40.767672],[-73.920696,40.767726],[-73.920646,40.76778],[-73.92059399999998,40.767835],[-73.920542,40.767889],[-73.920489,40.767942],[-73.920436,40.76799599999999],[-73.920382,40.76805],[-73.920327,40.768103],[-73.920271,40.768157],[-73.920215,40.76821],[-73.920158,40.768263],[-73.9201,40.768316],[-73.920041,40.768367999999995],[-73.919982,40.768421],[-73.917843,40.770258]]},"properties":{"routes":["N","W"],"direction":"N","colors":["#F6BC26"],"colorCount":1,"color0":"#F6BC26","color1":"","color2":""}},{"type":"Feature","geometry":{"type":"LineString","coordinates":[[-73.917843,40.770258],[-73.917843,40.770258],[-73.912034,40.77503600000001]]},"properties":{"routes":["N","W"],"direction":"N","colors":["#F6BC26"],"colorCount":1,"color0":"#F6BC26","color1":"","color2":""}},{"type":"Feature","geometry":{"type":"LineString","coordinates":[[-73.982552,40.69206],[-73.983428,40.693829],[-73.984126,40.69507900000001],[-73.985484,40.69776999999999],[-73.99500999999998,40.714878],[-73.995034,40.714925],[-73.995059,40.71497099999999],[-73.995085,40.715017],[-73.995112,40.715062],[-73.995141,40.715108],[-73.99517099999998,40.715151999999996],[-73.995202,40.715197],[-73.995234,40.715241],[-73.99526799999998,40.715285],[-73.99530299999999,40.715328],[-73.995339,40.715371],[-73.995376,40.715413999999996],[-73.995414,40.715456],[-73.995454,40.715498],[-73.995495,40.71554],[-73.995962,40.716011],[-73.995996,40.716047],[-73.996031,40.716081],[-73.99606899999999,40.716115],[-73.996109,40.716148],[-73.99615,40.716179],[-73.996194,40.71620999999999],[-73.996239,40.71624],[-73.996287,40.716268],[-73.996337,40.716296],[-73.996388,40.716322],[-73.996442,40.716348],[-73.996497,40.716372],[-73.996555,40.716396],[-73.996614,40.716418],[-73.996676,40.71644],[-73.998177,40.716956],[-73.998249,40.716981],[-73.99832,40.717007],[-73.998391,40.717034],[-73.99846,40.717062],[-73.99852799999998,40.717091],[-73.998595,40.717119999999994],[-73.99865999999999,40.717151],[-73.998725,40.717183000000006],[-73.998789,40.717216],[-73.998852,40.71724999999999],[-73.998913,40.717284],[-73.998974,40.71732],[-73.999033,40.717357],[-73.999092,40.717394],[-73.999149,40.717433],[-74.00045999999999,40.718383]]},"properties":{"routes":["N","Q"],"direction":"N","colors":["#F6BC26"],"colorCount":1,"color0":"#F6BC26","color1":"","color2":""}},{"type":"Feature","geometry":{"type":"LineString","coordinates":[[-73.912034,40.77503600000001],[-73.917843,40.770258]]},"properties":{"routes":["N","W"],"direction":"S","colors":["#F6BC26"],"colorCount":1,"color0":"#F6BC26","color1":"","color2":""}},{"type":"Feature","geometry":{"type":"LineString","coordinates":[[-73.917843,40.770258],[-73.917843,40.770258],[-73.919982,40.768421],[-73.920041,40.768367999999995],[-73.9201,40.768316],[-73.920158,40.768263],[-73.920215,40.76821],[-73.920271,40.768157],[-73.920327,40.768103],[-73.920382,40.76805],[-73.920436,40.76799599999999],[-73.920489,40.767942],[-73.920542,40.767889],[-73.92059399999998,40.767835],[-73.920646,40.76778],[-73.920696,40.767726],[-73.920746,40.767672],[-73.920795,40.767617],[-73.921479,40.766779]]},"properties":{"routes":["N","W"],"direction":"S","colors":["#F6BC26"],"colorCount":1,"color0":"#F6BC26","color1":"","color2":""}},{"type":"Feature","geometry":{"type":"LineString","coordinates":[[-73.921479,40.766779],[-73.921479,40.766779],[-73.925508,40.76182]]},"properties":{"routes":["N","W"],"direction":"S","colors":["#F6BC26"],"colorCount":1,"color0":"#F6BC26","color1":"","color2":""}},{"type":"Feature","geometry":{"type":"LineString","coordinates":[[-73.925508,40.76182],[-73.925508,40.76182],[-73.929575,40.756804]]},"properties":{"routes":["N","W"],"direction":"S","colors":["#F6BC26"],"colorCount":1,"color0":"#F6BC26","color1":"","color2":""}},{"type":"Feature","geometry":{"type":"LineString","coordinates":[[-73.929575,40.756804],[-73.929575,40.756804],[-73.932755,40.752882]]},"properties":{"routes":["N","W"],"direction":"S","colors":["#F6BC26"],"colorCount":1,"color0":"#F6BC26","color1":"","color2":""}},{"type":"Feature","geometry":{"type":"LineString","coordinates":[[-73.932755,40.752882],[-73.932755,40.752882],[-73.93334629765603,40.75215430484785],[-73.93338299084222,40.752095749909635],[-73.9334076465618,40.75203063428578],[-73.93342468863081,40.75196164402843],[-73.93343854086532,40.751891465189686],[-73.93345362708135,40.75182278382169],[-73.9334743710949,40.751758285976564],[-73.93350519672208,40.75170065770644],[-73.93355052777883,40.75165258506344],[-73.93361478808127,40.75161675409969]]},"properties":{"routes":["N","W"],"direction":"S","colors":["#F6BC26"],"colorCount":1,"color0":"#F6BC26","color1":"","color2":""}},{"type":"Feature","geometry":{"type":"LineString","coordinates":[[-73.93701254556734,40.74906155490368],[-73.93707188025517,40.74904113473653],[-73.93713608919717,40.749028371030036],[-73.93720363450552,40.74902279272225],[-73.93727297829246,40.7490239287512],[-73.93734258267018,40.749031308054946],[-73.93741090975088,40.74904445957154],[-73.93747642164682,40.74906291223903],[-73.93753758047018,40.74908619499546],[-73.93759284833317,40.74911383677888]]},"properties":{"routes":["N","W"],"direction":"S","colors":["#F6BC26"],"colorCount":1,"color0":"#F6BC26","color1":"","color2":""}},{"type":"Feature","geometry":{"type":"LineString","coordinates":[[-73.941549,40.7513],[-73.94156299999999,40.751314],[-73.941585,40.751338],[-73.941609,40.75136],[-73.941634,40.751383],[-73.941661,40.751405],[-73.941689,40.751427],[-73.941718,40.751448],[-73.941749,40.751469],[-73.941781,40.751491],[-73.941814,40.751511],[-73.941848,40.751532],[-73.941884,40.751552],[-73.941921,40.75157299999999],[-73.94196,40.751593],[-73.94199899999998,40.751612],[-73.942041,40.75163200000001],[-73.942083,40.751651],[-73.943112,40.7521]]},"properties":{"routes":["N","W"],"direction":"S","colors":["#F6BC26"],"colorCount":1,"color0":"#F6BC26","color1":"","color2":""}},{"type":"Feature","geometry":{"type":"LineString","coordinates":[[-73.943112,40.7521],[-73.944152,40.752553],[-73.946938,40.753765],[-73.959131,40.75923],[-73.967258,40.76266]]},"properties":{"routes":["N","R","W"],"direction":"S","colors":["#F6BC26"],"colorCount":1,"color0":"#F6BC26","color1":"","color2":""}},{"type":"Feature","geometry":{"type":"LineString","coordinates":[[-73.967258,40.76266],[-73.967258,40.76266],[-73.972347,40.764799],[-73.972373,40.764809],[-73.972399,40.764819],[-73.972425,40.764827],[-73.97245,40.764835],[-73.972476,40.764841999999994],[-73.972501,40.764849],[-73.972526,40.764854],[-73.97255,40.764859],[-73.972575,40.764864],[-73.972599,40.764867],[-73.972623,40.76487],[-73.972647,40.764872],[-73.97267,40.764873],[-73.972694,40.764873],[-73.972718,40.764873],[-73.973347,40.764811]]},"properties":{"routes":["N","R","W"],"direction":"S","colors":["#F6BC26"],"colorCount":1,"color0":"#F6BC26","color1":"","color2":""}},{"type":"Feature","geometry":{"type":"LineString","coordinates":[[-73.973347,40.764811],[-73.973347,40.764811],[-73.97384699999999,40.764767],[-73.97387299999998,40.764766],[-73.973898,40.764765],[-73.97392399999998,40.764765],[-73.973949,40.764766],[-73.97397399999998,40.764768],[-73.973999,40.76477],[-73.974024,40.764773000000005],[-73.974048,40.764776999999995],[-73.974073,40.764782],[-73.974097,40.76478699999999],[-73.97412099999998,40.764793],[-73.974146,40.7648],[-73.97417,40.764808],[-73.974193,40.764816],[-73.974217,40.764825],[-73.978276,40.766540000000006],[-73.978379,40.766577],[-73.978478,40.766606],[-73.978575,40.766628],[-73.97859757838492,40.76663115611832],[-73.97867672150137,40.7666417934306],[-73.97876169920619,40.766651538013065],[-73.97884963957641,40.76665870304997],[-73.97893767068916,40.76666160172557],[-73.9790229206215,40.76665854722413],[-73.97910251745053,40.76664785272992],[-73.97917358925332,40.76662783142717],[-73.97923326410694,40.76659679650019],[-73.97927867008852,40.76655306113319]]},"properties":{"routes":["N","R","W"],"direction":"S","colors":["#F6BC26"],"colorCount":1,"color0":"#F6BC26","color1":"","color2":""}},{"type":"Feature","geometry":{"type":"LineString","coordinates":[[-73.979124,40.766763],[-73.979499,40.766254],[-73.980658,40.764664]]},"properties":{"routes":["N","Q","R","W"],"direction":"S","colors":["#F6BC26"],"colorCount":1,"color0":"#F6BC26","color1":"","color2":""}},{"type":"Feature","geometry":{"type":"LineString","coordinates":[[-73.980658,40.764664],[-73.980658,40.764664],[-73.984139,40.759901]]},"properties":{"routes":["N","Q","R","W"],"direction":"S","colors":["#F6BC26"],"colorCount":1,"color0":"#F6BC26","color1":"","color2":""}},{"type":"Feature","geometry":{"type":"LineString","coordinates":[[-73.984139,40.759901],[-73.984139,40.759901],[-73.985298,40.75828],[-73.98537099999999,40.758173],[-73.98544399999999,40.758062],[-73.985514,40.757949],[-73.985582,40.757835],[-73.985648,40.757718],[-73.985712,40.757599],[-73.985775,40.757477],[-73.985835,40.757354],[-73.985893,40.757229],[-73.985949,40.757101],[-73.986003,40.756971],[-73.986056,40.756839],[-73.986106,40.756705],[-73.986154,40.756569],[-73.986201,40.75643],[-73.98675399999999,40.754672]]},"properties":{"routes":["N","Q","R","W"],"direction":"S","colors":["#F6BC26"],"colorCount":1,"color0":"#F6BC26","color1":"","color2":""}},{"type":"Feature","geometry":{"type":"LineString","coordinates":[[-73.98675399999999,40.754672],[-73.98675399999999,40.754672],[-73.987281,40.752982],[-73.987306,40.752904],[-73.987329,40.752827],[-73.987353,40.752748999999994],[-73.987375,40.752671],[-73.98739599999999,40.752593],[-73.987417,40.752516],[-73.987437,40.752438],[-73.987457,40.75236],[-73.98747499999999,40.75228200000001],[-73.987493,40.752204],[-73.98751,40.752127],[-73.98752599999999,40.752049],[-73.987541,40.75197099999999],[-73.987556,40.751893],[-73.98757,40.751815],[-73.98795,40.749567]]},"properties":{"routes":["N","Q","R","W"],"direction":"S","colors":["#F6BC26"],"colorCount":1,"color0":"#F6BC26","color1":"","color2":""}},{"type":"Feature","geometry":{"type":"LineString","coordinates":[[-73.98795,40.749567],[-73.98795,40.749567],[-73.988691,40.745493999999994]]},"properties":{"routes":["N","Q","R","W"],"direction":"S","colors":["#F6BC26"],"colorCount":1,"color0":"#F6BC26","color1":"","color2":""}},{"type":"Feature","geometry":{"type":"LineString","coordinates":[[-73.988691,40.745493999999994],[-73.988691,40.745493999999994],[-73.989083,40.743402],[-73.989091,40.743358],[-73.9891,40.743314],[-73.989108,40.74326799999999],[-73.989116,40.743221],[-73.989123,40.743173],[-73.989131,40.743125],[-73.98913799999998,40.743075000000005],[-73.989146,40.743025],[-73.989153,40.742973],[-73.98916,40.74292],[-73.989166,40.742867],[-73.989173,40.742812],[-73.98918,40.742757],[-73.989186,40.7427],[-73.989192,40.742643],[-73.98934399999999,40.741303]]},"properties":{"routes":["N","Q","R","W"],"direction":"S","colors":["#F6BC26"],"colorCount":1,"color0":"#F6BC26","color1":"","color2":""}},{"type":"Feature","geometry":{"type":"LineString","coordinates":[[-73.98934399999999,40.741303],[-73.98934399999999,40.741303],[-73.989455,40.740538],[-73.989462,40.740489],[-73.989469,40.740441],[-73.989477,40.74039199999999],[-73.989485,40.740343],[-73.98949399999998,40.740294],[-73.989503,40.740244],[-73.989512,40.74019499999999],[-73.98952199999998,40.740145],[-73.989532,40.740095],[-73.989543,40.740045],[-73.989554,40.739995],[-73.989566,40.73994499999999],[-73.989578,40.739894],[-73.98959,40.739844],[-73.989604,40.739792],[-73.990037,40.738136],[-73.990051,40.738085],[-73.99006299999999,40.738035],[-73.990076,40.737985],[-73.990088,40.737936],[-73.990099,40.737887],[-73.990111,40.737838999999994],[-73.990122,40.737792],[-73.990134,40.737745],[-73.990144,40.737698],[-73.990155,40.737653],[-73.99016599999999,40.737608],[-73.990176,40.737563],[-73.990186,40.737519],[-73.990195,40.737476],[-73.990206,40.73743300000001],[-73.990568,40.735736]]},"properties":{"routes":["N","Q","R","W"],"direction":"S","colors":["#F6BC26"],"colorCount":1,"color0":"#F6BC26","color1":"","color2":""}},{"type":"Feature","geometry":{"type":"LineString","coordinates":[[-73.990568,40.735736],[-73.990568,40.735736],[-73.991358,40.73209],[-73.991367,40.732044],[-73.991378,40.731999],[-73.99139099999998,40.731954],[-73.991406,40.73191],[-73.991422,40.731866],[-73.99144,40.731822],[-73.99146,40.731779],[-73.991482,40.731736],[-73.99150499999999,40.73169300000001],[-73.991531,40.731651],[-73.991558,40.731609],[-73.991586,40.731567000000005],[-73.991617,40.731526],[-73.99164899999998,40.731485],[-73.991683,40.731445],[-73.99262899999998,40.73032799999999]]},"properties":{"routes":["N","Q","R","W"],"direction":"S","colors":["#F6BC26"],"colorCount":1,"color0":"#F6BC26","color1":"","color2":""}},{"type":"Feature","geometry":{"type":"LineString","coordinates":[[-73.99262899999998,40.73032799999999],[-73.99262899999998,40.73032799999999],[-73.997702,40.724329]]},"properties":{"routes":["N","Q","R","W"],"direction":"S","colors":["#F6BC26"],"colorCount":1,"color0":"#F6BC26","color1":"","color2":""}},{"type":"Feature","geometry":{"type":"LineString","coordinates":[[-73.997702,40.724329],[-73.997702,40.724329],[-74.001228,40.720167]]},"properties":{"routes":["N","Q","R","W"],"direction":"S","colors":["#F6BC26"],"colorCount":1,"color0":"#F6BC26","color1":"","color2":""}},{"type":"Feature","geometry":{"type":"LineString","coordinates":[[-74.001775,40.71952700000001],[-74.001775,40.71952700000001],[-74.006242,40.71423600000001],[-74.006247,40.71423000000001],[-74.006252,40.714223],[-74.006257,40.714217],[-74.006261,40.71421],[-74.006266,40.714203],[-74.00627,40.714196],[-74.00627499999999,40.71418899999999],[-74.00627899999999,40.714181],[-74.006283,40.714174],[-74.006288,40.714166],[-74.006292,40.714158],[-74.006296,40.71415],[-74.006299,40.714141],[-74.006303,40.714133],[-74.006307,40.714124],[-74.00631,40.714116000000004],[-74.006313,40.714107999999996],[-74.006317,40.71410000000001],[-74.006321,40.714092],[-74.006324,40.714084],[-74.00632899999998,40.714076],[-74.00633299999998,40.714069],[-74.006337,40.714061],[-74.006342,40.714054],[-74.006347,40.714046],[-74.006352,40.71403900000001],[-74.00635699999998,40.714032],[-74.006363,40.714025],[-74.006368,40.714018],[-74.006374,40.714011],[-74.006978,40.713282]]},"properties":{"routes":["N","R","W"],"direction":"S","colors":["#F6BC26"],"colorCount":1,"color0":"#F6BC26","color1":"","color2":""}},{"type":"Feature","geometry":{"type":"LineString","coordinates":[[-74.006978,40.713282],[-74.006978,40.713282],[-74.007447,40.712722],[-74.007454,40.712713],[-74.00746099999999,40.712705],[-74.007468,40.712697],[-74.007476,40.712688],[-74.007484,40.71267999999999],[-74.007492,40.712672000000005],[-74.0075,40.712664],[-74.007508,40.71265600000001],[-74.007517,40.712648],[-74.007526,40.71264],[-74.007535,40.712633],[-74.007544,40.712625],[-74.007553,40.712618],[-74.007563,40.71261],[-74.007573,40.712602999999994],[-74.007583,40.712596],[-74.007593,40.712589],[-74.007603,40.712582],[-74.007613,40.712574],[-74.007623,40.712566],[-74.007632,40.712558],[-74.007641,40.71255],[-74.007651,40.71254199999999],[-74.00766,40.712533],[-74.007669,40.712525],[-74.007677,40.712516],[-74.007686,40.712507],[-74.00769399999999,40.712497],[-74.007703,40.712488],[-74.007711,40.712478],[-74.008353,40.711676],[-74.00841,40.711635],[-74.00847,40.711599],[-74.008531,40.71156899999999],[-74.00859399999999,40.711544],[-74.00865899999998,40.711525],[-74.008725,40.71150999999999],[-74.008794,40.711501],[-74.008865,40.71149799999999],[-74.008937,40.711499999999994],[-74.009011,40.711507],[-74.009087,40.711519],[-74.009165,40.711537],[-74.009245,40.711561],[-74.009327,40.711589],[-74.009411,40.711623],[-74.009509,40.711662],[-74.009592,40.71169499999999],[-74.009672,40.711723],[-74.009749,40.71174400000001],[-74.009824,40.71175999999999],[-74.00989599999998,40.711769],[-74.009965,40.711773],[-74.010032,40.71177],[-74.010096,40.71176199999999],[-74.010157,40.71174800000001],[-74.010215,40.711728],[-74.01027,40.71170099999999],[-74.010323,40.711669],[-74.010373,40.711631],[-74.01042,40.711587],[-74.010465,40.711537],[-74.011029,40.710668]]},"properties":{"routes":["N","R","W"],"direction":"S","colors":["#F6BC26"],"colorCount":1,"color0":"#F6BC26","color1":"","color2":""}},{"type":"Feature","geometry":{"type":"LineString","coordinates":[[-74.011029,40.710668],[-74.011029,40.710668],[-74.013153,40.707477],[-74.013179,40.707437999999996],[-74.013205,40.7074],[-74.013232,40.707362],[-74.013258,40.707326],[-74.013286,40.70729],[-74.013314,40.707254],[-74.013342,40.70722]]},"properties":{"routes":["N","R","W"],"direction":"S","colors":["#F6BC26"],"colorCount":1,"color0":"#F6BC26","color1":"","color2":""}},{"type":"Feature","geometry":{"type":"LineString","coordinates":[[-74.013342,40.70722],[-74.013342,40.70722],[-74.01335699999998,40.707201],[-74.013372,40.707183],[-74.01338699999998,40.707165],[-74.013402,40.707147],[-74.013417,40.707129],[-74.01343199999998,40.707111000000005],[-74.013447,40.707094],[-74.013463,40.707076],[-74.013478,40.707059],[-74.013493,40.70704200000001],[-74.013508,40.707025],[-74.01352299999999,40.707008],[-74.013539,40.706992],[-74.013554,40.70697500000001],[-74.013569,40.706959],[-74.013894,40.706611],[-74.013938,40.706562],[-74.013975,40.706511],[-74.01400499999998,40.706458999999995],[-74.014028,40.706406],[-74.014044,40.706352],[-74.014053,40.706297],[-74.014055,40.706241],[-74.01405,40.706184],[-74.014037,40.706126],[-74.014018,40.706067000000004],[-74.013992,40.706007],[-74.013958,40.705946],[-74.013918,40.70588399999999],[-74.01387,40.70582],[-74.013816,40.705755],[-74.013614,40.705514],[-74.013581,40.705475],[-74.013549,40.705436],[-74.01352,40.705396],[-74.013493,40.705357],[-74.01346699999999,40.705317],[-74.013444,40.705276999999995],[-74.013423,40.705236],[-74.013404,40.705196],[-74.013386,40.705155000000005],[-74.013371,40.705114],[-74.013358,40.705072],[-74.013347,40.70503],[-74.013338,40.704989],[-74.013331,40.704946],[-74.013326,40.704903],[-74.01331199999998,40.704791],[-74.013298,40.704683],[-74.01328399999998,40.70457799999999],[-74.013269,40.704477],[-74.013255,40.704379],[-74.013241,40.704285],[-74.013227,40.704194],[-74.013213,40.70410699999999],[-74.013199,40.704023],[-74.013185,40.703942],[-74.013171,40.703865],[-74.01315599999998,40.703792],[-74.013142,40.703722],[-74.013128,40.703655],[-74.013114,40.703592],[-74.012994,40.703087]]},"properties":{"routes":["N","R","W"],"direction":"S","colors":["#F6BC26"],"colorCount":1,"color0":"#F6BC26","color1":"","color2":""}},{"type":"Feature","geometry":{"type":"LineString","coordinates":[[-74.012994,40.703087],[-74.012994,40.703087],[-74.012658,40.701808],[-74.012622,40.701693],[-74.012581,40.701582],[-74.012532,40.701476],[-74.012477,40.701372],[-74.01241499999999,40.701273],[-74.012346,40.701177],[-74.01227,40.701086],[-74.012187,40.700997],[-74.012097,40.700913],[-74.012,40.700832],[-74.01189599999998,40.700755],[-74.011786,40.700682],[-74.01166899999998,40.700612],[-74.011544,40.700546],[-74.011412,40.700483],[-74.01011,40.699942],[-73.999159,40.696176],[-73.999026,40.696130999999994],[-73.998895,40.696088],[-73.998764,40.696046],[-73.99863599999999,40.69600499999999],[-73.998509,40.695965],[-73.998384,40.69592600000001],[-73.99826,40.695888],[-73.998138,40.695852],[-73.998018,40.695816],[-73.997899,40.695782],[-73.997782,40.69574899999999],[-73.997667,40.695716],[-73.99755299999998,40.695685],[-73.997441,40.695655],[-73.997331,40.695626],[-73.99177699999998,40.694100000000006]]},"properties":{"routes":["N","R"],"direction":"S","colors":["#F6BC26"],"colorCount":1,"color0":"#F6BC26","color1":"","color2":""}},{"type":"Feature","geometry":{"type":"LineString","coordinates":[[-73.99177699999998,40.694100000000006],[-73.99177699999998,40.694100000000006],[-73.990788,40.693825],[-73.990693,40.693799],[-73.99060199999998,40.693768],[-73.990514,40.693734],[-73.99043,40.69369600000001],[-73.99035,40.693654],[-73.990274,40.693608],[-73.990202,40.693559],[-73.990134,40.693506],[-73.99007,40.693449],[-73.99000999999998,40.693389],[-73.989954,40.693325],[-73.989902,40.693257],[-73.989854,40.693186000000004],[-73.989809,40.69311100000001],[-73.989769,40.693032],[-73.989723,40.692937],[-73.989669,40.69284900000001],[-73.989608,40.692766],[-73.98954,40.69269],[-73.989463,40.692621],[-73.98938,40.692557],[-73.989288,40.6925],[-73.98919,40.692449],[-73.989083,40.692405],[-73.98897,40.692367],[-73.988848,40.69233500000001],[-73.98872,40.692309],[-73.988583,40.69229],[-73.988439,40.692277],[-73.98828999999999,40.69227000000001],[-73.985942,40.69218]]},"properties":{"routes":["N","R"],"direction":"S","colors":["#F6BC26"],"colorCount":1,"color0":"#F6BC26","color1":"","color2":""}},{"type":"Feature","geometry":{"type":"LineString","coordinates":[[-73.985942,40.69218],[-73.985942,40.69218],[-73.983329,40.692082],[-73.983226,40.692077000000005],[-73.983127,40.692068],[-73.98304144549098,40.692055120826595],[-73.98296561683301,40.69204174605077],[-73.98288585306378,40.69202813524364],[-73.9828047581018,40.69201309541982],[-73.9827249358656,40.69199543359391],[-73.98264899027372,40.69197395678054],[-73.98257952524466,40.69194747199428],[-73.98251914469695,40.691914786249775],[-73.98247045254915,40.6918747065616],[-73.98243605271975,40.69182603994439]]},"properties":{"routes":["N","R"],"direction":"S","colors":["#F6BC26"],"colorCount":1,"color0":"#F6BC26","color1":"","color2":""}},{"type":"Feature","geometry":{"type":"LineString","coordinates":[[-74.005605,40.65316800000001],[-74.01000599999999,40.64893899999999]]},"properties":{"routes":["N","R"],"direction":"S","colors":["#F6BC26"],"colorCount":1,"color0":"#F6BC26","color1":"","color2":""}},{"type":"Feature","geometry":{"type":"LineString","coordinates":[[-74.01000599999999,40.64893899999999],[-74.01000599999999,40.64893899999999],[-74.014034,40.645069]]},"properties":{"routes":["N","R"],"direction":"S","colors":["#F6BC26"],"colorCount":1,"color0":"#F6BC26","color1":"","color2":""}},{"type":"Feature","geometry":{"type":"LineString","coordinates":[[-74.014034,40.645069],[-74.014034,40.645069],[-74.017881,40.641362]]},"properties":{"routes":["N","R"],"direction":"S","colors":["#F6BC26"],"colorCount":1,"color0":"#F6BC26","color1":"","color2":""}},{"type":"Feature","geometry":{"type":"LineString","coordinates":[[-74.017881,40.641362],[-74.017881,40.641362],[-74.020704,40.63865],[-74.02111299999999,40.638257]]},"properties":{"routes":["N","R"],"direction":"S","colors":["#F6BC26"],"colorCount":1,"color0":"#F6BC26","color1":"","color2":""}},{"type":"Feature","geometry":{"type":"LineString","coordinates":[[-74.02096162086724,40.638402457210695],[-74.02099608149587,40.638355116732065],[-74.02100936424414,40.63830264272894],[-74.02100456572626,40.63824651915981],[-74.02098478255645,40.63818822998315],[-74.0209531113489,40.638129259157445],[-74.02091264871778,40.63807109064116],[-74.02086649127733,40.63801520839281],[-74.02081773564171,40.63796309637085],[-74.02076947842517,40.63791623853377],[-74.020737,40.637886],[-74.02067599999998,40.637834],[-74.02061,40.637783],[-74.020539,40.637733],[-74.020465,40.637684],[-74.020386,40.637637],[-74.020303,40.637591],[-74.02021599999999,40.637546],[-74.020124,40.63750199999999],[-74.02002899999998,40.637459],[-74.019929,40.637418],[-74.019825,40.637378],[-74.019716,40.637339],[-74.019604,40.637301],[-74.019487,40.637265],[-74.016864,40.636504],[-74.016822,40.636491],[-74.01678,40.636478],[-74.016737,40.636465],[-74.016694,40.636453],[-74.01665,40.63643999999999],[-74.016606,40.63642800000001],[-74.016561,40.636415],[-74.016516,40.636403],[-74.016471,40.636391],[-74.016425,40.636378],[-74.016379,40.636366],[-74.016332,40.636354],[-74.016285,40.636343],[-74.016238,40.636331],[-74.01619,40.636319],[-74.013161,40.63553799999999],[-74.013055,40.63551],[-74.012949,40.635482],[-74.01284499999998,40.635454],[-74.01274199999999,40.635425],[-74.01274199999999,40.635425],[-74.012641,40.635395],[-74.01254199999998,40.635365],[-74.012444,40.635334],[-74.012348,40.635302],[-74.012254,40.63526999999999],[-74.01216099999999,40.635237],[-74.012069,40.635204],[-74.01198,40.63517],[-74.011891,40.635135],[-74.011805,40.6351],[-74.011719,40.635064]]},"properties":{"routes":["N"],"direction":"S","colors":["#F6BC26"],"colorCount":1,"color0":"#F6BC26","color1":"","color2":""}},{"type":"Feature","geometry":{"type":"LineString","coordinates":[[-74.011719,40.635064],[-74.011719,40.635064],[-74.01167299999999,40.635044],[-74.011626,40.635023],[-74.011577,40.635001],[-74.011527,40.634977],[-74.011477,40.634953],[-74.011425,40.634928],[-74.011372,40.634902],[-74.011318,40.634874],[-74.011263,40.634846],[-74.01120599999999,40.634816],[-74.011149,40.634786],[-74.01109,40.634754],[-74.01103,40.634721],[-74.010969,40.634688],[-74.010907,40.634653],[-74.009361,40.633803],[-74.00931299999999,40.633776],[-74.009265,40.63374900000001],[-74.009217,40.633722],[-74.00917,40.633695],[-74.009122,40.633668],[-74.00907499999998,40.63364],[-74.009028,40.633613],[-74.00898,40.633585],[-74.008933,40.63355800000001],[-74.008886,40.63353],[-74.008839,40.633502],[-74.00879299999998,40.633474],[-74.00874599999999,40.633446],[-74.008699,40.633418],[-74.008653,40.63339],[-74.005351,40.631386]]},"properties":{"routes":["N"],"direction":"S","colors":["#F6BC26"],"colorCount":1,"color0":"#F6BC26","color1":"","color2":""}},{"type":"Feature","geometry":{"type":"LineString","coordinates":[[-74.005351,40.631386],[-74.005351,40.631386],[-73.998487,40.627228],[-73.99837,40.627155],[-73.998255,40.627076],[-73.998141,40.626992],[-73.998029,40.626904],[-73.99791699999999,40.626811],[-73.99780699999998,40.626713],[-73.997698,40.62661],[-73.99759,40.626503],[-73.997483,40.626391],[-73.99737799999998,40.626274],[-73.997273,40.626152],[-73.99717,40.626026],[-73.99706799999998,40.625895],[-73.996967,40.625759],[-73.99686499999999,40.625619],[-73.996353,40.624842]]},"properties":{"routes":["N"],"direction":"S","colors":["#F6BC26"],"colorCount":1,"color0":"#F6BC26","color1":"","color2":""}},{"type":"Feature","geometry":{"type":"LineString","coordinates":[[-73.996353,40.624842],[-73.996353,40.624842],[-73.996052,40.624391],[-73.995999,40.624317],[-73.99594499999999,40.624246],[-73.99588999999999,40.624177],[-73.99583499999999,40.62411],[-73.995778,40.624046],[-73.99572,40.623984],[-73.995661,40.623924],[-73.99560099999998,40.623867],[-73.99554,40.623812],[-73.99547699999998,40.623759],[-73.995414,40.623709],[-73.99535,40.623661],[-73.995284,40.623616],[-73.995218,40.623573],[-73.99515,40.623531],[-73.990414,40.620671]]},"properties":{"routes":["N"],"direction":"S","colors":["#F6BC26"],"colorCount":1,"color0":"#F6BC26","color1":"","color2":""}},{"type":"Feature","geometry":{"type":"LineString","coordinates":[[-73.990414,40.620671],[-73.990414,40.620671],[-73.985026,40.61741]]},"properties":{"routes":["N"],"direction":"S","colors":["#F6BC26"],"colorCount":1,"color0":"#F6BC26","color1":"","color2":""}},{"type":"Feature","geometry":{"type":"LineString","coordinates":[[-73.985026,40.61741],[-73.985026,40.61741],[-73.98459699999998,40.617146],[-73.984457,40.617049],[-73.98432,40.616949],[-73.98418899999999,40.616847],[-73.984061,40.616743],[-73.983937,40.616637000000004],[-73.983818,40.616529],[-73.983703,40.61641800000001],[-73.98359199999999,40.616305],[-73.983485,40.616191],[-73.983383,40.616074],[-73.98328499999998,40.615954],[-73.983191,40.61583300000001],[-73.983101,40.61571],[-73.983015,40.615584],[-73.982933,40.615455000000004],[-73.982872,40.615354],[-73.982814,40.615249],[-73.982758,40.61513999999999],[-73.982703,40.615027],[-73.982649,40.61491],[-73.982597,40.61478900000001],[-73.982547,40.61466300000001],[-73.982498,40.614534],[-73.98245,40.6144],[-73.982404,40.614262],[-73.982359,40.61412],[-73.982316,40.613974],[-73.982275,40.613823999999994],[-73.98223499999999,40.613669],[-73.982195,40.613511],[-73.981848,40.611815]]},"properties":{"routes":["N"],"direction":"S","colors":["#F6BC26"],"colorCount":1,"color0":"#F6BC26","color1":"","color2":""}},{"type":"Feature","geometry":{"type":"LineString","coordinates":[[-73.981848,40.611815],[-73.981848,40.611815],[-73.980353,40.603923]]},"properties":{"routes":["N"],"direction":"S","colors":["#F6BC26"],"colorCount":1,"color0":"#F6BC26","color1":"","color2":""}},{"type":"Feature","geometry":{"type":"LineString","coordinates":[[-73.980353,40.603923],[-73.980353,40.603923],[-73.979137,40.597473]]},"properties":{"routes":["N"],"direction":"S","colors":["#F6BC26"],"colorCount":1,"color0":"#F6BC26","color1":"","color2":""}},{"type":"Feature","geometry":{"type":"LineString","coordinates":[[-73.979137,40.597473],[-73.979137,40.597473],[-73.97823,40.59272099999999]]},"properties":{"routes":["N"],"direction":"S","colors":["#F6BC26"],"colorCount":1,"color0":"#F6BC26","color1":"","color2":""}},{"type":"Feature","geometry":{"type":"LineString","coordinates":[[-73.97823,40.59272099999999],[-73.97823,40.59272099999999],[-73.978036,40.591679],[-73.978019,40.591553],[-73.978007,40.591425],[-73.977999,40.591296],[-73.977995,40.591164],[-73.977995,40.591031],[-73.97799999999998,40.590896],[-73.978009,40.590758],[-73.978022,40.590619000000004],[-73.978039,40.590478],[-73.978061,40.59033500000001],[-73.978087,40.59019],[-73.978117,40.590044],[-73.978151,40.589895],[-73.97819,40.58974400000001],[-73.97823499999998,40.589592],[-73.978329,40.589237],[-73.978551,40.588616],[-73.978562,40.588584000000004],[-73.978574,40.588553],[-73.97858499999998,40.58852099999999],[-73.978597,40.588489],[-73.978607,40.588457],[-73.978618,40.588425],[-73.978628,40.588393],[-73.978638,40.588361],[-73.978647,40.588328000000004],[-73.978656,40.588295],[-73.978665,40.588263000000005],[-73.978674,40.588229],[-73.978682,40.588196],[-73.97869,40.588163],[-73.97869699999998,40.588128999999995],[-73.978782,40.587783],[-73.978786,40.587763],[-73.978791,40.587743],[-73.978796,40.587723],[-73.978801,40.587703],[-73.978806,40.587683],[-73.978812,40.587663],[-73.978817,40.587642],[-73.97882299999999,40.587622],[-73.97882899999999,40.58760100000001],[-73.978835,40.58758],[-73.978841,40.587559],[-73.978848,40.587537999999995],[-73.978854,40.587517],[-73.978861,40.587495],[-73.978868,40.587474],[-73.979992,40.583922],[-73.98000099999999,40.583896],[-73.98001,40.58387],[-73.980019,40.583844],[-73.980028,40.583818],[-73.980038,40.583793],[-73.980047,40.583768],[-73.98005599999999,40.583743],[-73.980066,40.583718],[-73.980075,40.58369299999999],[-73.980085,40.583668],[-73.980095,40.583643],[-73.98010399999998,40.583619],[-73.980114,40.583595],[-73.980124,40.583571],[-73.980134,40.583546999999996],[-73.980531,40.582625]]},"properties":{"routes":["N"],"direction":"S","colors":["#F6BC26"],"colorCount":1,"color0":"#F6BC26","color1":"","color2":""}},{"type":"Feature","geometry":{"type":"LineString","coordinates":[[-74.00045999999999,40.718383],[-74.00045999999999,40.718383],[-73.999149,40.717433],[-73.999092,40.717394],[-73.999033,40.717357],[-73.998974,40.71732],[-73.998913,40.717284],[-73.998852,40.71724999999999],[-73.998789,40.717216],[-73.998725,40.717183000000006],[-73.99865999999999,40.717151],[-73.998595,40.717119999999994],[-73.99852799999998,40.717091],[-73.99846,40.717062],[-73.998391,40.717034],[-73.99832,40.717007],[-73.998249,40.716981],[-73.998177,40.716956],[-73.996676,40.71644],[-73.996614,40.716418],[-73.996555,40.716396],[-73.996497,40.716372],[-73.996442,40.716348],[-73.996388,40.716322],[-73.996337,40.716296],[-73.996287,40.716268],[-73.996239,40.71624],[-73.996194,40.71620999999999],[-73.99615,40.716179],[-73.996109,40.716148],[-73.99606899999999,40.716115],[-73.996031,40.716081],[-73.995996,40.716047],[-73.995962,40.716011],[-73.995495,40.71554],[-73.995454,40.715498],[-73.995414,40.715456],[-73.995376,40.715413999999996],[-73.995339,40.715371],[-73.99530299999999,40.715328],[-73.99526799999998,40.715285],[-73.995234,40.715241],[-73.995202,40.715197],[-73.99517099999998,40.715151999999996],[-73.995141,40.715108],[-73.995112,40.715062],[-73.995085,40.715017],[-73.995059,40.71497099999999],[-73.995034,40.714925],[-73.99500999999998,40.714878],[-73.985484,40.69776999999999],[-73.984126,40.69507900000001],[-73.983428,40.693829],[-73.982527,40.692009]]},"properties":{"routes":["N","Q"],"direction":"S","colors":["#F6BC26"],"colorCount":1,"color0":"#F6BC26","color1":"","color2":""}},{"type":"Feature","geometry":{"type":"LineString","coordinates":[[-73.97440899999998,40.576612],[-73.97438899999999,40.576618],[-73.974313,40.576639],[-73.97423599999999,40.576658],[-73.974159,40.576676],[-73.97407999999999,40.576691],[-73.974,40.576705],[-73.973919,40.576716],[-73.973837,40.576726],[-73.973754,40.576734],[-73.97367,40.57673900000001],[-73.973585,40.57674300000001],[-73.973498,40.576744],[-73.973411,40.576744],[-73.973322,40.576742],[-73.973232,40.576737],[-73.973141,40.576731],[-73.968694,40.576322],[-73.96868,40.576321],[-73.968667,40.57632],[-73.968653,40.576319],[-73.96864,40.576318],[-73.968627,40.576317],[-73.96861299999999,40.576316],[-73.9686,40.576315],[-73.968588,40.576315],[-73.968575,40.576314],[-73.96856199999999,40.576313],[-73.96855,40.576313],[-73.968537,40.576312],[-73.968525,40.576312],[-73.968513,40.576312],[-73.968501,40.576312]]},"properties":{"routes":["Q"],"direction":"N","colors":["#F6BC26"],"colorCount":1,"color0":"#F6BC26","color1":"","color2":""}},{"type":"Feature","geometry":{"type":"LineString","coordinates":[[-73.968501,40.576312],[-73.968501,40.576312],[-73.968404,40.57631],[-73.968307,40.57630799999999],[-73.96821,40.57630799999999],[-73.968113,40.576309],[-73.968017,40.576312],[-73.96791999999999,40.576316],[-73.967824,40.576322],[-73.967728,40.576329],[-73.967632,40.576337],[-73.967536,40.576347],[-73.96744,40.576358],[-73.967345,40.576371],[-73.96724899999998,40.576385],[-73.967154,40.576401],[-73.967059,40.576418],[-73.96137599999999,40.577621]]},"properties":{"routes":["Q"],"direction":"N","colors":["#F6BC26"],"colorCount":1,"color0":"#F6BC26","color1":"","color2":""}},{"type":"Feature","geometry":{"type":"LineString","coordinates":[[-73.979105,40.766788],[-73.978177,40.768044999999994],[-73.977993,40.768274],[-73.977798,40.768475],[-73.97759199999999,40.768649],[-73.977375,40.768794],[-73.977148,40.768911],[-73.976909,40.769],[-73.97666,40.769062],[-73.976399,40.76909499999999],[-73.976128,40.76910099999999],[-73.975846,40.769078],[-73.975553,40.769028000000006],[-73.975249,40.768949],[-73.974934,40.76884299999999],[-73.974609,40.768708],[-73.974272,40.768546],[-73.972606,40.767545]]},"properties":{"routes":["Q"],"direction":"N","colors":["#F6BC26"],"colorCount":1,"color0":"#F6BC26","color1":"","color2":""}},{"type":"Feature","geometry":{"type":"LineString","coordinates":[[-73.96364926896226,40.76359025076256],[-73.96357069304013,40.76356911491134],[-73.96348968274171,40.76356796828097],[-73.96340665885877,40.76358263110726],[-73.96332204218317,40.763608923626045],[-73.96323625350671,40.763642666073146],[-73.9631497136212,40.76367967868438],[-73.96306284331845,40.76371578169557],[-73.96297606339026,40.76374679534254],[-73.96288979462845,40.763768539861125],[-73.962698,40.76380799999999],[-73.962496,40.76386899999999],[-73.962301,40.763949],[-73.962112,40.76404600000001],[-73.96193,40.764162],[-73.961755,40.764296],[-73.961587,40.764449],[-73.96142399999998,40.76462],[-73.958883,40.76809],[-73.95838,40.76878]]},"properties":{"routes":["Q"],"direction":"N","colors":["#F6BC26"],"colorCount":1,"color0":"#F6BC26","color1":"","color2":""}},{"type":"Feature","geometry":{"type":"LineString","coordinates":[[-73.95838,40.76878],[-73.952225,40.777215],[-73.951745,40.777873]]},"properties":{"routes":["Q"],"direction":"N","colors":["#F6BC26"],"colorCount":1,"color0":"#F6BC26","color1":"","color2":""}},{"type":"Feature","geometry":{"type":"LineString","coordinates":[[-73.951745,40.777873],[-73.947656,40.783471000000006]]},"properties":{"routes":["Q"],"direction":"N","colors":["#F6BC26"],"colorCount":1,"color0":"#F6BC26","color1":"","color2":""}},{"type":"Feature","geometry":{"type":"LineString","coordinates":[[-73.947656,40.783471000000006],[-73.951744,40.777873]]},"properties":{"routes":["Q"],"direction":"S","colors":["#F6BC26"],"colorCount":1,"color0":"#F6BC26","color1":"","color2":""}},{"type":"Feature","geometry":{"type":"LineString","coordinates":[[-73.951744,40.777873],[-73.952225,40.777215],[-73.958379,40.76878]]},"properties":{"routes":["Q"],"direction":"S","colors":["#F6BC26"],"colorCount":1,"color0":"#F6BC26","color1":"","color2":""}},{"type":"Feature","geometry":{"type":"LineString","coordinates":[[-73.958379,40.76878],[-73.958883,40.76809],[-73.96142399999998,40.76462],[-73.961587,40.764449],[-73.961755,40.764296],[-73.96193,40.764162],[-73.962112,40.76404600000001],[-73.962301,40.763949],[-73.962496,40.76386899999999],[-73.962698,40.76380799999999],[-73.962907,40.763765],[-73.96296708484428,40.763758045735614],[-73.96305193841152,40.76374240333561],[-73.96313743035755,40.76371761874208],[-73.96322306890488,40.7636876105688],[-73.96330836227601,40.763656297429634],[-73.96339281869348,40.763627597938346],[-73.96347594637976,40.76360543070879],[-73.96355725355738,40.76359371435477],[-73.96363624844888,40.763596367490116],[-73.9637124392767,40.763617308728605]]},"properties":{"routes":["Q"],"direction":"S","colors":["#F6BC26"],"colorCount":1,"color0":"#F6BC26","color1":"","color2":""}},{"type":"Feature","geometry":{"type":"LineString","coordinates":[[-73.972543,40.76750700000001],[-73.974272,40.768546],[-73.974609,40.768708],[-73.974934,40.76884299999999],[-73.975249,40.768949],[-73.975553,40.769028000000006],[-73.975846,40.769078],[-73.976128,40.76910099999999],[-73.976399,40.76909499999999],[-73.97666,40.769062],[-73.976909,40.769],[-73.977148,40.768911],[-73.977375,40.768794],[-73.97759199999999,40.768649],[-73.977798,40.768475],[-73.977993,40.768274],[-73.978177,40.768044999999994],[-73.979124,40.766763]]},"properties":{"routes":["Q"],"direction":"S","colors":["#F6BC26"],"colorCount":1,"color0":"#F6BC26","color1":"","color2":""}},{"type":"Feature","geometry":{"type":"LineString","coordinates":[[-73.96137599999999,40.577621],[-73.96137599999999,40.577621],[-73.967059,40.576418],[-73.967154,40.576401],[-73.96724899999998,40.576385],[-73.967345,40.576371],[-73.96744,40.576358],[-73.967536,40.576347],[-73.967632,40.576337],[-73.967728,40.576329],[-73.967824,40.576322],[-73.96791999999999,40.576316],[-73.968017,40.576312],[-73.968113,40.576309],[-73.96821,40.57630799999999],[-73.968307,40.57630799999999],[-73.968404,40.57631],[-73.968501,40.576312]]},"properties":{"routes":["Q"],"direction":"S","colors":["#F6BC26"],"colorCount":1,"color0":"#F6BC26","color1":"","color2":""}},{"type":"Feature","geometry":{"type":"LineString","coordinates":[[-73.968501,40.576312],[-73.968501,40.576312],[-73.968513,40.576312],[-73.968525,40.576312],[-73.968537,40.576312],[-73.96855,40.576313],[-73.96856199999999,40.576313],[-73.968575,40.576314],[-73.968588,40.576315],[-73.9686,40.576315],[-73.96861299999999,40.576316],[-73.968627,40.576317],[-73.96864,40.576318],[-73.968653,40.576319],[-73.968667,40.57632],[-73.96868,40.576321],[-73.968694,40.576322],[-73.973141,40.576731],[-73.973232,40.576737],[-73.973322,40.576742],[-73.973411,40.576744],[-73.973498,40.576744],[-73.973585,40.57674300000001],[-73.97367,40.57673900000001],[-73.973754,40.576734],[-73.973837,40.576726],[-73.973919,40.576716],[-73.974,40.576705],[-73.97407999999999,40.576691],[-73.974159,40.576676],[-73.97423599999999,40.576658],[-73.974313,40.576639],[-73.97438899999999,40.576618],[-73.974478,40.57659]]},"properties":{"routes":["Q"],"direction":"S","colors":["#F6BC26"],"colorCount":1,"color0":"#F6BC26","color1":"","color2":""}},{"type":"Feature","geometry":{"type":"LineString","coordinates":[[-74.030876,40.616622],[-74.028398,40.622687]]},"properties":{"routes":["R"],"direction":"N","colors":["#F6BC26"],"colorCount":1,"color0":"#F6BC26","color1":"","color2":""}},{"type":"Feature","geometry":{"type":"LineString","coordinates":[[-74.028398,40.622687],[-74.028398,40.622687],[-74.02551,40.629742]]},"properties":{"routes":["R"],"direction":"N","colors":["#F6BC26"],"colorCount":1,"color0":"#F6BC26","color1":"","color2":""}},{"type":"Feature","geometry":{"type":"LineString","coordinates":[[-74.02551,40.629742],[-74.02551,40.629742],[-74.023377,40.634967]]},"properties":{"routes":["R"],"direction":"N","colors":["#F6BC26"],"colorCount":1,"color0":"#F6BC26","color1":"","color2":""}},{"type":"Feature","geometry":{"type":"LineString","coordinates":[[-74.023377,40.634967],[-74.023377,40.634967],[-74.022774,40.636435999999996],[-74.02275,40.63649],[-74.022723,40.636544],[-74.02269599999998,40.636597],[-74.022667,40.63664899999999],[-74.022637,40.636699],[-74.022606,40.636748],[-74.022574,40.636796],[-74.022541,40.636843],[-74.022507,40.636889],[-74.02247199999998,40.636934],[-74.022435,40.636977],[-74.022398,40.63701900000001],[-74.022359,40.63706],[-74.022319,40.637100000000004],[-74.022278,40.63714],[-74.021178,40.638196]]},"properties":{"routes":["R"],"direction":"N","colors":["#F6BC26"],"colorCount":1,"color0":"#F6BC26","color1":"","color2":""}},{"type":"Feature","geometry":{"type":"LineString","coordinates":[[-73.94342588802083,40.752236137254094],[-73.94336428176823,40.752198608984905],[-73.94332091109824,40.75215028764422],[-73.94329204412087,40.75209335164055],[-73.94327394894606,40.75202997938242],[-73.94326289368384,40.75196234927835],[-73.94325514644416,40.751892639736845],[-73.943246975337,40.751823029166424],[-73.94323464847237,40.751755695975596],[-73.94321443396024,40.75169281857289],[-73.943209,40.75168],[-73.943179,40.751586],[-73.943156,40.751489],[-73.943142,40.751389],[-73.943135,40.751287],[-73.943135,40.75117899999999],[-73.943169,40.750367],[-73.943172,40.750311],[-73.943174,40.750254999999996],[-73.943172,40.75019999999999],[-73.943167,40.750146],[-73.943158,40.750092],[-73.943146,40.750039],[-73.943132,40.749987],[-73.943114,40.749935],[-73.943092,40.749884],[-73.943068,40.749834],[-73.94304,40.749785],[-73.943009,40.749736],[-73.942975,40.749688],[-73.942938,40.749641],[-73.942897,40.749595],[-73.941909,40.748566],[-73.94179599999998,40.748457],[-73.941681,40.74836],[-73.941561,40.748273],[-73.941437,40.748197],[-73.94130899999999,40.748132],[-73.941176,40.748077],[-73.94110089676924,40.74805305404237],[-73.94102224779554,40.7480233856811],[-73.94094295202923,40.747986721427715],[-73.9408632430795,40.747946726894426],[-73.94078335455553,40.74790706769347],[-73.94070352006648,40.74787140943701],[-73.94062397322149,40.74784341773727],[-73.94054494762976,40.747826758206486],[-73.94046667690046,40.747825096456836],[-73.94038939464274,40.74784209810052]]},"properties":{"routes":["R"],"direction":"N","colors":["#F6BC26"],"colorCount":1,"color0":"#F6BC26","color1":"","color2":""}},{"type":"Feature","geometry":{"type":"LineString","coordinates":[[-73.94033481788905,40.747861744336795],[-73.9404101228081,40.7478446220574],[-73.94048690445047,40.747844481023485],[-73.94056486637591,40.7478579275624],[-73.94064371214422,40.74788156800151],[-73.94072314531523,40.74791200866819],[-73.9408028694487,40.747945855889775],[-73.94088258810444,40.74797971599366],[-73.94096200484225,40.74801019530718],[-73.9410408232219,40.74803390015771],[-73.941176,40.748077],[-73.94130899999999,40.748132],[-73.941437,40.748197],[-73.941561,40.748273],[-73.941681,40.74836],[-73.94179599999998,40.748457],[-73.941909,40.748566],[-73.942897,40.749595],[-73.942938,40.749641],[-73.942975,40.749688],[-73.943009,40.749736],[-73.94304,40.749785],[-73.943068,40.749834],[-73.943092,40.749884],[-73.943114,40.749935],[-73.943132,40.749987],[-73.943146,40.750039],[-73.943158,40.750092],[-73.943167,40.750146],[-73.943172,40.75019999999999],[-73.943174,40.750254999999996],[-73.943172,40.750311],[-73.943169,40.750367],[-73.943135,40.75117899999999],[-73.943135,40.751287],[-73.943142,40.751389],[-73.943156,40.751489],[-73.943179,40.751586],[-73.94319749044413,40.75164393672494],[-73.94321209681746,40.75171019926153],[-73.9432183279482,40.751781085946156],[-73.94322029738095,40.751854298047846],[-73.9432221186604,40.751927536835595],[-73.9432279053312,40.75199850357842],[-73.94324177093796,40.75206489954531],[-73.94326782902539,40.7521244260053],[-73.94331019313807,40.75217478422738],[-73.94337297682071,40.75221367548056]]},"properties":{"routes":["R"],"direction":"S","colors":["#F6BC26"],"colorCount":1,"color0":"#F6BC26","color1":"","color2":""}},{"type":"Feature","geometry":{"type":"LineString","coordinates":[[-74.02111299999999,40.638257],[-74.022278,40.63714],[-74.022319,40.637100000000004],[-74.022359,40.63706],[-74.022398,40.63701900000001],[-74.022435,40.636977],[-74.02247199999998,40.636934],[-74.022507,40.636889],[-74.022541,40.636843],[-74.022574,40.636796],[-74.022606,40.636748],[-74.022637,40.636699],[-74.022667,40.63664899999999],[-74.02269599999998,40.636597],[-74.022723,40.636544],[-74.02275,40.63649],[-74.022774,40.636435999999996],[-74.023377,40.634967]]},"properties":{"routes":["R"],"direction":"S","colors":["#F6BC26"],"colorCount":1,"color0":"#F6BC26","color1":"","color2":""}},{"type":"Feature","geometry":{"type":"LineString","coordinates":[[-74.023377,40.634967],[-74.023377,40.634967],[-74.02551,40.629742]]},"properties":{"routes":["R"],"direction":"S","colors":["#F6BC26"],"colorCount":1,"color0":"#F6BC26","color1":"","color2":""}},{"type":"Feature","geometry":{"type":"LineString","coordinates":[[-74.02551,40.629742],[-74.02551,40.629742],[-74.028398,40.622687]]},"properties":{"routes":["R"],"direction":"S","colors":["#F6BC26"],"colorCount":1,"color0":"#F6BC26","color1":"","color2":""}},{"type":"Feature","geometry":{"type":"LineString","coordinates":[[-74.028398,40.622687],[-74.028398,40.622687],[-74.030876,40.616622]]},"properties":{"routes":["R"],"direction":"S","colors":["#F6BC26"],"colorCount":1,"color0":"#F6BC26","color1":"","color2":""}},{"type":"Feature","geometry":{"type":"LineString","coordinates":[[-74.251961,40.51276399999999],[-74.251124,40.513334],[-74.250917,40.513458],[-74.250706,40.513579],[-74.250493,40.513696],[-74.25027699999998,40.51381],[-74.250059,40.513920000000006],[-74.249838,40.514027],[-74.249614,40.51413],[-74.249388,40.514229],[-74.249159,40.514325],[-74.248927,40.514418],[-74.24869299999999,40.51450700000001],[-74.248456,40.514593],[-74.248217,40.514675],[-74.24797499999998,40.514753],[-74.24773,40.51482800000001],[-74.246451,40.515198],[-74.24568899999998,40.515401],[-74.245353,40.51548600000001],[-74.245319,40.515494000000004],[-74.245285,40.51550199999999],[-74.24524999999998,40.51551],[-74.245214,40.515517],[-74.245178,40.515525],[-74.245141,40.515533],[-74.24510399999998,40.515541],[-74.245066,40.515549],[-74.245028,40.515556999999994],[-74.244989,40.515565],[-74.244949,40.515573],[-74.244909,40.51558],[-74.244869,40.515588],[-74.244828,40.515596],[-74.244786,40.515604],[-74.244342,40.515694999999994],[-74.244235,40.51572],[-74.24413,40.51574600000001],[-74.244025,40.515773],[-74.243922,40.515802],[-74.243821,40.515832],[-74.24372,40.515862],[-74.243621,40.515895],[-74.243523,40.515928],[-74.243427,40.515962],[-74.243331,40.515998],[-74.243237,40.516035],[-74.243144,40.516073],[-74.243052,40.516112],[-74.242962,40.516152000000005],[-74.24287199999999,40.516194],[-74.242087,40.516567]]},"properties":{"routes":["SI"],"direction":"N","colors":["#08179C"],"colorCount":1,"color0":"#08179C","color1":"","color2":""}},{"type":"Feature","geometry":{"type":"LineString","coordinates":[[-74.242087,40.516567],[-74.24102299999998,40.517071],[-74.240928,40.517115],[-74.240832,40.517157],[-74.24073499999999,40.51719799999999],[-74.240638,40.517238],[-74.24054,40.517276],[-74.240442,40.517313],[-74.240344,40.517349],[-74.240244,40.51738300000001],[-74.240145,40.517416],[-74.24004399999998,40.517447],[-74.23994399999998,40.517478],[-74.239843,40.51750700000001],[-74.239741,40.517534],[-74.239639,40.51756],[-74.23953499999999,40.517585],[-74.238373,40.517812],[-74.22914099999998,40.51963099999999]]},"properties":{"routes":["SI"],"direction":"N","colors":["#08179C"],"colorCount":1,"color0":"#08179C","color1":"","color2":""}},{"type":"Feature","geometry":{"type":"LineString","coordinates":[[-74.22914099999998,40.51963099999999],[-74.22914099999998,40.51963099999999],[-74.225688,40.520312],[-74.225581,40.520334000000005],[-74.22547399999999,40.520357],[-74.22536799999999,40.52038],[-74.225262,40.520403],[-74.225156,40.520427],[-74.22505,40.520451],[-74.224944,40.520476],[-74.224838,40.5205],[-74.22473199999999,40.520526],[-74.22462599999999,40.520551],[-74.22452099999998,40.520577],[-74.22441499999998,40.52060399999999],[-74.224309,40.52063],[-74.224204,40.520658],[-74.224099,40.520685],[-74.21908299999998,40.522102],[-74.218988,40.522128],[-74.218895,40.522153],[-74.218803,40.522177],[-74.218714,40.522201],[-74.218626,40.522223],[-74.21854,40.522245],[-74.218455,40.522267],[-74.218373,40.522287],[-74.21829199999999,40.522307],[-74.21821399999999,40.522326],[-74.218137,40.522344],[-74.218062,40.522361000000004],[-74.217988,40.522378],[-74.217917,40.522394],[-74.217847,40.52241]]},"properties":{"routes":["SI"],"direction":"N","colors":["#08179C"],"colorCount":1,"color0":"#08179C","color1":"","color2":""}},{"type":"Feature","geometry":{"type":"LineString","coordinates":[[-74.217847,40.52241],[-74.217847,40.52241],[-74.217658,40.522452],[-74.217466,40.522494],[-74.217271,40.522534],[-74.217073,40.522573],[-74.21687199999998,40.522611],[-74.21666699999999,40.522647],[-74.21646,40.522683],[-74.216249,40.522717],[-74.216035,40.52275],[-74.215819,40.522782],[-74.215599,40.522813],[-74.215375,40.522843],[-74.215149,40.52287100000001],[-74.21492,40.522899],[-74.214686,40.522924],[-74.210498,40.523427],[-74.21043699999998,40.523434],[-74.210376,40.523441],[-74.210317,40.523448],[-74.21025699999998,40.523455],[-74.210199,40.52346200000001],[-74.21014099999998,40.523469],[-74.210084,40.523476],[-74.210028,40.523484],[-74.20997199999998,40.523491],[-74.209917,40.523499],[-74.20986299999998,40.523506],[-74.20981,40.523514],[-74.209757,40.52352100000001],[-74.209704,40.523528999999996],[-74.209653,40.523537000000005],[-74.203552,40.524408],[-74.20329,40.524451000000006],[-74.20303,40.524499],[-74.202776,40.524552],[-74.202525,40.524609],[-74.20228,40.52467],[-74.202038,40.524735],[-74.201801,40.524804],[-74.201568,40.524877],[-74.20134,40.524955],[-74.201116,40.525037],[-74.200896,40.525122],[-74.200681,40.525213],[-74.20047,40.525307],[-74.200264,40.525405],[-74.200064,40.52550699999999]]},"properties":{"routes":["SI"],"direction":"N","colors":["#08179C"],"colorCount":1,"color0":"#08179C","color1":"","color2":""}},{"type":"Feature","geometry":{"type":"LineString","coordinates":[[-74.200064,40.52550699999999],[-74.200064,40.52550699999999],[-74.199922,40.525584],[-74.199781,40.525664],[-74.199643,40.525746],[-74.19950599999999,40.525831],[-74.199371,40.52592],[-74.199239,40.526011],[-74.199108,40.526105],[-74.19898,40.526202],[-74.198854,40.526302],[-74.19873,40.526404],[-74.198608,40.52651],[-74.198488,40.52661799999999],[-74.19837,40.526729],[-74.198254,40.526843],[-74.198141,40.526961],[-74.191794,40.533674000000005]]},"properties":{"routes":["SI"],"direction":"N","colors":["#08179C"],"colorCount":1,"color0":"#08179C","color1":"","color2":""}},{"type":"Feature","geometry":{"type":"LineString","coordinates":[[-74.191794,40.533674000000005],[-74.191794,40.533674000000005],[-74.191268,40.534239],[-74.191077,40.534433],[-74.190881,40.534625],[-74.190682,40.534814],[-74.190482,40.534999],[-74.190278,40.535182],[-74.190073,40.535361],[-74.189865,40.535538],[-74.18965399999999,40.535711],[-74.189442,40.53588200000001],[-74.189226,40.536049],[-74.189009,40.536213],[-74.188789,40.536374],[-74.188566,40.536532],[-74.18834099999998,40.536687],[-74.188114,40.536839],[-74.18787799999998,40.536988],[-74.187637,40.537135000000006],[-74.187391,40.53728],[-74.18714,40.537423],[-74.186883,40.537565],[-74.186622,40.537706],[-74.186355,40.53784400000001],[-74.186082,40.537981],[-74.185804,40.538117],[-74.185521,40.538251],[-74.185233,40.538383],[-74.18494,40.53851399999999],[-74.18464099999998,40.538643],[-74.184336,40.53876999999999],[-74.184028,40.538895],[-74.183852,40.538962999999995],[-74.183678,40.539030000000004],[-74.183508,40.539094],[-74.18334,40.539155],[-74.183174,40.539215],[-74.183012,40.539272],[-74.182852,40.539327],[-74.18269499999998,40.53938],[-74.18254,40.539431],[-74.182389,40.53947900000001],[-74.18224,40.539525],[-74.182093,40.539569],[-74.18194999999999,40.53961100000001],[-74.181809,40.539651],[-74.18167199999999,40.539687],[-74.181583,40.539711],[-74.181486,40.539738],[-74.181379,40.539766],[-74.181264,40.539795],[-74.18114,40.53982599999999],[-74.181007,40.539859],[-74.180865,40.539892],[-74.180715,40.53992800000001],[-74.180555,40.539965],[-74.18038699999998,40.540003],[-74.18020899999999,40.540043],[-74.180023,40.54008399999999],[-74.179828,40.540127],[-74.179625,40.540171],[-74.179413,40.540217],[-74.178217,40.540459999999996]]},"properties":{"routes":["SI"],"direction":"N","colors":["#08179C"],"colorCount":1,"color0":"#08179C","color1":"","color2":""}},{"type":"Feature","geometry":{"type":"LineString","coordinates":[[-74.178217,40.540459999999996],[-74.178217,40.540459999999996],[-74.171897,40.541685],[-74.171539,40.541762],[-74.17117699999999,40.541846],[-74.170812,40.54194],[-74.170442,40.542043],[-74.17006999999998,40.542155],[-74.169693,40.542276],[-74.169313,40.542407],[-74.168929,40.542547],[-74.168541,40.542697],[-74.168149,40.542855],[-74.167754,40.543023000000005],[-74.167355,40.5432],[-74.166952,40.543387],[-74.166546,40.543583],[-74.166135,40.543787],[-74.16457,40.544601]]},"properties":{"routes":["SI"],"direction":"N","colors":["#08179C"],"colorCount":1,"color0":"#08179C","color1":"","color2":""}},{"type":"Feature","geometry":{"type":"LineString","coordinates":[[-74.16457,40.544601],[-74.16457,40.544601],[-74.162046,40.545924],[-74.157749,40.5481],[-74.157326,40.548317],[-74.156917,40.548524],[-74.15652199999998,40.548724],[-74.156143,40.548916],[-74.15577899999998,40.5491],[-74.155429,40.549276],[-74.155095,40.549444],[-74.154775,40.549604],[-74.15447099999999,40.549756],[-74.15418099999998,40.549901],[-74.153906,40.550037],[-74.153646,40.550165],[-74.153402,40.550286],[-74.153172,40.55039800000001],[-74.152956,40.550502],[-74.151399,40.551231]]},"properties":{"routes":["SI"],"direction":"N","colors":["#08179C"],"colorCount":1,"color0":"#08179C","color1":"","color2":""}},{"type":"Feature","geometry":{"type":"LineString","coordinates":[[-74.151399,40.551231],[-74.151399,40.551231],[-74.150411,40.551688],[-74.150248,40.55176],[-74.15008199999998,40.55183000000001],[-74.149913,40.551897],[-74.149742,40.551959],[-74.149568,40.552019],[-74.14939199999999,40.552074],[-74.149214,40.552126],[-74.149033,40.552175000000005],[-74.14885,40.55222],[-74.148665,40.552261],[-74.148477,40.552299000000005],[-74.148287,40.552333],[-74.148094,40.552364],[-74.14789899999998,40.552391],[-74.147702,40.55241500000001],[-74.145709,40.552643],[-74.145547,40.552663],[-74.145386,40.552686],[-74.14522599999998,40.55271],[-74.145068,40.552735],[-74.144912,40.552761999999994],[-74.144757,40.552791],[-74.14460300000002,40.552820999999994],[-74.144451,40.552853],[-74.144301,40.55288600000001],[-74.14415199999999,40.552921],[-74.144004,40.552957000000006],[-74.143858,40.552995],[-74.143714,40.553035],[-74.143571,40.553076],[-74.143429,40.553118],[-74.143281,40.55316599999999],[-74.143133,40.553214999999994],[-74.142986,40.553266],[-74.142838,40.553318],[-74.14269,40.553372],[-74.142542,40.553427],[-74.142394,40.553484],[-74.142246,40.55354200000001],[-74.142098,40.553602],[-74.14195,40.553663],[-74.141802,40.553726],[-74.141654,40.55379],[-74.141506,40.553855],[-74.14135799999998,40.553922],[-74.14121,40.553992],[-74.139893,40.554617],[-74.139724,40.554697],[-74.139559,40.554778999999996],[-74.139396,40.554862],[-74.139235,40.554945],[-74.139078,40.555028],[-74.138922,40.555111999999994],[-74.138769,40.555196],[-74.138619,40.55528],[-74.138471,40.555365],[-74.138326,40.55545099999999],[-74.138184,40.555537],[-74.138043,40.555623],[-74.137906,40.55571],[-74.137771,40.555797],[-74.137638,40.555885],[-74.136907,40.5564]]},"properties":{"routes":["SI"],"direction":"N","colors":["#08179C"],"colorCount":1,"color0":"#08179C","color1":"","color2":""}},{"type":"Feature","geometry":{"type":"LineString","coordinates":[[-74.136907,40.5564],[-74.136907,40.5564],[-74.13629,40.556858],[-74.136186,40.556939],[-74.136084,40.55701899999999],[-74.135985,40.557098],[-74.13588699999998,40.557175],[-74.135792,40.557251],[-74.135699,40.557325],[-74.135608,40.557398],[-74.135519,40.55747],[-74.135432,40.55754],[-74.135348,40.557608],[-74.135265,40.557676],[-74.135185,40.55774199999999],[-74.135107,40.557806],[-74.135031,40.557869],[-74.134957,40.557931],[-74.12632,40.56511]]},"properties":{"routes":["SI"],"direction":"N","colors":["#08179C"],"colorCount":1,"color0":"#08179C","color1":"","color2":""}},{"type":"Feature","geometry":{"type":"LineString","coordinates":[[-74.12632,40.56511],[-74.12632,40.56511],[-74.125816,40.565536],[-74.12574999999998,40.565594],[-74.125684,40.565652],[-74.125619,40.565711],[-74.12555499999999,40.565768999999996],[-74.125491,40.565827],[-74.125428,40.565885],[-74.125365,40.565944],[-74.125303,40.566002],[-74.125241,40.566061],[-74.12518,40.566119],[-74.12512,40.566178],[-74.12505999999999,40.566236],[-74.125,40.566295000000004],[-74.124941,40.566353],[-74.124882,40.566412],[-74.121358,40.570115],[-74.12118,40.57029399999999],[-74.121003,40.57047],[-74.120825,40.570642],[-74.12064599999998,40.57081],[-74.120468,40.570975],[-74.120289,40.57113699999999],[-74.12010999999998,40.571294],[-74.11993,40.571449],[-74.119751,40.571599],[-74.11957099999998,40.571747],[-74.11939,40.57189],[-74.11920999999998,40.57203],[-74.11902899999998,40.57216700000001],[-74.118848,40.5723],[-74.11866799999999,40.572428],[-74.11721,40.57348]]},"properties":{"routes":["SI"],"direction":"N","colors":["#08179C"],"colorCount":1,"color0":"#08179C","color1":"","color2":""}},{"type":"Feature","geometry":{"type":"LineString","coordinates":[[-74.11721,40.57348],[-74.11721,40.57348],[-74.112691,40.576732],[-74.112651,40.57676],[-74.112611,40.576788],[-74.112572,40.576815],[-74.11253399999998,40.576843],[-74.112496,40.57687],[-74.11245899999999,40.576896],[-74.112423,40.576923],[-74.11238699999998,40.576949],[-74.112352,40.576975],[-74.112318,40.57700100000001],[-74.112285,40.577026],[-74.112252,40.577051],[-74.112219,40.577076000000005],[-74.112188,40.577101],[-74.112157,40.577125],[-74.110335,40.578505],[-74.109704,40.578965]]},"properties":{"routes":["SI"],"direction":"N","colors":["#08179C"],"colorCount":1,"color0":"#08179C","color1":"","color2":""}},{"type":"Feature","geometry":{"type":"LineString","coordinates":[[-74.109704,40.578965],[-74.109704,40.578965],[-74.103338,40.583591]]},"properties":{"routes":["SI"],"direction":"N","colors":["#08179C"],"colorCount":1,"color0":"#08179C","color1":"","color2":""}},{"type":"Feature","geometry":{"type":"LineString","coordinates":[[-74.103338,40.583591],[-74.103338,40.583591],[-74.09609,40.588849]]},"properties":{"routes":["SI"],"direction":"N","colors":["#08179C"],"colorCount":1,"color0":"#08179C","color1":"","color2":""}},{"type":"Feature","geometry":{"type":"LineString","coordinates":[[-74.09609,40.588849],[-74.09609,40.588849],[-74.091101,40.592478],[-74.09082,40.592688],[-74.09054899999998,40.592901],[-74.090285,40.593119],[-74.090029,40.593341],[-74.08977999999999,40.59356799999999],[-74.089538,40.593799],[-74.089303,40.594035],[-74.089075,40.594276],[-74.08885499999998,40.594521],[-74.088642,40.594771],[-74.088436,40.595025],[-74.088237,40.595284],[-74.088045,40.595547],[-74.087861,40.595815],[-74.087682,40.596087],[-74.087368,40.596612]]},"properties":{"routes":["SI"],"direction":"N","colors":["#08179C"],"colorCount":1,"color0":"#08179C","color1":"","color2":""}},{"type":"Feature","geometry":{"type":"LineString","coordinates":[[-74.087368,40.596612],[-74.087368,40.596612],[-74.08731199999998,40.596716],[-74.087257,40.596818000000006],[-74.087204,40.596919],[-74.087151,40.59702],[-74.087101,40.597121],[-74.087051,40.597221],[-74.087003,40.59732],[-74.08695699999998,40.597419],[-74.086912,40.597518],[-74.086869,40.597616],[-74.08682699999999,40.597713],[-74.086786,40.59781],[-74.086747,40.597907],[-74.086709,40.598003],[-74.086673,40.598098],[-74.085801,40.600437],[-74.085736,40.600583],[-74.085671,40.600729],[-74.085602,40.600874000000005],[-74.08553,40.601018],[-74.085456,40.601161],[-74.085379,40.601302],[-74.085298,40.601443],[-74.085215,40.601583],[-74.085129,40.601721],[-74.08504,40.601859000000005],[-74.08494799999998,40.601995],[-74.084853,40.60213],[-74.084755,40.602265],[-74.084654,40.602398],[-74.084551,40.602529],[-74.084087,40.603117]]},"properties":{"routes":["SI"],"direction":"N","colors":["#08179C"],"colorCount":1,"color0":"#08179C","color1":"","color2":""}},{"type":"Feature","geometry":{"type":"LineString","coordinates":[[-74.084087,40.603117],[-74.084087,40.603117],[-74.080023,40.60823],[-74.079939,40.608338],[-74.079855,40.608447],[-74.07977299999999,40.608555],[-74.079693,40.608662],[-74.079614,40.60877],[-74.079537,40.608877],[-74.079462,40.608985],[-74.079388,40.609091],[-74.07931599999999,40.609198],[-74.079246,40.609305000000006],[-74.07917799999998,40.609411],[-74.079111,40.609517],[-74.079045,40.609623],[-74.078982,40.609729],[-74.078919,40.609835000000004],[-74.075264,40.616007],[-74.07516,40.616172000000006],[-74.07505099999999,40.616334],[-74.074937,40.61649],[-74.074818,40.616642],[-74.074694,40.616788],[-74.074566,40.616929],[-74.07443299999998,40.617066],[-74.074296,40.617197],[-74.07415299999998,40.617323],[-74.074006,40.617445],[-74.073855,40.617561],[-74.07369800000001,40.617672],[-74.073537,40.617779],[-74.073371,40.61787999999999],[-74.0732,40.617977],[-74.072724,40.618224],[-74.07264199999999,40.61826799999999],[-74.072561,40.618312],[-74.072484,40.618358],[-74.07240799999998,40.61840399999999],[-74.072335,40.618452],[-74.072263,40.618502],[-74.07219499999998,40.618552],[-74.07212799999999,40.618604],[-74.072064,40.618657],[-74.072002,40.618712],[-74.071942,40.618767],[-74.071884,40.618824],[-74.071829,40.618883],[-74.071776,40.618942],[-74.071724,40.619004],[-74.071675,40.619065],[-74.071628,40.61912499999999],[-74.071583,40.619185],[-74.071541,40.619243],[-74.071501,40.619301],[-74.07146399999999,40.619358],[-74.07142899999998,40.619413],[-74.071396,40.619468],[-74.071365,40.619523],[-74.071337,40.619575999999995],[-74.071311,40.619628],[-74.071288,40.61968],[-74.071266,40.61973],[-74.071248,40.61978],[-74.071232,40.619828],[-74.071172,40.620036],[-74.07114,40.620246],[-74.071136,40.620457],[-74.07116,40.62067],[-74.071212,40.620885],[-74.071292,40.621101],[-74.071402,40.621319]]},"properties":{"routes":["SI"],"direction":"N","colors":["#08179C"],"colorCount":1,"color0":"#08179C","color1":"","color2":""}},{"type":"Feature","geometry":{"type":"LineString","coordinates":[[-74.071402,40.621319],[-74.071402,40.621319],[-74.071805,40.622046],[-74.071835,40.622095],[-74.07186599999999,40.622144],[-74.071899,40.622193],[-74.071933,40.622244],[-74.071968,40.622295],[-74.072005,40.622346],[-74.072043,40.622399],[-74.072083,40.622451999999996],[-74.07212399999999,40.622505],[-74.072166,40.622559],[-74.07221,40.622614],[-74.072255,40.622669],[-74.072301,40.622725],[-74.072349,40.622782],[-74.072398,40.622839],[-74.072856,40.623372],[-74.072874,40.623393],[-74.07289299999998,40.623415],[-74.072911,40.623436],[-74.072929,40.623458],[-74.072947,40.62348],[-74.072965,40.623502],[-74.072983,40.623525],[-74.07300099999999,40.62354700000001],[-74.073019,40.62357],[-74.073037,40.623593],[-74.073054,40.623616],[-74.07307199999998,40.62364],[-74.07309,40.623663],[-74.073107,40.623687],[-74.073125,40.623711],[-74.073516,40.624241],[-74.074613,40.625771],[-74.074656,40.62584],[-74.074699,40.625912],[-74.074739,40.625986000000005],[-74.074777,40.626063],[-74.074813,40.626142],[-74.074846,40.626224],[-74.074878,40.626308],[-74.074907,40.626395],[-74.074935,40.626484],[-74.07496,40.626575],[-74.074983,40.626669],[-74.07500399999999,40.626766],[-74.075022,40.626865],[-74.075039,40.626966],[-74.07505199999999,40.62707],[-74.075162,40.627915]]},"properties":{"routes":["SI"],"direction":"N","colors":["#08179C"],"colorCount":1,"color0":"#08179C","color1":"","color2":""}},{"type":"Feature","geometry":{"type":"LineString","coordinates":[[-74.075162,40.627915],[-74.075162,40.627915],[-74.07528199999999,40.628989999999995],[-74.075291,40.62909],[-74.0753,40.629189000000004],[-74.075308,40.629286],[-74.075315,40.62938199999999],[-74.075321,40.629476],[-74.075326,40.629569],[-74.07533,40.62966],[-74.07533299999999,40.62975],[-74.075335,40.629838],[-74.075336,40.629924],[-74.075336,40.63001],[-74.075335,40.63009300000001],[-74.07533299999999,40.630175],[-74.07532899999998,40.630256],[-74.075325,40.630334],[-74.07532,40.63043199999999],[-74.075312,40.630529],[-74.0753,40.630626],[-74.07528599999999,40.630722],[-74.075269,40.630819],[-74.075249,40.630915],[-74.075226,40.63101],[-74.0752,40.631106],[-74.075171,40.631201],[-74.075139,40.631296],[-74.075105,40.63139],[-74.075067,40.631484],[-74.075027,40.631578],[-74.074984,40.631672],[-74.074938,40.631765],[-74.074671,40.632261],[-74.074606,40.63238],[-74.074547,40.632501],[-74.074494,40.632623],[-74.074448,40.632746],[-74.074408,40.63287],[-74.074375,40.632994],[-74.074348,40.63312],[-74.074328,40.633246],[-74.074314,40.63337299999999],[-74.074306,40.633502],[-74.07430499999998,40.633630999999994],[-74.07431,40.63376],[-74.074322,40.633891000000006],[-74.07434,40.634023000000006],[-74.074363,40.63415499999999],[-74.074485,40.63481099999999],[-74.07449199999999,40.634843],[-74.074498,40.634876000000006],[-74.074504,40.634909],[-74.074511,40.63494299999999],[-74.074517,40.634978],[-74.074524,40.635013],[-74.07453,40.63505],[-74.07453599999998,40.635087],[-74.074542,40.635124],[-74.074549,40.635162],[-74.074555,40.635200999999995],[-74.074561,40.635241],[-74.07456699999999,40.635281],[-74.074573,40.635322],[-74.074579,40.635364],[-74.074756,40.636516],[-74.07476,40.636543],[-74.074764,40.636571],[-74.074768,40.636598],[-74.074773,40.636626],[-74.074777,40.636655],[-74.074782,40.636683],[-74.074787,40.636712],[-74.07479299999999,40.63674],[-74.074798,40.63677],[-74.074804,40.636799],[-74.07481,40.63682800000001],[-74.074816,40.636858],[-74.074822,40.636888],[-74.074828,40.636919],[-74.074835,40.636949]]},"properties":{"routes":["SI"],"direction":"N","colors":["#08179C"],"colorCount":1,"color0":"#08179C","color1":"","color2":""}},{"type":"Feature","geometry":{"type":"LineString","coordinates":[[-74.074835,40.636949],[-74.074835,40.636949],[-74.07484499999998,40.636995],[-74.074856,40.637042],[-74.074867,40.63709000000001],[-74.074879,40.63714],[-74.074892,40.63719],[-74.074905,40.637241],[-74.07492,40.63729299999999],[-74.074935,40.637347],[-74.07495,40.637401],[-74.074966,40.637457],[-74.074983,40.637513],[-74.075001,40.63757],[-74.075019,40.637629],[-74.075038,40.637688],[-74.075058,40.637750000000004],[-74.075291,40.63847],[-74.075307,40.63853399999999],[-74.075321,40.638597000000004],[-74.07533299999999,40.638662],[-74.075342,40.638726],[-74.075349,40.638791],[-74.075355,40.638856],[-74.07535699999998,40.63892200000001],[-74.075358,40.638988],[-74.07535699999998,40.639053999999994],[-74.075353,40.639120999999996],[-74.075347,40.639188000000004],[-74.075339,40.639255000000006],[-74.075328,40.639323],[-74.075316,40.639391],[-74.075301,40.639459],[-74.074647,40.64214],[-74.07461199999999,40.642252],[-74.074572,40.642363],[-74.074527,40.642473],[-74.074478,40.642582],[-74.074424,40.642691],[-74.074366,40.6428],[-74.074304,40.64290700000001],[-74.074237,40.643014],[-74.074166,40.643121],[-74.07409,40.643227],[-74.07401,40.643332],[-74.07392499999999,40.643437000000006],[-74.073836,40.643541],[-74.07374199999998,40.643645],[-74.07364299999999,40.64374800000001]]},"properties":{"routes":["SI"],"direction":"N","colors":["#08179C"],"colorCount":1,"color0":"#08179C","color1":"","color2":""}},{"type":"Feature","geometry":{"type":"LineString","coordinates":[[-74.07364299999999,40.64374800000001],[-74.07374199999998,40.643645],[-74.073836,40.643541],[-74.07392499999999,40.643437000000006],[-74.07401,40.643332],[-74.07409,40.643227],[-74.074166,40.643121],[-74.074237,40.643014],[-74.074304,40.64290700000001],[-74.074366,40.6428],[-74.074424,40.642691],[-74.074478,40.642582],[-74.074527,40.642473],[-74.074572,40.642363],[-74.07461199999999,40.642252],[-74.074647,40.64214],[-74.075301,40.639459],[-74.075316,40.639391],[-74.075328,40.639323],[-74.075339,40.639255000000006],[-74.075347,40.639188000000004],[-74.075353,40.639120999999996],[-74.07535699999998,40.639053999999994],[-74.075358,40.638988],[-74.07535699999998,40.63892200000001],[-74.075355,40.638856],[-74.075349,40.638791],[-74.075342,40.638726],[-74.07533299999999,40.638662],[-74.075321,40.638597000000004],[-74.075307,40.63853399999999],[-74.075291,40.63847],[-74.075058,40.637750000000004],[-74.075038,40.637688],[-74.075019,40.637629],[-74.075001,40.63757],[-74.074983,40.637513],[-74.074966,40.637457],[-74.07495,40.637401],[-74.074935,40.637347],[-74.07492,40.63729299999999],[-74.074905,40.637241],[-74.074892,40.63719],[-74.074879,40.63714],[-74.074867,40.63709000000001],[-74.074856,40.637042],[-74.07484499999998,40.636995],[-74.074835,40.636949]]},"properties":{"routes":["SI"],"direction":"S","colors":["#08179C"],"colorCount":1,"color0":"#08179C","color1":"","color2":""}},{"type":"Feature","geometry":{"type":"LineString","coordinates":[[-74.074835,40.636949],[-74.074835,40.636949],[-74.074828,40.636919],[-74.074822,40.636888],[-74.074816,40.636858],[-74.07481,40.63682800000001],[-74.074804,40.636799],[-74.074798,40.63677],[-74.07479299999999,40.63674],[-74.074787,40.636712],[-74.074782,40.636683],[-74.074777,40.636655],[-74.074773,40.636626],[-74.074768,40.636598],[-74.074764,40.636571],[-74.07476,40.636543],[-74.074756,40.636516],[-74.074579,40.635364],[-74.074573,40.635322],[-74.07456699999999,40.635281],[-74.074561,40.635241],[-74.074555,40.635200999999995],[-74.074549,40.635162],[-74.074542,40.635124],[-74.07453599999998,40.635087],[-74.07453,40.63505],[-74.074524,40.635013],[-74.074517,40.634978],[-74.074511,40.63494299999999],[-74.074504,40.634909],[-74.074498,40.634876000000006],[-74.07449199999999,40.634843],[-74.074485,40.63481099999999],[-74.074363,40.63415499999999],[-74.07434,40.634023000000006],[-74.074322,40.633891000000006],[-74.07431,40.63376],[-74.07430499999998,40.633630999999994],[-74.074306,40.633502],[-74.074314,40.63337299999999],[-74.074328,40.633246],[-74.074348,40.63312],[-74.074375,40.632994],[-74.074408,40.63287],[-74.074448,40.632746],[-74.074494,40.632623],[-74.074547,40.632501],[-74.074606,40.63238],[-74.074671,40.632261],[-74.074938,40.631765],[-74.074984,40.631672],[-74.075027,40.631578],[-74.075067,40.631484],[-74.075105,40.63139],[-74.075139,40.631296],[-74.075171,40.631201],[-74.0752,40.631106],[-74.075226,40.63101],[-74.075249,40.630915],[-74.075269,40.630819],[-74.07528599999999,40.630722],[-74.0753,40.630626],[-74.075312,40.630529],[-74.07532,40.63043199999999],[-74.075325,40.630334],[-74.07532899999998,40.630256],[-74.07533299999999,40.630175],[-74.075335,40.63009300000001],[-74.075336,40.63001],[-74.075336,40.629924],[-74.075335,40.629838],[-74.07533299999999,40.62975],[-74.07533,40.62966],[-74.075326,40.629569],[-74.075321,40.629476],[-74.075315,40.62938199999999],[-74.075308,40.629286],[-74.0753,40.629189000000004],[-74.075291,40.62909],[-74.07528199999999,40.628989999999995],[-74.075162,40.627915]]},"properties":{"routes":["SI"],"direction":"S","colors":["#08179C"],"colorCount":1,"color0":"#08179C","color1":"","color2":""}},{"type":"Feature","geometry":{"type":"LineString","coordinates":[[-74.075162,40.627915],[-74.075162,40.627915],[-74.07505199999999,40.62707],[-74.075039,40.626966],[-74.075022,40.626865],[-74.07500399999999,40.626766],[-74.074983,40.626669],[-74.07496,40.626575],[-74.074935,40.626484],[-74.074907,40.626395],[-74.074878,40.626308],[-74.074846,40.626224],[-74.074813,40.626142],[-74.074777,40.626063],[-74.074739,40.625986000000005],[-74.074699,40.625912],[-74.074656,40.62584],[-74.074613,40.625771],[-74.073516,40.624241],[-74.073125,40.623711],[-74.073107,40.623687],[-74.07309,40.623663],[-74.07307199999998,40.62364],[-74.073054,40.623616],[-74.073037,40.623593],[-74.073019,40.62357],[-74.07300099999999,40.62354700000001],[-74.072983,40.623525],[-74.072965,40.623502],[-74.072947,40.62348],[-74.072929,40.623458],[-74.072911,40.623436],[-74.07289299999998,40.623415],[-74.072874,40.623393],[-74.072856,40.623372],[-74.072398,40.622839],[-74.072349,40.622782],[-74.072301,40.622725],[-74.072255,40.622669],[-74.07221,40.622614],[-74.072166,40.622559],[-74.07212399999999,40.622505],[-74.072083,40.622451999999996],[-74.072043,40.622399],[-74.072005,40.622346],[-74.071968,40.622295],[-74.071933,40.622244],[-74.071899,40.622193],[-74.07186599999999,40.622144],[-74.071835,40.622095],[-74.071805,40.622046],[-74.071402,40.621319]]},"properties":{"routes":["SI"],"direction":"S","colors":["#08179C"],"colorCount":1,"color0":"#08179C","color1":"","color2":""}},{"type":"Feature","geometry":{"type":"LineString","coordinates":[[-74.071402,40.621319],[-74.071402,40.621319],[-74.071292,40.621101],[-74.071212,40.620885],[-74.07116,40.62067],[-74.071136,40.620457],[-74.07114,40.620246],[-74.071172,40.620036],[-74.071232,40.619828],[-74.071248,40.61978],[-74.071266,40.61973],[-74.071288,40.61968],[-74.071311,40.619628],[-74.071337,40.619575999999995],[-74.071365,40.619523],[-74.071396,40.619468],[-74.07142899999998,40.619413],[-74.07146399999999,40.619358],[-74.071501,40.619301],[-74.071541,40.619243],[-74.071583,40.619185],[-74.071628,40.61912499999999],[-74.071675,40.619065],[-74.071724,40.619004],[-74.071776,40.618942],[-74.071829,40.618883],[-74.071884,40.618824],[-74.071942,40.618767],[-74.072002,40.618712],[-74.072064,40.618657],[-74.07212799999999,40.618604],[-74.07219499999998,40.618552],[-74.072263,40.618502],[-74.072335,40.618452],[-74.07240799999998,40.61840399999999],[-74.072484,40.618358],[-74.072561,40.618312],[-74.07264199999999,40.61826799999999],[-74.072724,40.618224],[-74.0732,40.617977],[-74.073371,40.61787999999999],[-74.073537,40.617779],[-74.07369800000001,40.617672],[-74.073855,40.617561],[-74.074006,40.617445],[-74.07415299999998,40.617323],[-74.074296,40.617197],[-74.07443299999998,40.617066],[-74.074566,40.616929],[-74.074694,40.616788],[-74.074818,40.616642],[-74.074937,40.61649],[-74.07505099999999,40.616334],[-74.07516,40.616172000000006],[-74.075264,40.616007],[-74.078919,40.609835000000004],[-74.078982,40.609729],[-74.079045,40.609623],[-74.079111,40.609517],[-74.07917799999998,40.609411],[-74.079246,40.609305000000006],[-74.07931599999999,40.609198],[-74.079388,40.609091],[-74.079462,40.608985],[-74.079537,40.608877],[-74.079614,40.60877],[-74.079693,40.608662],[-74.07977299999999,40.608555],[-74.079855,40.608447],[-74.079939,40.608338],[-74.080023,40.60823],[-74.084087,40.603117]]},"properties":{"routes":["SI"],"direction":"S","colors":["#08179C"],"colorCount":1,"color0":"#08179C","color1":"","color2":""}},{"type":"Feature","geometry":{"type":"LineString","coordinates":[[-74.084087,40.603117],[-74.084087,40.603117],[-74.084551,40.602529],[-74.084654,40.602398],[-74.084755,40.602265],[-74.084853,40.60213],[-74.08494799999998,40.601995],[-74.08504,40.601859000000005],[-74.085129,40.601721],[-74.085215,40.601583],[-74.085298,40.601443],[-74.085379,40.601302],[-74.085456,40.601161],[-74.08553,40.601018],[-74.085602,40.600874000000005],[-74.085671,40.600729],[-74.085736,40.600583],[-74.085801,40.600437],[-74.086673,40.598098],[-74.086709,40.598003],[-74.086747,40.597907],[-74.086786,40.59781],[-74.08682699999999,40.597713],[-74.086869,40.597616],[-74.086912,40.597518],[-74.08695699999998,40.597419],[-74.087003,40.59732],[-74.087051,40.597221],[-74.087101,40.597121],[-74.087151,40.59702],[-74.087204,40.596919],[-74.087257,40.596818000000006],[-74.08731199999998,40.596716],[-74.087368,40.596612]]},"properties":{"routes":["SI"],"direction":"S","colors":["#08179C"],"colorCount":1,"color0":"#08179C","color1":"","color2":""}},{"type":"Feature","geometry":{"type":"LineString","coordinates":[[-74.087368,40.596612],[-74.087368,40.596612],[-74.087682,40.596087],[-74.087861,40.595815],[-74.088045,40.595547],[-74.088237,40.595284],[-74.088436,40.595025],[-74.088642,40.594771],[-74.08885499999998,40.594521],[-74.089075,40.594276],[-74.089303,40.594035],[-74.089538,40.593799],[-74.08977999999999,40.59356799999999],[-74.090029,40.593341],[-74.090285,40.593119],[-74.09054899999998,40.592901],[-74.09082,40.592688],[-74.091101,40.592478],[-74.09609,40.588849]]},"properties":{"routes":["SI"],"direction":"S","colors":["#08179C"],"colorCount":1,"color0":"#08179C","color1":"","color2":""}},{"type":"Feature","geometry":{"type":"LineString","coordinates":[[-74.09609,40.588849],[-74.09609,40.588849],[-74.103338,40.583591]]},"properties":{"routes":["SI"],"direction":"S","colors":["#08179C"],"colorCount":1,"color0":"#08179C","color1":"","color2":""}},{"type":"Feature","geometry":{"type":"LineString","coordinates":[[-74.103338,40.583591],[-74.103338,40.583591],[-74.109704,40.578965]]},"properties":{"routes":["SI"],"direction":"S","colors":["#08179C"],"colorCount":1,"color0":"#08179C","color1":"","color2":""}},{"type":"Feature","geometry":{"type":"LineString","coordinates":[[-74.109704,40.578965],[-74.109704,40.578965],[-74.110335,40.578505],[-74.112157,40.577125],[-74.112188,40.577101],[-74.112219,40.577076000000005],[-74.112252,40.577051],[-74.112285,40.577026],[-74.112318,40.57700100000001],[-74.112352,40.576975],[-74.11238699999998,40.576949],[-74.112423,40.576923],[-74.11245899999999,40.576896],[-74.112496,40.57687],[-74.11253399999998,40.576843],[-74.112572,40.576815],[-74.112611,40.576788],[-74.112651,40.57676],[-74.112691,40.576732],[-74.11721,40.57348]]},"properties":{"routes":["SI"],"direction":"S","colors":["#08179C"],"colorCount":1,"color0":"#08179C","color1":"","color2":""}},{"type":"Feature","geometry":{"type":"LineString","coordinates":[[-74.11721,40.57348],[-74.11721,40.57348],[-74.11866799999999,40.572428],[-74.118848,40.5723],[-74.11902899999998,40.57216700000001],[-74.11920999999998,40.57203],[-74.11939,40.57189],[-74.11957099999998,40.571747],[-74.119751,40.571599],[-74.11993,40.571449],[-74.12010999999998,40.571294],[-74.120289,40.57113699999999],[-74.120468,40.570975],[-74.12064599999998,40.57081],[-74.120825,40.570642],[-74.121003,40.57047],[-74.12118,40.57029399999999],[-74.121358,40.570115],[-74.124882,40.566412],[-74.124941,40.566353],[-74.125,40.566295000000004],[-74.12505999999999,40.566236],[-74.12512,40.566178],[-74.12518,40.566119],[-74.125241,40.566061],[-74.125303,40.566002],[-74.125365,40.565944],[-74.125428,40.565885],[-74.125491,40.565827],[-74.12555499999999,40.565768999999996],[-74.125619,40.565711],[-74.125684,40.565652],[-74.12574999999998,40.565594],[-74.125816,40.565536],[-74.12632,40.56511]]},"properties":{"routes":["SI"],"direction":"S","colors":["#08179C"],"colorCount":1,"color0":"#08179C","color1":"","color2":""}},{"type":"Feature","geometry":{"type":"LineString","coordinates":[[-74.12632,40.56511],[-74.12632,40.56511],[-74.134957,40.557931],[-74.135031,40.557869],[-74.135107,40.557806],[-74.135185,40.55774199999999],[-74.135265,40.557676],[-74.135348,40.557608],[-74.135432,40.55754],[-74.135519,40.55747],[-74.135608,40.557398],[-74.135699,40.557325],[-74.135792,40.557251],[-74.13588699999998,40.557175],[-74.135985,40.557098],[-74.136084,40.55701899999999],[-74.136186,40.556939],[-74.13629,40.556858],[-74.136907,40.5564]]},"properties":{"routes":["SI"],"direction":"S","colors":["#08179C"],"colorCount":1,"color0":"#08179C","color1":"","color2":""}},{"type":"Feature","geometry":{"type":"LineString","coordinates":[[-74.136907,40.5564],[-74.136907,40.5564],[-74.137638,40.555885],[-74.137771,40.555797],[-74.137906,40.55571],[-74.138043,40.555623],[-74.138184,40.555537],[-74.138326,40.55545099999999],[-74.138471,40.555365],[-74.138619,40.55528],[-74.138769,40.555196],[-74.138922,40.555111999999994],[-74.139078,40.555028],[-74.139235,40.554945],[-74.139396,40.554862],[-74.139559,40.554778999999996],[-74.139724,40.554697],[-74.139893,40.554617],[-74.14121,40.553992],[-74.14135799999998,40.553922],[-74.141506,40.553855],[-74.141654,40.55379],[-74.141802,40.553726],[-74.14195,40.553663],[-74.142098,40.553602],[-74.142246,40.55354200000001],[-74.142394,40.553484],[-74.142542,40.553427],[-74.14269,40.553372],[-74.142838,40.553318],[-74.142986,40.553266],[-74.143133,40.553214999999994],[-74.143281,40.55316599999999],[-74.143429,40.553118],[-74.143571,40.553076],[-74.143714,40.553035],[-74.143858,40.552995],[-74.144004,40.552957000000006],[-74.14415199999999,40.552921],[-74.144301,40.55288600000001],[-74.144451,40.552853],[-74.14460300000002,40.552820999999994],[-74.144757,40.552791],[-74.144912,40.552761999999994],[-74.145068,40.552735],[-74.14522599999998,40.55271],[-74.145386,40.552686],[-74.145547,40.552663],[-74.145709,40.552643],[-74.147702,40.55241500000001],[-74.14789899999998,40.552391],[-74.148094,40.552364],[-74.148287,40.552333],[-74.148477,40.552299000000005],[-74.148665,40.552261],[-74.14885,40.55222],[-74.149033,40.552175000000005],[-74.149214,40.552126],[-74.14939199999999,40.552074],[-74.149568,40.552019],[-74.149742,40.551959],[-74.149913,40.551897],[-74.15008199999998,40.55183000000001],[-74.150248,40.55176],[-74.150411,40.551688],[-74.151399,40.551231]]},"properties":{"routes":["SI"],"direction":"S","colors":["#08179C"],"colorCount":1,"color0":"#08179C","color1":"","color2":""}},{"type":"Feature","geometry":{"type":"LineString","coordinates":[[-74.151399,40.551231],[-74.151399,40.551231],[-74.152956,40.550502],[-74.153172,40.55039800000001],[-74.153402,40.550286],[-74.153646,40.550165],[-74.153906,40.550037],[-74.15418099999998,40.549901],[-74.15447099999999,40.549756],[-74.154775,40.549604],[-74.155095,40.549444],[-74.155429,40.549276],[-74.15577899999998,40.5491],[-74.156143,40.548916],[-74.15652199999998,40.548724],[-74.156917,40.548524],[-74.157326,40.548317],[-74.157749,40.5481],[-74.162046,40.545924],[-74.16457,40.544601]]},"properties":{"routes":["SI"],"direction":"S","colors":["#08179C"],"colorCount":1,"color0":"#08179C","color1":"","color2":""}},{"type":"Feature","geometry":{"type":"LineString","coordinates":[[-74.16457,40.544601],[-74.16457,40.544601],[-74.166135,40.543787],[-74.166546,40.543583],[-74.166952,40.543387],[-74.167355,40.5432],[-74.167754,40.543023000000005],[-74.168149,40.542855],[-74.168541,40.542697],[-74.168929,40.542547],[-74.169313,40.542407],[-74.169693,40.542276],[-74.17006999999998,40.542155],[-74.170442,40.542043],[-74.170812,40.54194],[-74.17117699999999,40.541846],[-74.171539,40.541762],[-74.171897,40.541685],[-74.178217,40.540459999999996]]},"properties":{"routes":["SI"],"direction":"S","colors":["#08179C"],"colorCount":1,"color0":"#08179C","color1":"","color2":""}},{"type":"Feature","geometry":{"type":"LineString","coordinates":[[-74.178217,40.540459999999996],[-74.178217,40.540459999999996],[-74.179413,40.540217],[-74.179625,40.540171],[-74.179828,40.540127],[-74.180023,40.54008399999999],[-74.18020899999999,40.540043],[-74.18038699999998,40.540003],[-74.180555,40.539965],[-74.180715,40.53992800000001],[-74.180865,40.539892],[-74.181007,40.539859],[-74.18114,40.53982599999999],[-74.181264,40.539795],[-74.181379,40.539766],[-74.181486,40.539738],[-74.181583,40.539711],[-74.18167199999999,40.539687],[-74.181809,40.539651],[-74.18194999999999,40.53961100000001],[-74.182093,40.539569],[-74.18224,40.539525],[-74.182389,40.53947900000001],[-74.18254,40.539431],[-74.18269499999998,40.53938],[-74.182852,40.539327],[-74.183012,40.539272],[-74.183174,40.539215],[-74.18334,40.539155],[-74.183508,40.539094],[-74.183678,40.539030000000004],[-74.183852,40.538962999999995],[-74.184028,40.538895],[-74.184336,40.53876999999999],[-74.18464099999998,40.538643],[-74.18494,40.53851399999999],[-74.185233,40.538383],[-74.185521,40.538251],[-74.185804,40.538117],[-74.186082,40.537981],[-74.186355,40.53784400000001],[-74.186622,40.537706],[-74.186883,40.537565],[-74.18714,40.537423],[-74.187391,40.53728],[-74.187637,40.537135000000006],[-74.18787799999998,40.536988],[-74.188114,40.536839],[-74.18834099999998,40.536687],[-74.188566,40.536532],[-74.188789,40.536374],[-74.189009,40.536213],[-74.189226,40.536049],[-74.189442,40.53588200000001],[-74.18965399999999,40.535711],[-74.189865,40.535538],[-74.190073,40.535361],[-74.190278,40.535182],[-74.190482,40.534999],[-74.190682,40.534814],[-74.190881,40.534625],[-74.191077,40.534433],[-74.191268,40.534239],[-74.191794,40.533674000000005]]},"properties":{"routes":["SI"],"direction":"S","colors":["#08179C"],"colorCount":1,"color0":"#08179C","color1":"","color2":""}},{"type":"Feature","geometry":{"type":"LineString","coordinates":[[-74.191794,40.533674000000005],[-74.191794,40.533674000000005],[-74.198141,40.526961],[-74.198254,40.526843],[-74.19837,40.526729],[-74.198488,40.52661799999999],[-74.198608,40.52651],[-74.19873,40.526404],[-74.198854,40.526302],[-74.19898,40.526202],[-74.199108,40.526105],[-74.199239,40.526011],[-74.199371,40.52592],[-74.19950599999999,40.525831],[-74.199643,40.525746],[-74.199781,40.525664],[-74.199922,40.525584],[-74.200064,40.52550699999999]]},"properties":{"routes":["SI"],"direction":"S","colors":["#08179C"],"colorCount":1,"color0":"#08179C","color1":"","color2":""}},{"type":"Feature","geometry":{"type":"LineString","coordinates":[[-74.200064,40.52550699999999],[-74.200064,40.52550699999999],[-74.200264,40.525405],[-74.20047,40.525307],[-74.200681,40.525213],[-74.200896,40.525122],[-74.201116,40.525037],[-74.20134,40.524955],[-74.201568,40.524877],[-74.201801,40.524804],[-74.202038,40.524735],[-74.20228,40.52467],[-74.202525,40.524609],[-74.202776,40.524552],[-74.20303,40.524499],[-74.20329,40.524451000000006],[-74.203552,40.524408],[-74.209653,40.523537000000005],[-74.209704,40.523528999999996],[-74.209757,40.52352100000001],[-74.20981,40.523514],[-74.20986299999998,40.523506],[-74.209917,40.523499],[-74.20997199999998,40.523491],[-74.210028,40.523484],[-74.210084,40.523476],[-74.21014099999998,40.523469],[-74.210199,40.52346200000001],[-74.21025699999998,40.523455],[-74.210317,40.523448],[-74.210376,40.523441],[-74.21043699999998,40.523434],[-74.210498,40.523427],[-74.214686,40.522924],[-74.21492,40.522899],[-74.215149,40.52287100000001],[-74.215375,40.522843],[-74.215599,40.522813],[-74.215819,40.522782],[-74.216035,40.52275],[-74.216249,40.522717],[-74.21646,40.522683],[-74.21666699999999,40.522647],[-74.21687199999998,40.522611],[-74.217073,40.522573],[-74.217271,40.522534],[-74.217466,40.522494],[-74.217658,40.522452],[-74.217847,40.52241]]},"properties":{"routes":["SI"],"direction":"S","colors":["#08179C"],"colorCount":1,"color0":"#08179C","color1":"","color2":""}},{"type":"Feature","geometry":{"type":"LineString","coordinates":[[-74.217847,40.52241],[-74.217847,40.52241],[-74.217917,40.522394],[-74.217988,40.522378],[-74.218062,40.522361000000004],[-74.218137,40.522344],[-74.21821399999999,40.522326],[-74.21829199999999,40.522307],[-74.218373,40.522287],[-74.218455,40.522267],[-74.21854,40.522245],[-74.218626,40.522223],[-74.218714,40.522201],[-74.218803,40.522177],[-74.218895,40.522153],[-74.218988,40.522128],[-74.21908299999998,40.522102],[-74.224099,40.520685],[-74.224204,40.520658],[-74.224309,40.52063],[-74.22441499999998,40.52060399999999],[-74.22452099999998,40.520577],[-74.22462599999999,40.520551],[-74.22473199999999,40.520526],[-74.224838,40.5205],[-74.224944,40.520476],[-74.22505,40.520451],[-74.225156,40.520427],[-74.225262,40.520403],[-74.22536799999999,40.52038],[-74.22547399999999,40.520357],[-74.225581,40.520334000000005],[-74.225688,40.520312],[-74.22914099999998,40.51963099999999]]},"properties":{"routes":["SI"],"direction":"S","colors":["#08179C"],"colorCount":1,"color0":"#08179C","color1":"","color2":""}},{"type":"Feature","geometry":{"type":"LineString","coordinates":[[-74.22914099999998,40.51963099999999],[-74.22914099999998,40.51963099999999],[-74.238373,40.517812],[-74.23953499999999,40.517585],[-74.239639,40.51756],[-74.239741,40.517534],[-74.239843,40.51750700000001],[-74.23994399999998,40.517478],[-74.24004399999998,40.517447],[-74.240145,40.517416],[-74.240244,40.51738300000001],[-74.240344,40.517349],[-74.240442,40.517313],[-74.24054,40.517276],[-74.240638,40.517238],[-74.24073499999999,40.51719799999999],[-74.240832,40.517157],[-74.240928,40.517115],[-74.24102299999998,40.517071],[-74.242086,40.516567]]},"properties":{"routes":["SI"],"direction":"S","colors":["#08179C"],"colorCount":1,"color0":"#08179C","color1":"","color2":""}},{"type":"Feature","geometry":{"type":"LineString","coordinates":[[-74.242086,40.516567],[-74.24287199999999,40.516194],[-74.242962,40.516152000000005],[-74.243052,40.516112],[-74.243144,40.516073],[-74.243237,40.516035],[-74.243331,40.515998],[-74.243427,40.515962],[-74.243523,40.515928],[-74.243621,40.515895],[-74.24372,40.515862],[-74.243821,40.515832],[-74.243922,40.515802],[-74.244025,40.515773],[-74.24413,40.51574600000001],[-74.244235,40.51572],[-74.244342,40.515694999999994],[-74.244786,40.515604],[-74.244828,40.515596],[-74.244869,40.515588],[-74.244909,40.51558],[-74.244949,40.515573],[-74.244989,40.515565],[-74.245028,40.515556999999994],[-74.245066,40.515549],[-74.24510399999998,40.515541],[-74.245141,40.515533],[-74.245178,40.515525],[-74.245214,40.515517],[-74.24524999999998,40.51551],[-74.245285,40.51550199999999],[-74.245319,40.515494000000004],[-74.245353,40.51548600000001],[-74.24568899999998,40.515401],[-74.246451,40.515198],[-74.24773,40.51482800000001],[-74.24797499999998,40.514753],[-74.248217,40.514675],[-74.248456,40.514593],[-74.24869299999999,40.51450700000001],[-74.248927,40.514418],[-74.249159,40.514325],[-74.249388,40.514229],[-74.249614,40.51413],[-74.249838,40.514027],[-74.250059,40.513920000000006],[-74.25027699999998,40.51381],[-74.250493,40.513696],[-74.250706,40.513579],[-74.250917,40.513458],[-74.251124,40.513334],[-74.251961,40.51276399999999]]},"properties":{"routes":["SI"],"direction":"S","colors":["#08179C"],"colorCount":1,"color0":"#08179C","color1":"","color2":""}}]}