{"type":"FeatureCollection","features":[{"type":"Feature","geometry":{"type":"Point","coordinates":[-74.013664,40.702068]},"properties":{"stopId":"142","name":"South Ferry","platforms":["142N","142S"],"northLabel":"Uptown & The Bronx","southLabel":"Last Stop"}},{"type":"Feature","geometry":{"type":"Point","coordinates":[-74.013783,40.707513]},"properties":{"stopId":"139","name":"Rector St","platforms":["139N","139S"],"northLabel":"Uptown & The Bronx","southLabel":"Downtown"}},{"type":"Feature","geometry":{"type":"Point","coordinates":[-74.012188,40.711835]},"properties":{"stopId":"138","name":"WTC Cortlandt","platforms":["138N","138S"],"northLabel":"Uptown & The Bronx","southLabel":"Downtown"}},{"type":"Feature","geometry":{"type":"Point","coordinates":[-74.009266,40.715478]},"properties":{"stopId":"137","name":"Chambers St","platforms":["137N","137S"],"northLabel":"Uptown & The Bronx","southLabel":"Downtown & Brooklyn"}},{"type":"Feature","geometry":{"type":"Point","coordinates":[-74.006886,40.719318]},"properties":{"stopId":"136","name":"Franklin St","platforms":["136N","136S"],"northLabel":"Uptown & The Bronx","southLabel":"Downtown & Brooklyn"}},{"type":"Feature","geometry":{"type":"Point","coordinates":[-74.006277,40.722854]},"properties":{"stopId":"135","name":"Canal St","platforms":["135N","135S"],"northLabel":"Uptown & The Bronx","southLabel":"Downtown & Brooklyn"}},{"type":"Feature","geometry":{"type":"Point","coordinates":[-74.005367,40.728251]},"properties":{"stopId":"134","name":"Houston St","platforms":["134N","134S"],"northLabel":"Uptown & The Bronx","southLabel":"Downtown & Brooklyn"}},{"type":"Feature","geometry":{"type":"Point","coordinates":[-74.002906,40.733422]},"properties":{"stopId":"133","name":"Christopher St-Stonewall","platforms":["133N","133S"],"northLabel":"Uptown & The Bronx","southLabel":"Downtown & Brooklyn"}},{"type":"Feature","geometry":{"type":"Point","coordinates":[-74.000201,40.737826]},"properties":{"stopId":"132","name":"14 St","platforms":["132N","132S"],"northLabel":"Uptown & The Bronx","southLabel":"Downtown & Brooklyn"}},{"type":"Feature","geometry":{"type":"Point","coordinates":[-73.997871,40.74104]},"properties":{"stopId":"131","name":"18 St","platforms":["131N","131S"],"northLabel":"Uptown & The Bronx","southLabel":"Downtown & Brooklyn"}},{"type":"Feature","geometry":{"type":"Point","coordinates":[-73.995657,40.744081]},"properties":{"stopId":"130","name":"23 St","platforms":["130N","130S"],"northLabel":"Uptown & The Bronx","southLabel":"Downtown & Brooklyn"}},{"type":"Feature","geometry":{"type":"Point","coordinates":[-73.993365,40.747215]},"properties":{"stopId":"129","name":"28 St","platforms":["129N","129S"],"northLabel":"Uptown & The Bronx","southLabel":"Downtown & Brooklyn"}},{"type":"Feature","geometry":{"type":"Point","coordinates":[-73.991057,40.750373]},"properties":{"stopId":"128","name":"34 St-Penn Station","platforms":["128N","128S"],"northLabel":"Uptown & The Bronx","southLabel":"Downtown & Brooklyn"}},{"type":"Feature","geometry":{"type":"Point","coordinates":[-73.987495,40.75529]},"properties":{"stopId":"127","name":"Times Sq-42 St","platforms":["127N","127S"],"northLabel":"Uptown & The Bronx","southLabel":"Downtown & Brooklyn"}},{"type":"Feature","geometry":{"type":"Point","coordinates":[-73.983849,40.761728]},"properties":{"stopId":"126","name":"50 St","platforms":["126N","126S"],"northLabel":"Uptown & The Bronx","southLabel":"Downtown & Brooklyn"}},{"type":"Feature","geometry":{"type":"Point","coordinates":[-73.981929,40.768247]},"properties":{"stopId":"125","name":"59 St-Columbus Circle","platforms":["125N","125S"],"northLabel":"Uptown & The Bronx","southLabel":"Downtown & Brooklyn"}},{"type":"Feature","geometry":{"type":"Point","coordinates":[-73.982209,40.77344]},"properties":{"stopId":"124","name":"66 St-Lincoln Center","platforms":["124N","124S"],"northLabel":"Uptown & The Bronx","southLabel":"Downtown & Brooklyn"}},{"type":"Feature","geometry":{"type":"Point","coordinates":[-73.98197,40.778453]},"properties":{"stopId":"123","name":"72 St","platforms":["123N","123S"],"northLabel":"Uptown & The Bronx","southLabel":"Downtown & Brooklyn"}},{"type":"Feature","geometry":{"type":"Point","coordinates":[-73.979917,40.783934]},"properties":{"stopId":"122","name":"79 St","platforms":["122N","122S"],"northLabel":"Uptown & The Bronx","southLabel":"Downtown & Brooklyn"}},{"type":"Feature","geometry":{"type":"Point","coordinates":[-73.976218,40.788644]},"properties":{"stopId":"121","name":"86 St","platforms":["121N","121S"],"northLabel":"Uptown & The Bronx","southLabel":"Downtown & Brooklyn"}},{"type":"Feature","geometry":{"type":"Point","coordinates":[-73.972323,40.793919]},"properties":{"stopId":"120","name":"96 St","platforms":["120N","120S"],"northLabel":"Uptown & The Bronx","southLabel":"Downtown & Brooklyn"}},{"type":"Feature","geometry":{"type":"Point","coordinates":[-73.968379,40.799446]},"properties":{"stopId":"119","name":"103 St","platforms":["119N","119S"],"northLabel":"Uptown & The Bronx","southLabel":"Downtown"}},{"type":"Feature","geometry":{"type":"Point","coordinates":[-73.966847,40.803967]},"properties":{"stopId":"118","name":"Cathedral Pkwy (110 St)","platforms":["118N","118S"],"northLabel":"Uptown & The Bronx","southLabel":"Downtown"}},{"type":"Feature","geometry":{"type":"Point","coordinates":[-73.96411,40.807722]},"properties":{"stopId":"117","name":"116 St-Columbia University","platforms":["117N","117S"],"northLabel":"Uptown & The Bronx","southLabel":"Downtown"}},{"type":"Feature","geometry":{"type":"Point","coordinates":[-73.958372,40.815581]},"properties":{"stopId":"116","name":"125 St","platforms":["116N","116S"],"northLabel":"Uptown & The Bronx","southLabel":"Downtown"}},{"type":"Feature","geometry":{"type":"Point","coordinates":[-73.953676,40.822008]},"properties":{"stopId":"115","name":"137 St-City College","platforms":["115N","115S"],"northLabel":"Uptown & The Bronx","southLabel":"Downtown"}},{"type":"Feature","geometry":{"type":"Point","coordinates":[-73.95036,40.826551]},"properties":{"stopId":"114","name":"145 St","platforms":["114N","114S"],"northLabel":"Uptown & The Bronx","southLabel":"Downtown"}},{"type":"Feature","geometry":{"type":"Point","coordinates":[-73.94489,40.834041]},"properties":{"stopId":"113","name":"157 St","platforms":["113N","113S"],"northLabel":"Uptown & The Bronx","southLabel":"Downtown"}},{"type":"Feature","geometry":{"type":"Point","coordinates":[-73.940133,40.840556]},"properties":{"stopId":"112","name":"168 St-Washington Hts","platforms":["112N","112S"],"northLabel":"Uptown & The Bronx","southLabel":"Downtown"}},{"type":"Feature","geometry":{"type":"Point","coordinates":[-73.933596,40.849505]},"properties":{"stopId":"111","name":"181 St","platforms":["111N","111S"],"northLabel":"The Bronx","southLabel":"Downtown"}},{"type":"Feature","geometry":{"type":"Point","coordinates":[-73.929412,40.855225]},"properties":{"stopId":"110","name":"191 St","platforms":["110N","110S"],"northLabel":"The Bronx","southLabel":"Downtown"}},{"type":"Feature","geometry":{"type":"Point","coordinates":[-73.925536,40.860531]},"properties":{"stopId":"109","name":"Dyckman St","platforms":["109N","109S"],"northLabel":"The Bronx","southLabel":"Downtown"}},{"type":"Feature","geometry":{"type":"Point","coordinates":[-73.918822,40.864621]},"properties":{"stopId":"108","name":"207 St","platforms":["108N","108S"],"northLabel":"The Bronx","southLabel":"Downtown"}},{"type":"Feature","geometry":{"type":"Point","coordinates":[-73.915279,40.869444]},"properties":{"stopId":"107","name":"215 St","platforms":["107N","107S"],"northLabel":"The Bronx","southLabel":"Downtown"}},{"type":"Feature","geometry":{"type":"Point","coordinates":[-73.909831,40.874561]},"properties":{"stopId":"106","name":"Marble Hill-225 St","platforms":["106N","106S"],"northLabel":"The Bronx","southLabel":"Downtown"}},{"type":"Feature","geometry":{"type":"Point","coordinates":[-73.904834,40.878856]},"properties":{"stopId":"104","name":"231 St","platforms":["104N","104S"],"northLabel":"Van Cortlandt","southLabel":"Manhattan"}},{"type":"Feature","geometry":{"type":"Point","coordinates":[-73.90087,40.884667]},"properties":{"stopId":"103","name":"238 St","platforms":["103N","103S"],"northLabel":"Van Cortlandt","southLabel":"Manhattan"}},{"type":"Feature","geometry":{"type":"Point","coordinates":[-73.898583,40.889248]},"properties":{"stopId":"101","name":"Van Cortlandt Park-242 St","platforms":["101N","101S"],"northLabel":"Last Stop","southLabel":"Manhattan"}},{"type":"Feature","geometry":{"type":"Point","coordinates":[-73.947642,40.632836]},"properties":{"stopId":"247","name":"Flatbush Av-Brooklyn College","platforms":["247N","247S"],"northLabel":"Manhattan","southLabel":"Last Stop"}},{"type":"Feature","geometry":{"type":"Point","coordinates":[-73.948411,40.639967]},"properties":{"stopId":"246","name":"Newkirk Av-Little Haiti","platforms":["246N","246S"],"northLabel":"Manhattan","southLabel":"Flatbush"}},{"type":"Feature","geometry":{"type":"Point","coordinates":[-73.948959,40.645098]},"properties":{"stopId":"245","name":"Beverly Rd","platforms":["245N","245S"],"northLabel":"Manhattan","southLabel":"Flatbush"}},{"type":"Feature","geometry":{"type":"Point","coordinates":[-73.949575,40.650843]},"properties":{"stopId":"244","name":"Church Av","platforms":["244N","244S"],"northLabel":"Manhattan","southLabel":"Flatbush"}},{"type":"Feature","geometry":{"type":"Point","coordinates":[-73.9502,40.656652]},"properties":{"stopId":"243","name":"Winthrop St","platforms":["243N","243S"],"northLabel":"Manhattan","southLabel":"Flatbush"}},{"type":"Feature","geometry":{"type":"Point","coordinates":[-73.95085,40.662742]},"properties":{"stopId":"242","name":"Sterling St","platforms":["242N","242S"],"northLabel":"Manhattan","southLabel":"Flatbush"}},{"type":"Feature","geometry":{"type":"Point","coordinates":[-73.950683,40.667883]},"properties":{"stopId":"241","name":"President St-Medgar Evers College","platforms":["241N","241S"],"northLabel":"Manhattan","southLabel":"Flatbush"}},{"type":"Feature","geometry":{"type":"Point","coordinates":[-73.958131,40.670682]},"properties":{"stopId":"239","name":"Franklin Av-Medgar Evers College","platforms":["239N","239S"],"northLabel":"Manhattan","southLabel":"Outbound"}},{"type":"Feature","geometry":{"type":"Point","coordinates":[-73.964375,40.671987]},"properties":{"stopId":"238","name":"Eastern Pkwy-Brooklyn Museum","platforms":["238N","238S"],"northLabel":"Manhattan","southLabel":"Outbound"}},{"type":"Feature","geometry":{"type":"Point","coordinates":[-73.971046,40.675235]},"properties":{"stopId":"237","name":"Grand Army Plaza","platforms":["237N","237S"],"northLabel":"Manhattan","southLabel":"Outbound"}},{"type":"Feature","geometry":{"type":"Point","coordinates":[-73.975098,40.680829]},"properties":{"stopId":"236","name":"Bergen St","platforms":["236N","236S"],"northLabel":"Manhattan","southLabel":"Outbound"}},{"type":"Feature","geometry":{"type":"Point","coordinates":[-73.977666,40.684359]},"properties":{"stopId":"235","name":"Atlantic Av-Barclays Ctr","platforms":["235N","235S"],"northLabel":"Manhattan","southLabel":"Outbound"}},{"type":"Feature","geometry":{"type":"Point","coordinates":[-73.980492,40.688246]},"properties":{"stopId":"234","name":"Nevins St","platforms":["234N","234S"],"northLabel":"Manhattan","southLabel":"Outbound"}},{"type":"Feature","geometry":{"type":"Point","coordinates":[-73.985065,40.690545]},"properties":{"stopId":"233","name":"Hoyt St","platforms":["233N","233S"],"northLabel":"Manhattan","southLabel":"Outbound"}},{"type":"Feature","geometry":{"type":"Point","coordinates":[-73.989998,40.693219]},"properties":{"stopId":"232","name":"Borough Hall","platforms":["232N","232S"],"northLabel":"Manhattan","southLabel":"Outbound"}},{"type":"Feature","geometry":{"type":"Point","coordinates":[-73.993086,40.697466]},"properties":{"stopId":"231","name":"Clark St","platforms":["231N","231S"],"northLabel":"Manhattan","southLabel":"Outbound"}},{"type":"Feature","geometry":{"type":"Point","coordinates":[-74.0091,40.706821]},"properties":{"stopId":"230","name":"Wall St","platforms":["230N","230S"],"northLabel":"Uptown & The Bronx","southLabel":"Brooklyn"}},{"type":"Feature","geometry":{"type":"Point","coordinates":[-74.006571,40.709416]},"properties":{"stopId":"229","name":"Fulton St","platforms":["229N","229S"],"northLabel":"Uptown & The Bronx","southLabel":"Brooklyn"}},{"type":"Feature","geometry":{"type":"Point","coordinates":[-74.008811,40.713051]},"properties":{"stopId":"228","name":"Park Place","platforms":["228N","228S"],"northLabel":"Uptown & The Bronx","southLabel":"Brooklyn"}},{"type":"Feature","geometry":{"type":"Point","coordinates":[-73.951822,40.799075]},"properties":{"stopId":"227","name":"110 St-Malcolm X Plaza","platforms":["227N","227S"],"northLabel":"Uptown & The Bronx","southLabel":"Downtown & Brooklyn"}},{"type":"Feature","geometry":{"type":"Point","coordinates":[-73.949625,40.802098]},"properties":{"stopId":"226","name":"116 St","platforms":["226N","226S"],"northLabel":"Uptown & The Bronx","southLabel":"Downtown & Brooklyn"}},{"type":"Feature","geometry":{"type":"Point","coordinates":[-73.945495,40.807754]},"properties":{"stopId":"225","name":"125 St","platforms":["225N","225S"],"northLabel":"Uptown & The Bronx","southLabel":"Downtown & Brooklyn"}},{"type":"Feature","geometry":{"type":"Point","coordinates":[-73.94077,40.814229]},"properties":{"stopId":"224","name":"135 St","platforms":["224N","224S"],"northLabel":"Uptown & The Bronx","southLabel":"Downtown & Brooklyn"}},{"type":"Feature","geometry":{"type":"Point","coordinates":[-73.926718,40.81841]},"properties":{"stopId":"222","name":"149 St-Grand Concourse","platforms":["222N","222S"],"northLabel":"Northbound","southLabel":"Manhattan"}},{"type":"Feature","geometry":{"type":"Point","coordinates":[-73.917757,40.816109]},"properties":{"stopId":"221","name":"3 Av-149 St","platforms":["221N","221S"],"northLabel":"Northbound","southLabel":"Manhattan"}},{"type":"Feature","geometry":{"type":"Point","coordinates":[-73.907807,40.81649]},"properties":{"stopId":"220","name":"Jackson Av","platforms":["220N","220S"],"northLabel":"Northbound","southLabel":"Manhattan"}},{"type":"Feature","geometry":{"type":"Point","coordinates":[-73.90177,40.819585]},"properties":{"stopId":"219","name":"Prospect Av","platforms":["219N","219S"],"northLabel":"Northbound","southLabel":"Manhattan"}},{"type":"Feature","geometry":{"type":"Point","coordinates":[-73.896736,40.822181]},"properties":{"stopId":"218","name":"Intervale Av","platforms":["218N","218S"],"northLabel":"Northbound","southLabel":"Manhattan"}},{"type":"Feature","geometry":{"type":"Point","coordinates":[-73.893064,40.824073]},"properties":{"stopId":"217","name":"Simpson St","platforms":["217N","217S"],"northLabel":"Northbound","southLabel":"Manhattan"}},{"type":"Feature","geometry":{"type":"Point","coordinates":[-73.891865,40.829993]},"properties":{"stopId":"216","name":"Freeman St","platforms":["216N","216S"],"northLabel":"Northbound","southLabel":"Manhattan"}},{"type":"Feature","geometry":{"type":"Point","coordinates":[-73.887734,40.837288]},"properties":{"stopId":"215","name":"174 St","platforms":["215N","215S"],"northLabel":"Northbound","southLabel":"Manhattan"}},{"type":"Feature","geometry":{"type":"Point","coordinates":[-73.880049,40.840295]},"properties":{"stopId":"214","name":"West Farms Sq-E Tremont Av","platforms":["214N","214S"],"northLabel":"Northbound","southLabel":"Manhattan"}},{"type":"Feature","geometry":{"type":"Point","coordinates":[-73.873488,40.841894]},"properties":{"stopId":"213","name":"E 180 St","platforms":["213N","213S"],"northLabel":"Northbound","southLabel":"Manhattan"}},{"type":"Feature","geometry":{"type":"Point","coordinates":[-73.868457,40.848828]},"properties":{"stopId":"212","name":"Bronx Park East","platforms":["212N","212S"],"northLabel":"Northbound","southLabel":"Manhattan"}},{"type":"Feature","geometry":{"type":"Point","coordinates":[-73.867615,40.857192]},"properties":{"stopId":"211","name":"Pelham Pkwy","platforms":["211N","211S"],"northLabel":"Northbound","southLabel":"Manhattan"}},{"type":"Feature","geometry":{"type":"Point","coordinates":[-73.867352,40.865462]},"properties":{"stopId":"210","name":"Allerton Av","platforms":["210N","210S"],"northLabel":"Northbound","southLabel":"Manhattan"}},{"type":"Feature","geometry":{"type":"Point","coordinates":[-73.867164,40.871356]},"properties":{"stopId":"209","name":"Burke Av","platforms":["209N","209S"],"northLabel":"Northbound","southLabel":"Manhattan"}},{"type":"Feature","geometry":{"type":"Point","coordinates":[-73.866256,40.87785]},"properties":{"stopId":"208","name":"Gun Hill Rd","platforms":["208N","208S"],"northLabel":"Northbound","southLabel":"Manhattan"}},{"type":"Feature","geometry":{"type":"Point","coordinates":[-73.862633,40.883895]},"properties":{"stopId":"207","name":"219 St","platforms":["207N","207S"],"northLabel":"Northbound","southLabel":"Manhattan"}},{"type":"Feature","geometry":{"type":"Point","coordinates":[-73.860341,40.888022]},"properties":{"stopId":"206","name":"225 St","platforms":["206N","206S"],"northLabel":"Northbound","southLabel":"Manhattan"}},{"type":"Feature","geometry":{"type":"Point","coordinates":[-73.857473,40.893193]},"properties":{"stopId":"205","name":"233 St","platforms":["205N","205S"],"northLabel":"Northbound","southLabel":"Manhattan"}},{"type":"Feature","geometry":{"type":"Point","coordinates":[-73.854376,40.898379]},"properties":{"stopId":"204","name":"Nereid Av","platforms":["204N","204S"],"northLabel":"Northbound","southLabel":"Manhattan"}},{"type":"Feature","geometry":{"type":"Point","coordinates":[-73.85062,40.903125]},"properties":{"stopId":"201","name":"Wakefield-241 St","platforms":["201N","201S"],"northLabel":"Last Stop","southLabel":"Manhattan"}},{"type":"Feature","geometry":{"type":"Point","coordinates":[-73.884079,40.666235]},"properties":{"stopId":"257","name":"New Lots Av","platforms":["257N","257S"],"northLabel":"Manhattan","southLabel":"Last Stop"}},{"type":"Feature","geometry":{"type":"Point","coordinates":[-73.889395,40.665449]},"properties":{"stopId":"256","name":"Van Siclen Av","platforms":["256N","256S"],"northLabel":"Manhattan","southLabel":"New Lots"}},{"type":"Feature","geometry":{"type":"Point","coordinates":[-73.894895,40.664635]},"properties":{"stopId":"255","name":"Pennsylvania Av","platforms":["255N","255S"],"northLabel":"Manhattan","southLabel":"New Lots"}},{"type":"Feature","geometry":{"type":"Point","coordinates":[-73.902447,40.663515]},"properties":{"stopId":"254","name":"Junius St","platforms":["254N","254S"],"northLabel":"Manhattan","southLabel":"New Lots"}},{"type":"Feature","geometry":{"type":"Point","coordinates":[-73.908946,40.662549]},"properties":{"stopId":"253","name":"Rockaway Av","platforms":["253N","253S"],"northLabel":"Manhattan","southLabel":"New Lots"}},{"type":"Feature","geometry":{"type":"Point","coordinates":[-73.916327,40.661453]},"properties":{"stopId":"252","name":"Saratoga Av","platforms":["252N","252S"],"northLabel":"Manhattan","southLabel":"New Lots"}},{"type":"Feature","geometry":{"type":"Point","coordinates":[-73.92261,40.664717]},"properties":{"stopId":"251","name":"Sutter Av-Rutland Rd","platforms":["251N","251S"],"northLabel":"Manhattan","southLabel":"New Lots"}},{"type":"Feature","geometry":{"type":"Point","coordinates":[-73.932942,40.668897]},"properties":{"stopId":"250","name":"Crown Hts-Utica Av","platforms":["250N","250S"],"northLabel":"Manhattan","southLabel":"Outbound"}},{"type":"Feature","geometry":{"type":"Point","coordinates":[-73.942161,40.669399]},"properties":{"stopId":"249","name":"Kingston Av","platforms":["249N","249S"],"northLabel":"Manhattan","southLabel":"Outbound"}},{"type":"Feature","geometry":{"type":"Point","coordinates":[-73.950466,40.669847]},"properties":{"stopId":"248","name":"Nostrand Av","platforms":["248N","248S"],"northLabel":"Manhattan","southLabel":"Outbound"}},{"type":"Feature","geometry":{"type":"Point","coordinates":[-73.936245,40.820421]},"properties":{"stopId":"302","name":"145 St","platforms":["302N","302S"],"northLabel":"Harlem","southLabel":"Downtown & Brooklyn"}},{"type":"Feature","geometry":{"type":"Point","coordinates":[-73.93647,40.82388]},"properties":{"stopId":"301","name":"Harlem-148 St","platforms":["301N","301S"],"northLabel":"Last Stop","southLabel":"Downtown & Brooklyn"}},{"type":"Feature","geometry":{"type":"Point","coordinates":[-73.990151,40.692404]},"properties":{"stopId":"423","name":"Borough Hall","platforms":["423N","423S"],"northLabel":"Manhattan","southLabel":"Outbound"}},{"type":"Feature","geometry":{"type":"Point","coordinates":[-74.014065,40.704817]},"properties":{"stopId":"420","name":"Bowling Green","platforms":["420N","420S"],"northLabel":"Uptown & The Bronx","southLabel":"Downtown & Brooklyn"}},{"type":"Feature","geometry":{"type":"Point","coordinates":[-74.011862,40.707557]},"properties":{"stopId":"419","name":"Wall St","platforms":["419N","419S"],"northLabel":"Uptown & The Bronx","southLabel":"Downtown & Brooklyn"}},{"type":"Feature","geometry":{"type":"Point","coordinates":[-74.009509,40.710368]},"properties":{"stopId":"418","name":"Fulton St","platforms":["418N","418S"],"northLabel":"Uptown & The Bronx","southLabel":"Downtown & Brooklyn"}},{"type":"Feature","geometry":{"type":"Point","coordinates":[-74.004131,40.713065]},"properties":{"stopId":"640","name":"Brooklyn Bridge-City Hall","platforms":["640N","640S"],"northLabel":"Uptown & The Bronx","southLabel":"Downtown & Brooklyn"}},{"type":"Feature","geometry":{"type":"Point","coordinates":[-74.000193,40.718803]},"properties":{"stopId":"639","name":"Canal St","platforms":["639N","639S"],"northLabel":"Uptown & The Bronx","southLabel":"Downtown & Brooklyn"}},{"type":"Feature","geometry":{"type":"Point","coordinates":[-73.997141,40.722301]},"properties":{"stopId":"638","name":"Spring St","platforms":["638N","638S"],"northLabel":"Uptown & The Bronx","southLabel":"Downtown & Brooklyn"}},{"type":"Feature","geometry":{"type":"Point","coordinates":[-73.994659,40.725915]},"properties":{"stopId":"637","name":"Bleecker St","platforms":["637N","637S"],"northLabel":"Uptown & The Bronx","southLabel":"Downtown & Brooklyn"}},{"type":"Feature","geometry":{"type":"Point","coordinates":[-73.99107,40.730054]},"properties":{"stopId":"636","name":"Astor Pl","platforms":["636N","636S"],"northLabel":"Uptown & The Bronx","southLabel":"Downtown & Brooklyn"}},{"type":"Feature","geometry":{"type":"Point","coordinates":[-73.989951,40.734673]},"properties":{"stopId":"635","name":"14 St-Union Sq","platforms":["635N","635S"],"northLabel":"Uptown & The Bronx","southLabel":"Downtown & Brooklyn"}},{"type":"Feature","geometry":{"type":"Point","coordinates":[-73.986599,40.739864]},"properties":{"stopId":"634","name":"23 St-Baruch College","platforms":["634N","634S"],"northLabel":"Uptown & The Bronx","southLabel":"Downtown & Brooklyn"}},{"type":"Feature","geometry":{"type":"Point","coordinates":[-73.984264,40.74307]},"properties":{"stopId":"633","name":"28 St","platforms":["633N","633S"],"northLabel":"Uptown & The Bronx","southLabel":"Downtown & Brooklyn"}},{"type":"Feature","geometry":{"type":"Point","coordinates":[-73.982076,40.746081]},"properties":{"stopId":"632","name":"33 St","platforms":["632N","632S"],"northLabel":"Uptown & The Bronx","southLabel":"Downtown & Brooklyn"}},{"type":"Feature","geometry":{"type":"Point","coordinates":[-73.976848,40.751776]},"properties":{"stopId":"631","name":"Grand Central-42 St","platforms":["631N","631S"],"northLabel":"Uptown & The Bronx","southLabel":"Downtown & Brooklyn"}},{"type":"Feature","geometry":{"type":"Point","coordinates":[-73.97192,40.757107]},"properties":{"stopId":"630","name":"51 St","platforms":["630N","630S"],"northLabel":"Uptown & The Bronx","southLabel":"Downtown & Brooklyn"}},{"type":"Feature","geometry":{"type":"Point","coordinates":[-73.967967,40.762526]},"properties":{"stopId":"629","name":"59 St","platforms":["629N","629S"],"northLabel":"Uptown & The Bronx","southLabel":"Downtown & Brooklyn"}},{"type":"Feature","geometry":{"type":"Point","coordinates":[-73.96387,40.768141]},"properties":{"stopId":"628","name":"68 St-Hunter College","platforms":["628N","628S"],"northLabel":"Uptown & The Bronx","southLabel":"Downtown & Brooklyn"}},{"type":"Feature","geometry":{"type":"Point","coordinates":[-73.959874,40.77362]},"properties":{"stopId":"627","name":"77 St","platforms":["627N","627S"],"northLabel":"Uptown & The Bronx","southLabel":"Downtown & Brooklyn"}},{"type":"Feature","geometry":{"type":"Point","coordinates":[-73.955589,40.779492]},"properties":{"stopId":"626","name":"86 St","platforms":["626N","626S"],"northLabel":"Uptown & The Bronx","southLabel":"Downtown & Brooklyn"}},{"type":"Feature","geometry":{"type":"Point","coordinates":[-73.95107,40.785672]},"properties":{"stopId":"625","name":"96 St","platforms":["625N","625S"],"northLabel":"The Bronx","southLabel":"Downtown & Brooklyn"}},{"type":"Feature","geometry":{"type":"Point","coordinates":[-73.947478,40.7906]},"properties":{"stopId":"624","name":"103 St","platforms":["624N","624S"],"northLabel":"The Bronx","southLabel":"Downtown & Brooklyn"}},{"type":"Feature","geometry":{"type":"Point","coordinates":[-73.94425,40.79502]},"properties":{"stopId":"623","name":"110 St","platforms":["623N","623S"],"northLabel":"The Bronx","southLabel":"Downtown & Brooklyn"}},{"type":"Feature","geometry":{"type":"Point","coordinates":[-73.941617,40.798629]},"properties":{"stopId":"622","name":"116 St","platforms":["622N","622S"],"northLabel":"The Bronx","southLabel":"Downtown & Brooklyn"}},{"type":"Feature","geometry":{"type":"Point","coordinates":[-73.937594,40.804138]},"properties":{"stopId":"621","name":"125 St","platforms":["621N","621S"],"northLabel":"The Bronx","southLabel":"Downtown & Brooklyn"}},{"type":"Feature","geometry":{"type":"Point","coordinates":[-73.929849,40.813224]},"properties":{"stopId":"416","name":"138 St-Grand Concourse","platforms":["416N","416S"],"northLabel":"Northbound","southLabel":"Manhattan"}},{"type":"Feature","geometry":{"type":"Point","coordinates":[-73.927351,40.818375]},"properties":{"stopId":"415","name":"149 St-Grand Concourse","platforms":["415N","415S"],"northLabel":"Northbound","southLabel":"Manhattan"}},{"type":"Feature","geometry":{"type":"Point","coordinates":[-73.925831,40.827994]},"properties":{"stopId":"414","name":"161 St-Yankee Stadium","platforms":["414N","414S"],"northLabel":"Northbound","southLabel":"Manhattan"}},{"type":"Feature","geometry":{"type":"Point","coordinates":[-73.9214,40.835537]},"properties":{"stopId":"413","name":"167 St","platforms":["413N","413S"],"northLabel":"Northbound","southLabel":"Manhattan"}},{"type":"Feature","geometry":{"type":"Point","coordinates":[-73.917791,40.840075]},"properties":{"stopId":"412","name":"170 St","platforms":["412N","412S"],"northLabel":"Northbound","southLabel":"Manhattan"}},{"type":"Feature","geometry":{"type":"Point","coordinates":[-73.914685,40.844434]},"properties":{"stopId":"411","name":"Mt Eden Av","platforms":["411N","411S"],"northLabel":"Northbound","southLabel":"Manhattan"}},{"type":"Feature","geometry":{"type":"Point","coordinates":[-73.911794,40.84848]},"properties":{"stopId":"410","name":"176 St","platforms":["410N","410S"],"northLabel":"Northbound","southLabel":"Manhattan"}},{"type":"Feature","geometry":{"type":"Point","coordinates":[-73.907684,40.853453]},"properties":{"stopId":"409","name":"Burnside Av","platforms":["409N","409S"],"northLabel":"Northbound","southLabel":"Manhattan"}},{"type":"Feature","geometry":{"type":"Point","coordinates":[-73.903879,40.858407]},"properties":{"stopId":"408","name":"183 St","platforms":["408N","408S"],"northLabel":"Northbound","southLabel":"Manhattan"}},{"type":"Feature","geometry":{"type":"Point","coordinates":[-73.901034,40.862803]},"properties":{"stopId":"407","name":"Fordham Rd","platforms":["407N","407S"],"northLabel":"Northbound","southLabel":"Manhattan"}},{"type":"Feature","geometry":{"type":"Point","coordinates":[-73.897174,40.86776]},"properties":{"stopId":"406","name":"Kingsbridge Rd","platforms":["406N","406S"],"northLabel":"Northbound","southLabel":"Manhattan"}},{"type":"Feature","geometry":{"type":"Point","coordinates":[-73.890064,40.873412]},"properties":{"stopId":"405","name":"Bedford Park Blvd-Lehman College","platforms":["405N","405S"],"northLabel":"Northbound","southLabel":"Manhattan"}},{"type":"Feature","geometry":{"type":"Point","coordinates":[-73.884655,40.87975]},"properties":{"stopId":"402","name":"Mosholu Pkwy","platforms":["402N","402S"],"northLabel":"Woodlawn","southLabel":"Manhattan"}},{"type":"Feature","geometry":{"type":"Point","coordinates":[-73.878751,40.886037]},"properties":{"stopId":"401","name":"Woodlawn","platforms":["401N","401S"],"northLabel":"Last Stop","southLabel":"Manhattan"}},{"type":"Feature","geometry":{"type":"Point","coordinates":[-73.860495,40.854364]},"properties":{"stopId":"505","name":"Morris Park","platforms":["505N","505S"],"northLabel":"Eastchester","southLabel":"Manhattan"}},{"type":"Feature","geometry":{"type":"Point","coordinates":[-73.855359,40.858985]},"properties":{"stopId":"504","name":"Pelham Pkwy","platforms":["504N","504S"],"northLabel":"Eastchester","southLabel":"Manhattan"}},{"type":"Feature","geometry":{"type":"Point","coordinates":[-73.846384,40.869526]},"properties":{"stopId":"503","name":"Gun Hill Rd","platforms":["503N","503S"],"northLabel":"Eastchester","southLabel":"Manhattan"}},{"type":"Feature","geometry":{"type":"Point","coordinates":[-73.838591,40.878663]},"properties":{"stopId":"502","name":"Baychester Av","platforms":["502N","502S"],"northLabel":"Eastchester","southLabel":"Manhattan"}},{"type":"Feature","geometry":{"type":"Point","coordinates":[-73.830834,40.8883]},"properties":{"stopId":"501","name":"Eastchester-Dyre Av","platforms":["501N","501S"],"northLabel":"Last Stop","southLabel":"Manhattan"}},{"type":"Feature","geometry":{"type":"Point","coordinates":[-73.926138,40.810476]},"properties":{"stopId":"619","name":"3 Av-138 St","platforms":["619N","619S"],"northLabel":"Northbound","southLabel":"Manhattan"}},{"type":"Feature","geometry":{"type":"Point","coordinates":[-73.91924,40.807566]},"properties":{"stopId":"618","name":"Brook Av","platforms":["618N","618S"],"northLabel":"Northbound","southLabel":"Manhattan"}},{"type":"Feature","geometry":{"type":"Point","coordinates":[-73.914042,40.805368]},"properties":{"stopId":"617","name":"Cypress Av","platforms":["617N","617S"],"northLabel":"Northbound","southLabel":"Manhattan"}},{"type":"Feature","geometry":{"type":"Point","coordinates":[-73.907657,40.808719]},"properties":{"stopId":"616","name":"E 143 St-St Mary's St","platforms":["616N","616S"],"northLabel":"Northbound","southLabel":"Manhattan"}},{"type":"Feature","geometry":{"type":"Point","coordinates":[-73.904098,40.812118]},"properties":{"stopId":"615","name":"E 149 St","platforms":["615N","615S"],"northLabel":"Northbound","southLabel":"Manhattan"}},{"type":"Feature","geometry":{"type":"Point","coordinates":[-73.896435,40.816104]},"properties":{"stopId":"614","name":"Longwood Av","platforms":["614N","614S"],"northLabel":"Northbound","southLabel":"Manhattan"}},{"type":"Feature","geometry":{"type":"Point","coordinates":[-73.890549,40.820948]},"properties":{"stopId":"613","name":"Hunts Point Av","platforms":["613N","613S"],"northLabel":"Northbound","southLabel":"Manhattan"}},{"type":"Feature","geometry":{"type":"Point","coordinates":[-73.886283,40.826525]},"properties":{"stopId":"612","name":"Whitlock Av","platforms":["612N","612S"],"northLabel":"Northbound","southLabel":"Manhattan"}},{"type":"Feature","geometry":{"type":"Point","coordinates":[-73.879159,40.828584]},"properties":{"stopId":"611","name":"Elder Av","platforms":["611N","611S"],"northLabel":"Northbound","southLabel":"Manhattan"}},{"type":"Feature","geometry":{"type":"Point","coordinates":[-73.874516,40.829521]},"properties":{"stopId":"610","name":"Morrison Av-Soundview","platforms":["610N","610S"],"northLabel":"Northbound","southLabel":"Manhattan"}},{"type":"Feature","geometry":{"type":"Point","coordinates":[-73.867618,40.831509]},"properties":{"stopId":"609","name":"St Lawrence Av","platforms":["609N","609S"],"northLabel":"Northbound","southLabel":"Manhattan"}},{"type":"Feature","geometry":{"type":"Point","coordinates":[-73.860816,40.833226]},"properties":{"stopId":"608","name":"Parkchester","platforms":["608N","608S"],"northLabel":"Northbound","southLabel":"Manhattan"}},{"type":"Feature","geometry":{"type":"Point","coordinates":[-73.851222,40.834255]},"properties":{"stopId":"607","name":"Castle Hill Av","platforms":["607N","607S"],"northLabel":"Pelham Bay","southLabel":"Manhattan"}},{"type":"Feature","geometry":{"type":"Point","coordinates":[-73.847036,40.836488]},"properties":{"stopId":"606","name":"Zerega Av","platforms":["606N","606S"],"northLabel":"Pelham Bay","southLabel":"Manhattan"}},{"type":"Feature","geometry":{"type":"Point","coordinates":[-73.842952,40.839892]},"properties":{"stopId":"604","name":"Westchester Sq-E Tremont Av","platforms":["604N","604S"],"northLabel":"Pelham Bay","southLabel":"Manhattan"}},{"type":"Feature","geometry":{"type":"Point","coordinates":[-73.836322,40.843863]},"properties":{"stopId":"603","name":"Middletown Rd","platforms":["603N","603S"],"northLabel":"Pelham Bay","southLabel":"Manhattan"}},{"type":"Feature","geometry":{"type":"Point","coordinates":[-73.832569,40.84681]},"properties":{"stopId":"602","name":"Buhre Av","platforms":["602N","602S"],"northLabel":"Pelham Bay","southLabel":"Manhattan"}},{"type":"Feature","geometry":{"type":"Point","coordinates":[-73.828121,40.852462]},"properties":{"stopId":"601","name":"Pelham Bay Park","platforms":["601N","601S"],"northLabel":"Last Stop","southLabel":"Manhattan"}},{"type":"Feature","geometry":{"type":"Point","coordinates":[-74.00191,40.755882]},"properties":{"stopId":"726","name":"34 St-Hudson Yards","platforms":["726N","726S"],"northLabel":"Last Stop","southLabel":"Queens"}},{"type":"Feature","geometry":{"type":"Point","coordinates":[-73.987691,40.755477]},"properties":{"stopId":"725","name":"Times Sq-42 St","platforms":["725N","725S"],"northLabel":"Queens","southLabel":"Hudson Yards"}},{"type":"Feature","geometry":{"type":"Point","coordinates":[-73.981963,40.753821]},"properties":{"stopId":"724","name":"5 Av","platforms":["724N","724S"],"northLabel":"Queens","southLabel":"Hudson Yards"}},{"type":"Feature","geometry":{"type":"Point","coordinates":[-73.976041,40.751431]},"properties":{"stopId":"723","name":"Grand Central-42 St","platforms":["723N","723S"],"northLabel":"Queens","southLabel":"Hudson Yards"}},{"type":"Feature","geometry":{"type":"Point","coordinates":[-73.953581,40.742626]},"properties":{"stopId":"721","name":"Vernon Blvd-Jackson Av","platforms":["721N","721S"],"northLabel":"Outbound","southLabel":"Manhattan"}},{"type":"Feature","geometry":{"type":"Point","coordinates":[-73.948916,40.742216]},"properties":{"stopId":"720","name":"Hunters Point Av","platforms":["720N","720S"],"northLabel":"Outbound","southLabel":"Manhattan"}},{"type":"Feature","geometry":{"type":"Point","coordinates":[-73.945264,40.747023]},"properties":{"stopId":"719","name":"Court Sq","platforms":["719N","719S"],"northLabel":"Outbound","southLabel":"Manhattan"}},{"type":"Feature","geometry":{"type":"Point","coordinates":[-73.940202,40.750582]},"properties":{"stopId":"718","name":"Queensboro Plaza","platforms":["718N","718S"],"northLabel":"Outbound","southLabel":"Manhattan"}},{"type":"Feature","geometry":{"type":"Point","coordinates":[-73.930997,40.744587]},"properties":{"stopId":"716","name":"33 St-Rawson St","platforms":["716N","716S"],"northLabel":"Outbound","southLabel":"Manhattan"}},{"type":"Feature","geometry":{"type":"Point","coordinates":[-73.924016,40.743781]},"properties":{"stopId":"715","name":"40 St-Lowery St","platforms":["715N","715S"],"northLabel":"Outbound","southLabel":"Manhattan"}},{"type":"Feature","geometry":{"type":"Point","coordinates":[-73.918435,40.743132]},"properties":{"stopId":"714","name":"46 St-Bliss St","platforms":["714N","714S"],"northLabel":"Outbound","southLabel":"Manhattan"}},{"type":"Feature","geometry":{"type":"Point","coordinates":[-73.902984,40.74563]},"properties":{"stopId":"712","name":"61 St-Woodside","platforms":["712N","712S"],"northLabel":"Outbound","southLabel":"Manhattan"}},{"type":"Feature","geometry":{"type":"Point","coordinates":[-73.869527,40.749145]},"properties":{"stopId":"707","name":"Junction Blvd","platforms":["707N","707S"],"northLabel":"Outbound","southLabel":"Manhattan"}},{"type":"Feature","geometry":{"type":"Point","coordinates":[-73.845625,40.754622]},"properties":{"stopId":"702","name":"Mets-Willets Point","platforms":["702N","702S"],"northLabel":"Outbound","southLabel":"Manhattan"}},{"type":"Feature","geometry":{"type":"Point","coordinates":[-73.83003,40.7596]},"properties":{"stopId":"701","name":"Flushing-Main St","platforms":["701N","701S"],"northLabel":"Last Stop","southLabel":"Manhattan"}},{"type":"Feature","geometry":{"type":"Point","coordinates":[-73.891394,40.746848]},"properties":{"stopId":"710","name":"74 St-Broadway","platforms":["710N","710S"],"northLabel":"Outbound","southLabel":"Manhattan"}},{"type":"Feature","geometry":{"type":"Point","coordinates":[-73.883697,40.747659]},"properties":{"stopId":"709","name":"82 St-Jackson Hts","platforms":["709N","709S"],"northLabel":"Outbound","southLabel":"Manhattan"}},{"type":"Feature","geometry":{"type":"Point","coordinates":[-73.876613,40.748408]},"properties":{"stopId":"708","name":"90 St-Elmhurst Av","platforms":["708N","708S"],"northLabel":"Outbound","southLabel":"Manhattan"}},{"type":"Feature","geometry":{"type":"Point","coordinates":[-73.8627,40.749865]},"properties":{"stopId":"706","name":"103 St-Corona Plaza","platforms":["706N","706S"],"northLabel":"Outbound","southLabel":"Manhattan"}},{"type":"Feature","geometry":{"type":"Point","coordinates":[-73.855334,40.75173]},"properties":{"stopId":"705","name":"111 St","platforms":["705N","705S"],"northLabel":"Outbound","southLabel":"Manhattan"}},{"type":"Feature","geometry":{"type":"Point","coordinates":[-73.896403,40.746325]},"properties":{"stopId":"711","name":"69 St","platforms":["711N","711S"],"northLabel":"Outbound","southLabel":"Manhattan"}},{"type":"Feature","geometry":{"type":"Point","coordinates":[-73.912549,40.744149]},"properties":{"stopId":"713","name":"52 St","platforms":["713N","713S"],"northLabel":"Outbound","southLabel":"Manhattan"}},{"type":"Feature","geometry":{"type":"Point","coordinates":[-73.755405,40.603995]},"properties":{"stopId":"H11","name":"Far Rockaway-Mott Av","platforms":["H11N","H11S"],"northLabel":"Manhattan","southLabel":"Last Stop"}},{"type":"Feature","geometry":{"type":"Point","coordinates":[-73.761353,40.600066]},"properties":{"stopId":"H10","name":"Beach 25 St","platforms":["H10N","H10S"],"northLabel":"Manhattan","southLabel":"Far Rockaway"}},{"type":"Feature","geometry":{"type":"Point","coordinates":[-73.768175,40.595398]},"properties":{"stopId":"H09","name":"Beach 36 St","platforms":["H09N","H09S"],"northLabel":"Manhattan","southLabel":"Far Rockaway"}},{"type":"Feature","geometry":{"type":"Point","coordinates":[-73.776013,40.592943]},"properties":{"stopId":"H08","name":"Beach 44 St","platforms":["H08N","H08S"],"northLabel":"Manhattan","southLabel":"Far Rockaway"}},{"type":"Feature","geometry":{"type":"Point","coordinates":[-73.788522,40.592374]},"properties":{"stopId":"H07","name":"Beach 60 St","platforms":["H07N","H07S"],"northLabel":"Manhattan","southLabel":"Far Rockaway"}},{"type":"Feature","geometry":{"type":"Point","coordinates":[-73.796924,40.590927]},"properties":{"stopId":"H06","name":"Beach 67 St","platforms":["H06N","H06S"],"northLabel":"Manhattan","southLabel":"Far Rockaway"}},{"type":"Feature","geometry":{"type":"Point","coordinates":[-73.815925,40.608382]},"properties":{"stopId":"H04","name":"Broad Channel","platforms":["H04N","H04S"],"northLabel":"Inbound","southLabel":"Rockaways"}},{"type":"Feature","geometry":{"type":"Point","coordinates":[-73.830301,40.660476]},"properties":{"stopId":"H03","name":"Howard Beach-JFK Airport","platforms":["H03N","H03S"],"northLabel":"Manhattan","southLabel":"Rockaways"}},{"type":"Feature","geometry":{"type":"Point","coordinates":[-73.834058,40.668234]},"properties":{"stopId":"H02","name":"Aqueduct-N Conduit Av","platforms":["H02N","H02S"],"northLabel":"Manhattan","southLabel":"Rockaways"}},{"type":"Feature","geometry":{"type":"Point","coordinates":[-73.835919,40.672097]},"properties":{"stopId":"H01","name":"Aqueduct Racetrack","platforms":["H01N","H01S"],"northLabel":"Manhattan","southLabel":"Rockaways"}},{"type":"Feature","geometry":{"type":"Point","coordinates":[-73.843853,40.680429]},"properties":{"stopId":"A61","name":"Rockaway Blvd","platforms":["A61N","A61S"],"northLabel":"Manhattan","southLabel":"Outbound"}},{"type":"Feature","geometry":{"type":"Point","coordinates":[-73.85147,40.679843]},"properties":{"stopId":"A60","name":"88 St","platforms":["A60N","A60S"],"northLabel":"Manhattan","southLabel":"Outbound"}},{"type":"Feature","geometry":{"type":"Point","coordinates":[-73.858992,40.679371]},"properties":{"stopId":"A59","name":"80 St","platforms":["A59N","A59S"],"northLabel":"Manhattan","southLabel":"Outbound"}},{"type":"Feature","geometry":{"type":"Point","coordinates":[-73.86505,40.677044]},"properties":{"stopId":"A57","name":"Grant Av","platforms":["A57N","A57S"],"northLabel":"Manhattan","southLabel":"Queens"}},{"type":"Feature","geometry":{"type":"Point","coordinates":[-73.872106,40.675377]},"properties":{"stopId":"A55","name":"Euclid Av","platforms":["A55N","A55S"],"northLabel":"Manhattan","southLabel":"Queens"}},{"type":"Feature","geometry":{"type":"Point","coordinates":[-73.88075,40.67413]},"properties":{"stopId":"A54","name":"Shepherd Av","platforms":["A54N","A54S"],"northLabel":"Manhattan","southLabel":"Outbound"}},{"type":"Feature","geometry":{"type":"Point","coordinates":[-73.890358,40.67271]},"properties":{"stopId":"A53","name":"Van Siclen Av","platforms":["A53N","A53S"],"northLabel":"Manhattan","southLabel":"Outbound"}},{"type":"Feature","geometry":{"type":"Point","coordinates":[-73.896548,40.674542]},"properties":{"stopId":"A52","name":"Liberty Av","platforms":["A52N","A52S"],"northLabel":"Manhattan","southLabel":"Outbound"}},{"type":"Feature","geometry":{"type":"Point","coordinates":[-73.905316,40.678334]},"properties":{"stopId":"A51","name":"Broadway Junction","platforms":["A51N","A51S"],"northLabel":"Manhattan","southLabel":"Outbound"}},{"type":"Feature","geometry":{"type":"Point","coordinates":[-73.911946,40.67834]},"properties":{"stopId":"A50","name":"Rockaway Av","platforms":["A50N","A50S"],"northLabel":"Manhattan","southLabel":"Outbound"}},{"type":"Feature","geometry":{"type":"Point","coordinates":[-73.920786,40.678822]},"properties":{"stopId":"A49","name":"Ralph Av","platforms":["A49N","A49S"],"northLabel":"Manhattan","southLabel":"Outbound"}},{"type":"Feature","geometry":{"type":"Point","coordinates":[-73.930729,40.679364]},"properties":{"stopId":"A48","name":"Utica Av","platforms":["A48N","A48S"],"northLabel":"Manhattan","southLabel":"Outbound"}},{"type":"Feature","geometry":{"type":"Point","coordinates":[-73.940858,40.679921]},"properties":{"stopId":"A47","name":"Kingston-Throop Avs","platforms":["A47N","A47S"],"northLabel":"Manhattan","southLabel":"Outbound"}},{"type":"Feature","geometry":{"type":"Point","coordinates":[-73.950426,40.680438]},"properties":{"stopId":"A46","name":"Nostrand Av","platforms":["A46N","A46S"],"northLabel":"Manhattan","southLabel":"Outbound"}},{"type":"Feature","geometry":{"type":"Point","coordinates":[-73.956848,40.68138]},"properties":{"stopId":"A45","name":"Franklin Av","platforms":["A45N","A45S"],"northLabel":"Manhattan","southLabel":"Outbound"}},{"type":"Feature","geometry":{"type":"Point","coordinates":[-73.965838,40.683263]},"properties":{"stopId":"A44","name":"Clinton-Washington Avs","platforms":["A44N","A44S"],"northLabel":"Manhattan","southLabel":"Outbound"}},{"type":"Feature","geometry":{"type":"Point","coordinates":[-73.973946,40.686113]},"properties":{"stopId":"A43","name":"Lafayette Av","platforms":["A43N","A43S"],"northLabel":"Manhattan","southLabel":"Outbound"}},{"type":"Feature","geometry":{"type":"Point","coordinates":[-73.985001,40.688484]},"properties":{"stopId":"A42","name":"Hoyt-Schermerhorn Sts","platforms":["A42N","A42S"],"northLabel":"Westbound","southLabel":"Queens"}},{"type":"Feature","geometry":{"type":"Point","coordinates":[-73.987342,40.692338]},"properties":{"stopId":"A41","name":"Jay St-MetroTech","platforms":["A41N","A41S"],"northLabel":"Manhattan","southLabel":"Outbound"}},{"type":"Feature","geometry":{"type":"Point","coordinates":[-73.990531,40.699337]},"properties":{"stopId":"A40","name":"High St","platforms":["A40N","A40S"],"northLabel":"Manhattan","southLabel":"Outbound"}},{"type":"Feature","geometry":{"type":"Point","coordinates":[-74.007691,40.710197]},"properties":{"stopId":"A38","name":"Fulton St","platforms":["A38N","A38S"],"northLabel":"Uptown","southLabel":"Brooklyn"}},{"type":"Feature","geometry":{"type":"Point","coordinates":[-74.008585,40.714111]},"properties":{"stopId":"A36","name":"Chambers St","platforms":["A36N","A36S"],"northLabel":"Uptown","southLabel":"Brooklyn"}},{"type":"Feature","geometry":{"type":"Point","coordinates":[-74.005229,40.720824]},"properties":{"stopId":"A34","name":"Canal St","platforms":["A34N","A34S"],"northLabel":"Uptown & Queens","southLabel":"Downtown & Brooklyn & Queens"}},{"type":"Feature","geometry":{"type":"Point","coordinates":[-74.003739,40.726227]},"properties":{"stopId":"A33","name":"Spring St","platforms":["A33N","A33S"],"northLabel":"Uptown & Queens","southLabel":"Downtown & Brooklyn & Queens"}},{"type":"Feature","geometry":{"type":"Point","coordinates":[-74.000495,40.732338]},"properties":{"stopId":"A32","name":"W 4 St-Wash Sq","platforms":["A32N","A32S"],"northLabel":"Uptown & Queens","southLabel":"Downtown & Brooklyn & Queens"}},{"type":"Feature","geometry":{"type":"Point","coordinates":[-74.00169,40.740893]},"properties":{"stopId":"A31","name":"14 St","platforms":["A31N","A31S"],"northLabel":"Uptown & Queens","southLabel":"Downtown & Brooklyn & Queens"}},{"type":"Feature","geometry":{"type":"Point","coordinates":[-73.998041,40.745906]},"properties":{"stopId":"A30","name":"23 St","platforms":["A30N","A30S"],"northLabel":"Uptown & Queens","southLabel":"Downtown & Brooklyn & Queens"}},{"type":"Feature","geometry":{"type":"Point","coordinates":[-73.993391,40.752287]},"properties":{"stopId":"A28","name":"34 St-Penn Station","platforms":["A28N","A28S"],"northLabel":"Uptown & Queens","southLabel":"Downtown & Brooklyn & Queens"}},{"type":"Feature","geometry":{"type":"Point","coordinates":[-73.989735,40.757308]},"properties":{"stopId":"A27","name":"42 St-Port Authority Bus Terminal","platforms":["A27N","A27S"],"northLabel":"Uptown & Queens","southLabel":"Downtown & Brooklyn & Queens"}},{"type":"Feature","geometry":{"type":"Point","coordinates":[-73.985984,40.762456]},"properties":{"stopId":"A25","name":"50 St","platforms":["A25N","A25S"],"northLabel":"Uptown & Queens","southLabel":"Downtown & Brooklyn & Queens"}},{"type":"Feature","geometry":{"type":"Point","coordinates":[-73.981736,40.768296]},"properties":{"stopId":"A24","name":"59 St-Columbus Circle","platforms":["A24N","A24S"],"northLabel":"Uptown & The Bronx","southLabel":"Downtown & Brooklyn & Queens"}},{"type":"Feature","geometry":{"type":"Point","coordinates":[-73.97641,40.775594]},"properties":{"stopId":"A22","name":"72 St","platforms":["A22N","A22S"],"northLabel":"Uptown & The Bronx","southLabel":"Downtown & Brooklyn & Queens"}},{"type":"Feature","geometry":{"type":"Point","coordinates":[-73.972143,40.781433]},"properties":{"stopId":"A21","name":"81 St-Museum of Natural History","platforms":["A21N","A21S"],"northLabel":"Uptown & The Bronx","southLabel":"Downtown & Brooklyn & Queens"}},{"type":"Feature","geometry":{"type":"Point","coordinates":[-73.968916,40.785868]},"properties":{"stopId":"A20","name":"86 St","platforms":["A20N","A20S"],"northLabel":"Uptown & The Bronx","southLabel":"Downtown & Brooklyn & Queens"}},{"type":"Feature","geometry":{"type":"Point","coordinates":[-73.964696,40.791642]},"properties":{"stopId":"A19","name":"96 St","platforms":["A19N","A19S"],"northLabel":"Uptown & The Bronx","southLabel":"Downtown & Brooklyn & Queens"}},{"type":"Feature","geometry":{"type":"Point","coordinates":[-73.961454,40.796092]},"properties":{"stopId":"A18","name":"103 St","platforms":["A18N","A18S"],"northLabel":"Uptown & The Bronx","southLabel":"Downtown & Brooklyn & Queens"}},{"type":"Feature","geometry":{"type":"Point","coordinates":[-73.958161,40.800603]},"properties":{"stopId":"A17","name":"Cathedral Pkwy (110 St)","platforms":["A17N","A17S"],"northLabel":"Uptown & The Bronx","southLabel":"Downtown & Brooklyn & Queens"}},{"type":"Feature","geometry":{"type":"Point","coordinates":[-73.954882,40.805085]},"properties":{"stopId":"A16","name":"116 St","platforms":["A16N","A16S"],"northLabel":"Uptown & The Bronx","southLabel":"Downtown & Brooklyn & Queens"}},{"type":"Feature","geometry":{"type":"Point","coordinates":[-73.952343,40.811109]},"properties":{"stopId":"A15","name":"125 St","platforms":["A15N","A15S"],"northLabel":"Uptown & The Bronx","southLabel":"Downtown & Brooklyn & Queens"}},{"type":"Feature","geometry":{"type":"Point","coordinates":[-73.947649,40.817894]},"properties":{"stopId":"A14","name":"135 St","platforms":["A14N","A14S"],"northLabel":"Uptown & The Bronx","southLabel":"Downtown & Brooklyn & Queens"}},{"type":"Feature","geometry":{"type":"Point","coordinates":[-73.944216,40.824783]},"properties":{"stopId":"A12","name":"145 St","platforms":["A12N","A12S"],"northLabel":"Uptown","southLabel":"Downtown & Brooklyn & Queens"}},{"type":"Feature","geometry":{"type":"Point","coordinates":[-73.941514,40.830518]},"properties":{"stopId":"A11","name":"155 St","platforms":["A11N","A11S"],"northLabel":"Uptown","southLabel":"Downtown & Brooklyn & Queens"}},{"type":"Feature","geometry":{"type":"Point","coordinates":[-73.939892,40.836013]},"properties":{"stopId":"A10","name":"163 St-Amsterdam Av","platforms":["A10N","A10S"],"northLabel":"Uptown","southLabel":"Downtown & Brooklyn & Queens"}},{"type":"Feature","geometry":{"type":"Point","coordinates":[-73.939561,40.840719]},"properties":{"stopId":"A09","name":"168 St","platforms":["A09N","A09S"],"northLabel":"Uptown","southLabel":"Downtown & Brooklyn & Queens"}},{"type":"Feature","geometry":{"type":"Point","coordinates":[-73.939704,40.847391]},"properties":{"stopId":"A07","name":"175 St","platforms":["A07N","A07S"],"northLabel":"Uptown","southLabel":"Downtown & Queens"}},{"type":"Feature","geometry":{"type":"Point","coordinates":[-73.937969,40.851695]},"properties":{"stopId":"A06","name":"181 St","platforms":["A06N","A06S"],"northLabel":"Uptown","southLabel":"Downtown & Queens"}},{"type":"Feature","geometry":{"type":"Point","coordinates":[-73.93418,40.859022]},"properties":{"stopId":"A05","name":"190 St","platforms":["A05N","A05S"],"northLabel":"Uptown","southLabel":"Downtown & Queens"}},{"type":"Feature","geometry":{"type":"Point","coordinates":[-73.927271,40.865491]},"properties":{"stopId":"A03","name":"Dyckman St","platforms":["A03N","A03S"],"northLabel":"Uptown","southLabel":"Downtown & Queens"}},{"type":"Feature","geometry":{"type":"Point","coordinates":[-73.919899,40.868072]},"properties":{"stopId":"A02","name":"Inwood-207 St","platforms":["A02N","A02S"],"northLabel":"Last Stop","southLabel":"Downtown & Queens"}},{"type":"Feature","geometry":{"type":"Point","coordinates":[-73.825798,40.685951]},"properties":{"stopId":"A65","name":"Ozone Park-Lefferts Blvd","platforms":["A65N","A65S"],"northLabel":"Manhattan","southLabel":"Last Stop"}},{"type":"Feature","geometry":{"type":"Point","coordinates":[-73.832163,40.684331]},"properties":{"stopId":"A64","name":"111 St","platforms":["A64N","A64S"],"northLabel":"Manhattan","southLabel":"Ozone Park"}},{"type":"Feature","geometry":{"type":"Point","coordinates":[-73.837683,40.681711]},"properties":{"stopId":"A63","name":"104 St","platforms":["A63N","A63S"],"northLabel":"Manhattan","southLabel":"Ozone Park"}},{"type":"Feature","geometry":{"type":"Point","coordinates":[-73.961376,40.577621]},"properties":{"stopId":"D40","name":"Brighton Beach","platforms":["D40N","D40S"],"northLabel":"Manhattan","southLabel":"Southbound"}},{"type":"Feature","geometry":{"type":"Point","coordinates":[-73.954155,40.586896]},"properties":{"stopId":"D39","name":"Sheepshead Bay","platforms":["D39N","D39S"],"northLabel":"Manhattan","southLabel":"Southbound"}},{"type":"Feature","geometry":{"type":"Point","coordinates":[-73.957734,40.60867]},"properties":{"stopId":"D35","name":"Kings Hwy","platforms":["D35N","D35S"],"northLabel":"Manhattan","southLabel":"Southbound"}},{"type":"Feature","geometry":{"type":"Point","coordinates":[-73.962793,40.635082]},"properties":{"stopId":"D31","name":"Newkirk Plaza","platforms":["D31N","D31S"],"northLabel":"Manhattan","southLabel":"Southbound"}},{"type":"Feature","geometry":{"type":"Point","coordinates":[-73.962982,40.650527]},"properties":{"stopId":"D28","name":"Church Av","platforms":["D28N","D28S"],"northLabel":"Manhattan","southLabel":"Southbound"}},{"type":"Feature","geometry":{"type":"Point","coordinates":[-73.962246,40.661614]},"properties":{"stopId":"D26","name":"Prospect Park","platforms":["D26N","D26S"],"northLabel":"Northbound","southLabel":"Southbound"}},{"type":"Feature","geometry":{"type":"Point","coordinates":[-73.972367,40.67705]},"properties":{"stopId":"D25","name":"7 Av","platforms":["D25N","D25S"],"northLabel":"Manhattan","southLabel":"Southbound"}},{"type":"Feature","geometry":{"type":"Point","coordinates":[-73.97689,40.68446]},"properties":{"stopId":"D24","name":"Atlantic Av-Barclays Ctr","platforms":["D24N","D24S"],"northLabel":"Manhattan","southLabel":"Southbound"}},{"type":"Feature","geometry":{"type":"Point","coordinates":[-73.981824,40.690635]},"properties":{"stopId":"R30","name":"DeKalb Av","platforms":["R30N","R30S"],"northLabel":"Manhattan","southLabel":"Southbound"}},{"type":"Feature","geometry":{"type":"Point","coordinates":[-73.993753,40.718267]},"properties":{"stopId":"D22","name":"Grand St","platforms":["D22N","D22S"],"northLabel":"Uptown & The Bronx","southLabel":"Brooklyn"}},{"type":"Feature","geometry":{"type":"Point","coordinates":[-73.996204,40.725297]},"properties":{"stopId":"D21","name":"Broadway-Lafayette St","platforms":["D21N","D21S"],"northLabel":"Uptown & The Bronx & Queens","southLabel":"Downtown & Brooklyn & Queens"}},{"type":"Feature","geometry":{"type":"Point","coordinates":[-74.000495,40.732338]},"properties":{"stopId":"D20","name":"W 4 St-Wash Sq","platforms":["D20N","D20S"],"northLabel":"Uptown & The Bronx & Queens","southLabel":"Downtown & Brooklyn & Queens"}},{"type":"Feature","geometry":{"type":"Point","coordinates":[-73.987823,40.749719]},"properties":{"stopId":"D17","name":"34 St-Herald Sq","platforms":["D17N","D17S"],"northLabel":"Uptown & The Bronx & Queens","southLabel":"Downtown & Brooklyn & Queens"}},{"type":"Feature","geometry":{"type":"Point","coordinates":[-73.984569,40.754222]},"properties":{"stopId":"D16","name":"42 St-Bryant Pk","platforms":["D16N","D16S"],"northLabel":"Uptown & The Bronx & Queens","southLabel":"Downtown & Brooklyn & Queens"}},{"type":"Feature","geometry":{"type":"Point","coordinates":[-73.981329,40.758663]},"properties":{"stopId":"D15","name":"47-50 Sts-Rockefeller Ctr","platforms":["D15N","D15S"],"northLabel":"Uptown & The Bronx & Queens","southLabel":"Downtown & Brooklyn & Queens"}},{"type":"Feature","geometry":{"type":"Point","coordinates":[-73.981637,40.762862]},"properties":{"stopId":"D14","name":"7 Av","platforms":["D14N","D14S"],"northLabel":"Outbound","southLabel":"Downtown & Brooklyn"}},{"type":"Feature","geometry":{"type":"Point","coordinates":[-73.944216,40.824783]},"properties":{"stopId":"D13","name":"145 St","platforms":["D13N","D13S"],"northLabel":"Uptown & The Bronx","southLabel":"Downtown & Brooklyn"}},{"type":"Feature","geometry":{"type":"Point","coordinates":[-73.938209,40.830135]},"properties":{"stopId":"D12","name":"155 St","platforms":["D12N","D12S"],"northLabel":"The Bronx","southLabel":"Downtown & Brooklyn"}},{"type":"Feature","geometry":{"type":"Point","coordinates":[-73.925651,40.827905]},"properties":{"stopId":"D11","name":"161 St-Yankee Stadium","platforms":["D11N","D11S"],"northLabel":"Northbound","southLabel":"Manhattan"}},{"type":"Feature","geometry":{"type":"Point","coordinates":[-73.91844,40.833771]},"properties":{"stopId":"D10","name":"167 St","platforms":["D10N","D10S"],"northLabel":"Northbound","southLabel":"Manhattan"}},{"type":"Feature","geometry":{"type":"Point","coordinates":[-73.9134,40.839306]},"properties":{"stopId":"D09","name":"170 St","platforms":["D09N","D09S"],"northLabel":"Northbound","southLabel":"Manhattan"}},{"type":"Feature","geometry":{"type":"Point","coordinates":[-73.910136,40.8459]},"properties":{"stopId":"D08","name":"174-175 Sts","platforms":["D08N","D08S"],"northLabel":"Northbound","southLabel":"Manhattan"}},{"type":"Feature","geometry":{"type":"Point","coordinates":[-73.905227,40.85041]},"properties":{"stopId":"D07","name":"Tremont Av","platforms":["D07N","D07S"],"northLabel":"Northbound","southLabel":"Manhattan"}},{"type":"Feature","geometry":{"type":"Point","coordinates":[-73.900741,40.856093]},"properties":{"stopId":"D06","name":"182-183 Sts","platforms":["D06N","D06S"],"northLabel":"Northbound","southLabel":"Manhattan"}},{"type":"Feature","geometry":{"type":"Point","coordinates":[-73.897749,40.861296]},"properties":{"stopId":"D05","name":"Fordham Rd","platforms":["D05N","D05S"],"northLabel":"Northbound","southLabel":"Manhattan"}},{"type":"Feature","geometry":{"type":"Point","coordinates":[-73.893509,40.866978]},"properties":{"stopId":"D04","name":"Kingsbridge Rd","platforms":["D04N","D04S"],"northLabel":"Northbound","southLabel":"Manhattan"}},{"type":"Feature","geometry":{"type":"Point","coordinates":[-73.887138,40.873244]},"properties":{"stopId":"D03","name":"Bedford Park Blvd","platforms":["D03N","D03S"],"northLabel":"Northbound","southLabel":"Manhattan"}},{"type":"Feature","geometry":{"type":"Point","coordinates":[-73.981233,40.577422]},"properties":{"stopId":"D43","name":"Coney Island-Stillwell Av","platforms":["D43N","D43S"],"northLabel":"Manhattan","southLabel":"Last Stop"}},{"type":"Feature","geometry":{"type":"Point","coordinates":[-73.983765,40.588841]},"properties":{"stopId":"B23","name":"Bay 50 St","platforms":["B23N","B23S"],"northLabel":"Manhattan","southLabel":"Coney Island"}},{"type":"Feature","geometry":{"type":"Point","coordinates":[-73.986829,40.597704]},"properties":{"stopId":"B22","name":"25 Av","platforms":["B22N","B22S"],"northLabel":"Manhattan","southLabel":"Coney Island"}},{"type":"Feature","geometry":{"type":"Point","coordinates":[-73.993728,40.601875]},"properties":{"stopId":"B21","name":"Bay Pkwy","platforms":["B21N","B21S"],"northLabel":"Manhattan","southLabel":"Southbound"}},{"type":"Feature","geometry":{"type":"Point","coordinates":[-73.998168,40.604556]},"properties":{"stopId":"B20","name":"20 Av","platforms":["B20N","B20S"],"northLabel":"Manhattan","southLabel":"Southbound"}},{"type":"Feature","geometry":{"type":"Point","coordinates":[-74.001736,40.607954]},"properties":{"stopId":"B19","name":"18 Av","platforms":["B19N","B19S"],"northLabel":"Manhattan","southLabel":"Southbound"}},{"type":"Feature","geometry":{"type":"Point","coordinates":[-74.00061,40.613501]},"properties":{"stopId":"B18","name":"79 St","platforms":["B18N","B18S"],"northLabel":"Manhattan","southLabel":"Southbound"}},{"type":"Feature","geometry":{"type":"Point","coordinates":[-73.998864,40.619589]},"properties":{"stopId":"B17","name":"71 St","platforms":["B17N","B17S"],"northLabel":"Manhattan","southLabel":"Southbound"}},{"type":"Feature","geometry":{"type":"Point","coordinates":[-73.996895,40.626472]},"properties":{"stopId":"B16","name":"62 St","platforms":["B16N","B16S"],"northLabel":"Manhattan","southLabel":"Southbound"}},{"type":"Feature","geometry":{"type":"Point","coordinates":[-73.995476,40.631435]},"properties":{"stopId":"B15","name":"55 St","platforms":["B15N","B15S"],"northLabel":"Manhattan","southLabel":"Southbound"}},{"type":"Feature","geometry":{"type":"Point","coordinates":[-73.994791,40.63626]},"properties":{"stopId":"B14","name":"50 St","platforms":["B14N","B14S"],"northLabel":"Manhattan","southLabel":"Southbound"}},{"type":"Feature","geometry":{"type":"Point","coordinates":[-73.994304,40.640914]},"properties":{"stopId":"B13","name":"Fort Hamilton Pkwy","platforms":["B13N","B13S"],"northLabel":"Manhattan","southLabel":"Southbound"}},{"type":"Feature","geometry":{"type":"Point","coordinates":[-73.994324,40.646292]},"properties":{"stopId":"B12","name":"9 Av","platforms":["B12N","B12S"],"northLabel":"Manhattan","southLabel":"Southbound"}},{"type":"Feature","geometry":{"type":"Point","coordinates":[-74.003549,40.655144]},"properties":{"stopId":"R36","name":"36 St","platforms":["R36N","R36S"],"northLabel":"Manhattan","southLabel":"Southbound"}},{"type":"Feature","geometry":{"type":"Point","coordinates":[-73.998091,40.660397]},"properties":{"stopId":"R35","name":"25 St","platforms":["R35N","R35S"],"northLabel":"Manhattan","southLabel":"Southbound"}},{"type":"Feature","geometry":{"type":"Point","coordinates":[-73.992872,40.665414]},"properties":{"stopId":"R34","name":"Prospect Av","platforms":["R34N","R34S"],"northLabel":"Manhattan","southLabel":"Southbound"}},{"type":"Feature","geometry":{"type":"Point","coordinates":[-73.988302,40.670847]},"properties":{"stopId":"R33","name":"4 Av-9 St","platforms":["R33N","R33S"],"northLabel":"Manhattan","southLabel":"Southbound"}},{"type":"Feature","geometry":{"type":"Point","coordinates":[-73.98311,40.677316]},"properties":{"stopId":"R32","name":"Union St","platforms":["R32N","R32S"],"northLabel":"Manhattan","southLabel":"Southbound"}},{"type":"Feature","geometry":{"type":"Point","coordinates":[-73.97881,40.683666]},"properties":{"stopId":"R31","name":"Atlantic Av-Barclays Ctr","platforms":["R31N","R31S"],"northLabel":"Manhattan","southLabel":"Southbound"}},{"type":"Feature","geometry":{"type":"Point","coordinates":[-73.878855,40.874811]},"properties":{"stopId":"D01","name":"Norwood-205 St","platforms":["D01N","D01S"],"northLabel":"Last Stop","southLabel":"Manhattan"}},{"type":"Feature","geometry":{"type":"Point","coordinates":[-74.009781,40.712582]},"properties":{"stopId":"E01","name":"World Trade Center","platforms":["E01N","E01S"],"northLabel":"Uptown & Queens","southLabel":"Last Stop"}},{"type":"Feature","geometry":{"type":"Point","coordinates":[-73.975224,40.760167]},"properties":{"stopId":"F12","name":"5 Av/53 St","platforms":["F12N","F12S"],"northLabel":"Queens","southLabel":"Downtown & Brooklyn"}},{"type":"Feature","geometry":{"type":"Point","coordinates":[-73.969055,40.757552]},"properties":{"stopId":"F11","name":"Lexington Av/53 St","platforms":["F11N","F11S"],"northLabel":"Queens","southLabel":"Downtown & Brooklyn"}},{"type":"Feature","geometry":{"type":"Point","coordinates":[-73.946,40.747846]},"properties":{"stopId":"F09","name":"Court Sq-23 St","platforms":["F09N","F09S"],"northLabel":"Outbound","southLabel":"Manhattan"}},{"type":"Feature","geometry":{"type":"Point","coordinates":[-73.937243,40.748973]},"properties":{"stopId":"G21","name":"Queens Plaza","platforms":["G21N","G21S"],"northLabel":"Outbound","southLabel":"Manhattan"}},{"type":"Feature","geometry":{"type":"Point","coordinates":[-73.928781,40.752039]},"properties":{"stopId":"G20","name":"36 St","platforms":["G20N","G20S"],"northLabel":"Outbound","southLabel":"Manhattan"}},{"type":"Feature","geometry":{"type":"Point","coordinates":[-73.92074,40.756879]},"properties":{"stopId":"G19","name":"Steinway St","platforms":["G19N","G19S"],"northLabel":"Outbound","southLabel":"Manhattan"}},{"type":"Feature","geometry":{"type":"Point","coordinates":[-73.913333,40.756312]},"properties":{"stopId":"G18","name":"46 St","platforms":["G18N","G18S"],"northLabel":"Outbound","southLabel":"Manhattan"}},{"type":"Feature","geometry":{"type":"Point","coordinates":[-73.906006,40.752885]},"properties":{"stopId":"G16","name":"Northern Blvd","platforms":["G16N","G16S"],"northLabel":"Outbound","southLabel":"Manhattan"}},{"type":"Feature","geometry":{"type":"Point","coordinates":[-73.898453,40.749669]},"properties":{"stopId":"G15","name":"65 St","platforms":["G15N","G15S"],"northLabel":"Outbound","southLabel":"Manhattan"}},{"type":"Feature","geometry":{"type":"Point","coordinates":[-73.891338,40.746644]},"properties":{"stopId":"G14","name":"Jackson Hts-Roosevelt Av","platforms":["G14N","G14S"],"northLabel":"Outbound","southLabel":"Manhattan"}},{"type":"Feature","geometry":{"type":"Point","coordinates":[-73.882017,40.742454]},"properties":{"stopId":"G13","name":"Elmhurst Av","platforms":["G13N","G13S"],"northLabel":"Outbound","southLabel":"Manhattan"}},{"type":"Feature","geometry":{"type":"Point","coordinates":[-73.877223,40.737015]},"properties":{"stopId":"G12","name":"Grand Av-Newtown","platforms":["G12N","G12S"],"northLabel":"Outbound","southLabel":"Manhattan"}},{"type":"Feature","geometry":{"type":"Point","coordinates":[-73.869229,40.733106]},"properties":{"stopId":"G11","name":"Woodhaven Blvd","platforms":["G11N","G11S"],"northLabel":"Outbound","southLabel":"Manhattan"}},{"type":"Feature","geometry":{"type":"Point","coordinates":[-73.861604,40.729846]},"properties":{"stopId":"G10","name":"63 Dr-Rego Park","platforms":["G10N","G10S"],"northLabel":"Outbound","southLabel":"Manhattan"}},{"type":"Feature","geometry":{"type":"Point","coordinates":[-73.852719,40.726523]},"properties":{"stopId":"G09","name":"67 Av","platforms":["G09N","G09S"],"northLabel":"Outbound","southLabel":"Manhattan"}},{"type":"Feature","geometry":{"type":"Point","coordinates":[-73.844521,40.721691]},"properties":{"stopId":"G08","name":"Forest Hills-71 Av","platforms":["G08N","G08S"],"northLabel":"Outbound","southLabel":"Manhattan"}},{"type":"Feature","geometry":{"type":"Point","coordinates":[-73.837324,40.718331]},"properties":{"stopId":"F07","name":"75 Av","platforms":["F07N","F07S"],"northLabel":"Jamaica","southLabel":"Manhattan"}},{"type":"Feature","geometry":{"type":"Point","coordinates":[-73.831008,40.714441]},"properties":{"stopId":"F06","name":"Kew Gardens-Union Tpke","platforms":["F06N","F06S"],"northLabel":"Jamaica","southLabel":"Manhattan"}},{"type":"Feature","geometry":{"type":"Point","coordinates":[-73.820574,40.709179]},"properties":{"stopId":"F05","name":"Briarwood","platforms":["F05N","F05S"],"northLabel":"Jamaica","southLabel":"Manhattan"}},{"type":"Feature","geometry":{"type":"Point","coordinates":[-73.816859,40.702566]},"properties":{"stopId":"G07","name":"Jamaica-Van Wyck","platforms":["G07N","G07S"],"northLabel":"Jamaica","southLabel":"Manhattan"}},{"type":"Feature","geometry":{"type":"Point","coordinates":[-73.807969,40.700486]},"properties":{"stopId":"G06","name":"Sutphin Blvd-Archer Av-JFK Airport","platforms":["G06N","G06S"],"northLabel":"Jamaica","southLabel":"Manhattan"}},{"type":"Feature","geometry":{"type":"Point","coordinates":[-73.801109,40.702147]},"properties":{"stopId":"G05","name":"Jamaica Center-Parsons/Archer","platforms":["G05N","G05S"],"northLabel":"Last Stop","southLabel":"Manhattan"}},{"type":"Feature","geometry":{"type":"Point","coordinates":[-73.975939,40.576127]},"properties":{"stopId":"D42","name":"W 8 St-NY Aquarium","platforms":["D42N","D42S"],"northLabel":"Manhattan","southLabel":"Coney Island"}},{"type":"Feature","geometry":{"type":"Point","coordinates":[-73.974574,40.581011]},"properties":{"stopId":"F39","name":"Neptune Av","platforms":["F39N","F39S"],"northLabel":"Manhattan","southLabel":"Coney Island"}},{"type":"Feature","geometry":{"type":"Point","coordinates":[-73.97425,40.58962]},"properties":{"stopId":"F38","name":"Avenue X","platforms":["F38N","F38S"],"northLabel":"Manhattan","southLabel":"Coney Island"}},{"type":"Feature","geometry":{"type":"Point","coordinates":[-73.973357,40.596063]},"properties":{"stopId":"F36","name":"Avenue U","platforms":["F36N","F36S"],"northLabel":"Manhattan","southLabel":"Coney Island"}},{"type":"Feature","geometry":{"type":"Point","coordinates":[-73.972361,40.603217]},"properties":{"stopId":"F35","name":"Kings Hwy","platforms":["F35N","F35S"],"northLabel":"Manhattan","southLabel":"Southbound"}},{"type":"Feature","geometry":{"type":"Point","coordinates":[-73.973022,40.608944]},"properties":{"stopId":"F34","name":"Avenue P","platforms":["F34N","F34S"],"northLabel":"Manhattan","southLabel":"Southbound"}},{"type":"Feature","geometry":{"type":"Point","coordinates":[-73.974197,40.61514]},"properties":{"stopId":"F33","name":"Avenue N","platforms":["F33N","F33S"],"northLabel":"Manhattan","southLabel":"Southbound"}},{"type":"Feature","geometry":{"type":"Point","coordinates":[-73.975264,40.620769]},"properties":{"stopId":"F32","name":"Bay Pkwy","platforms":["F32N","F32S"],"northLabel":"Manhattan","southLabel":"Southbound"}},{"type":"Feature","geometry":{"type":"Point","coordinates":[-73.976127,40.625322]},"properties":{"stopId":"F31","name":"Avenue I","platforms":["F31N","F31S"],"northLabel":"Manhattan","southLabel":"Southbound"}},{"type":"Feature","geometry":{"type":"Point","coordinates":[-73.976971,40.629755]},"properties":{"stopId":"F30","name":"18 Av","platforms":["F30N","F30S"],"northLabel":"Manhattan","southLabel":"Southbound"}},{"type":"Feature","geometry":{"type":"Point","coordinates":[-73.978172,40.636119]},"properties":{"stopId":"F29","name":"Ditmas Av","platforms":["F29N","F29S"],"northLabel":"Manhattan","southLabel":"Southbound"}},{"type":"Feature","geometry":{"type":"Point","coordinates":[-73.979678,40.644041]},"properties":{"stopId":"F27","name":"Church Av","platforms":["F27N","F27S"],"northLabel":"Northbound","southLabel":"Southbound"}},{"type":"Feature","geometry":{"type":"Point","coordinates":[-73.975776,40.650782]},"properties":{"stopId":"F26","name":"Fort Hamilton Pkwy","platforms":["F26N","F26S"],"northLabel":"Northbound","southLabel":"Southbound"}},{"type":"Feature","geometry":{"type":"Point","coordinates":[-73.979493,40.660365]},"properties":{"stopId":"F25","name":"15 St-Prospect Park","platforms":["F25N","F25S"],"northLabel":"Northbound","southLabel":"Southbound"}},{"type":"Feature","geometry":{"type":"Point","coordinates":[-73.980305,40.666271]},"properties":{"stopId":"F24","name":"7 Av","platforms":["F24N","F24S"],"northLabel":"Northbound","southLabel":"Southbound"}},{"type":"Feature","geometry":{"type":"Point","coordinates":[-73.989779,40.670272]},"properties":{"stopId":"F23","name":"4 Av-9 St","platforms":["F23N","F23S"],"northLabel":"Northbound","southLabel":"Southbound"}},{"type":"Feature","geometry":{"type":"Point","coordinates":[-73.995959,40.67358]},"properties":{"stopId":"F22","name":"Smith-9 Sts","platforms":["F22N","F22S"],"northLabel":"Northbound","southLabel":"Southbound"}},{"type":"Feature","geometry":{"type":"Point","coordinates":[-73.995048,40.680303]},"properties":{"stopId":"F21","name":"Carroll St","platforms":["F21N","F21S"],"northLabel":"Northbound","southLabel":"Southbound"}},{"type":"Feature","geometry":{"type":"Point","coordinates":[-73.990862,40.686145]},"properties":{"stopId":"F20","name":"Bergen St","platforms":["F20N","F20S"],"northLabel":"Northbound","southLabel":"Southbound"}},{"type":"Feature","geometry":{"type":"Point","coordinates":[-73.986751,40.701397]},"properties":{"stopId":"F18","name":"York St","platforms":["F18N","F18S"],"northLabel":"Manhattan","southLabel":"Southbound"}},{"type":"Feature","geometry":{"type":"Point","coordinates":[-73.990173,40.713715]},"properties":{"stopId":"F16","name":"East Broadway","platforms":["F16N","F16S"],"northLabel":"Uptown & Queens","southLabel":"Brooklyn"}},{"type":"Feature","geometry":{"type":"Point","coordinates":[-73.988114,40.718611]},"properties":{"stopId":"F15","name":"Delancey St-Essex St","platforms":["F15N","F15S"],"northLabel":"Uptown & Queens","southLabel":"Brooklyn"}},{"type":"Feature","geometry":{"type":"Point","coordinates":[-73.989938,40.723402]},"properties":{"stopId":"F14","name":"2 Av","platforms":["F14N","F14S"],"northLabel":"Uptown & Queens","southLabel":"Downtown & Brooklyn"}},{"type":"Feature","geometry":{"type":"Point","coordinates":[-73.996209,40.738228]},"properties":{"stopId":"D19","name":"14 St","platforms":["D19N","D19S"],"northLabel":"Uptown & Queens","southLabel":"Downtown & Brooklyn & Queens"}},{"type":"Feature","geometry":{"type":"Point","coordinates":[-73.992821,40.742878]},"properties":{"stopId":"D18","name":"23 St","platforms":["D18N","D18S"],"northLabel":"Uptown & Queens","southLabel":"Downtown & Brooklyn & Queens"}},{"type":"Feature","geometry":{"type":"Point","coordinates":[-73.97745,40.763972]},"properties":{"stopId":"B10","name":"57 St","platforms":["B10N","B10S"],"northLabel":"Uptown & Queens","southLabel":"Downtown & Brooklyn & Queens"}},{"type":"Feature","geometry":{"type":"Point","coordinates":[-73.966113,40.764629]},"properties":{"stopId":"B08","name":"Lexington Av/63 St","platforms":["B08N","B08S"],"northLabel":"Uptown & Queens","southLabel":"Downtown & Brooklyn & Queens"}},{"type":"Feature","geometry":{"type":"Point","coordinates":[-73.95326,40.759145]},"properties":{"stopId":"B06","name":"Roosevelt Island","platforms":["B06N","B06S"],"northLabel":"Queens","southLabel":"Downtown & Brooklyn & Queens"}},{"type":"Feature","geometry":{"type":"Point","coordinates":[-73.942836,40.754203]},"properties":{"stopId":"B04","name":"21 St-Queensbridge","platforms":["B04N","B04S"],"northLabel":"Outbound","southLabel":"Manhattan"}},{"type":"Feature","geometry":{"type":"Point","coordinates":[-73.810708,40.70546]},"properties":{"stopId":"F04","name":"Sutphin Blvd","platforms":["F04N","F04S"],"northLabel":"Jamaica","southLabel":"Manhattan"}},{"type":"Feature","geometry":{"type":"Point","coordinates":[-73.803326,40.707564]},"properties":{"stopId":"F03","name":"Parsons Blvd","platforms":["F03N","F03S"],"northLabel":"Jamaica","southLabel":"Manhattan"}},{"type":"Feature","geometry":{"type":"Point","coordinates":[-73.793604,40.71047]},"properties":{"stopId":"F02","name":"169 St","platforms":["F02N","F02S"],"northLabel":"Jamaica","southLabel":"Manhattan"}},{"type":"Feature","geometry":{"type":"Point","coordinates":[-73.783817,40.712646]},"properties":{"stopId":"F01","name":"Jamaica-179 St","platforms":["F01N","F01S"],"northLabel":"Last Stop","southLabel":"Manhattan"}},{"type":"Feature","geometry":{"type":"Point","coordinates":[-73.959245,40.670343]},"properties":{"stopId":"S04","name":"Botanic Garden","platforms":["S04N","S04S"],"northLabel":"Franklin Av","southLabel":"Prospect Park"}},{"type":"Feature","geometry":{"type":"Point","coordinates":[-73.957624,40.674772]},"properties":{"stopId":"S03","name":"Park Pl","platforms":["S03N","S03S"],"northLabel":"Franklin Av","southLabel":"Prospect Park"}},{"type":"Feature","geometry":{"type":"Point","coordinates":[-73.955827,40.680596]},"properties":{"stopId":"S01","name":"Franklin Av","platforms":["S01N","S01S"],"northLabel":"Last Stop","southLabel":"Prospect Park"}},{"type":"Feature","geometry":{"type":"Point","coordinates":[-73.975375,40.687119]},"properties":{"stopId":"G36","name":"Fulton St","platforms":["G36N","G36S"],"northLabel":"Queens","southLabel":"Southbound"}},{"type":"Feature","geometry":{"type":"Point","coordinates":[-73.966839,40.688089]},"properties":{"stopId":"G35","name":"Clinton-Washington Avs","platforms":["G35N","G35S"],"northLabel":"Queens","southLabel":"Southbound"}},{"type":"Feature","geometry":{"type":"Point","coordinates":[-73.96007,40.688873]},"properties":{"stopId":"G34","name":"Classon Av","platforms":["G34N","G34S"],"northLabel":"Queens","southLabel":"Southbound"}},{"type":"Feature","geometry":{"type":"Point","coordinates":[-73.953522,40.689627]},"properties":{"stopId":"G33","name":"Bedford-Nostrand Avs","platforms":["G33N","G33S"],"northLabel":"Queens","southLabel":"Southbound"}},{"type":"Feature","geometry":{"type":"Point","coordinates":[-73.949046,40.694568]},"properties":{"stopId":"G32","name":"Myrtle-Willoughby Avs","platforms":["G32N","G32S"],"northLabel":"Queens","southLabel":"Southbound"}},{"type":"Feature","geometry":{"type":"Point","coordinates":[-73.950234,40.700377]},"properties":{"stopId":"G31","name":"Flushing Av","platforms":["G31N","G31S"],"northLabel":"Queens","southLabel":"Southbound"}},{"type":"Feature","geometry":{"type":"Point","coordinates":[-73.950308,40.706092]},"properties":{"stopId":"G30","name":"Broadway","platforms":["G30N","G30S"],"northLabel":"Queens","southLabel":"Southbound"}},{"type":"Feature","geometry":{"type":"Point","coordinates":[-73.951418,40.712792]},"properties":{"stopId":"G29","name":"Metropolitan Av","platforms":["G29N","G29S"],"northLabel":"Queens","southLabel":"Southbound"}},{"type":"Feature","geometry":{"type":"Point","coordinates":[-73.951277,40.724635]},"properties":{"stopId":"G28","name":"Nassau Av","platforms":["G28N","G28S"],"northLabel":"Queens","southLabel":"Southbound"}},{"type":"Feature","geometry":{"type":"Point","coordinates":[-73.954449,40.731352]},"properties":{"stopId":"G26","name":"Greenpoint Av","platforms":["G26N","G26S"],"northLabel":"Queens","southLabel":"Southbound"}},{"type":"Feature","geometry":{"type":"Point","coordinates":[-73.949724,40.744065]},"properties":{"stopId":"G24","name":"21 St","platforms":["G24N","G24S"],"northLabel":"Court Square","southLabel":"Brooklyn"}},{"type":"Feature","geometry":{"type":"Point","coordinates":[-73.943832,40.746554]},"properties":{"stopId":"G22","name":"Court Sq","platforms":["G22N","G22S"],"northLabel":"Last Stop","southLabel":"Brooklyn"}},{"type":"Feature","geometry":{"type":"Point","coordinates":[-73.979189,40.752769]},"properties":{"stopId":"901","name":"Grand Central-42 St","platforms":["901N","901S"],"northLabel":"Times Square","southLabel":"Last Stop"}},{"type":"Feature","geometry":{"type":"Point","coordinates":[-73.986229,40.755983]},"properties":{"stopId":"902","name":"Times Sq-42 St","platforms":["902N","902S"],"northLabel":"Last Stop","southLabel":"Grand Central"}},{"type":"Feature","geometry":{"type":"Point","coordinates":[-73.835592,40.580903]},"properties":{"stopId":"H15","name":"Rockaway Park-Beach 116 St","platforms":["H15N","H15S"],"northLabel":"Inbound","southLabel":"Last Stop"}},{"type":"Feature","geometry":{"type":"Point","coordinates":[-73.827559,40.583209]},"properties":{"stopId":"H14","name":"Beach 105 St","platforms":["H14N","H14S"],"northLabel":"Inbound","southLabel":"Rockaway Park"}},{"type":"Feature","geometry":{"type":"Point","coordinates":[-73.820558,40.585307]},"properties":{"stopId":"H13","name":"Beach 98 St","platforms":["H13N","H13S"],"northLabel":"Inbound","southLabel":"Rockaway Park"}},{"type":"Feature","geometry":{"type":"Point","coordinates":[-73.813641,40.588034]},"properties":{"stopId":"H12","name":"Beach 90 St","platforms":["H12N","H12S"],"northLabel":"Inbound","southLabel":"Rockaway Park"}},{"type":"Feature","geometry":{"type":"Point","coordinates":[-74.011056,40.706476]},"properties":{"stopId":"M23","name":"Broad St","platforms":["M23N","M23S"],"northLabel":"Brooklyn","southLabel":"Last Stop"}},{"type":"Feature","geometry":{"type":"Point","coordinates":[-74.007582,40.710374]},"properties":{"stopId":"M22","name":"Fulton St","platforms":["M22N","M22S"],"northLabel":"Brooklyn","southLabel":"Downtown"}},{"type":"Feature","geometry":{"type":"Point","coordinates":[-74.003401,40.713243]},"properties":{"stopId":"M21","name":"Chambers St","platforms":["M21N","M21S"],"northLabel":"Brooklyn","southLabel":"Downtown"}},{"type":"Feature","geometry":{"type":"Point","coordinates":[-73.999892,40.718092]},"properties":{"stopId":"M20","name":"Canal St","platforms":["M20N","M20S"],"northLabel":"Brooklyn","southLabel":"Downtown"}},{"type":"Feature","geometry":{"type":"Point","coordinates":[-73.993915,40.72028]},"properties":{"stopId":"M19","name":"Bowery","platforms":["M19N","M19S"],"northLabel":"Brooklyn","southLabel":"Downtown"}},{"type":"Feature","geometry":{"type":"Point","coordinates":[-73.987437,40.718315]},"properties":{"stopId":"M18","name":"Delancey St-Essex St","platforms":["M18N","M18S"],"northLabel":"Brooklyn","southLabel":"Inbound"}},{"type":"Feature","geometry":{"type":"Point","coordinates":[-73.957757,40.708359]},"properties":{"stopId":"M16","name":"Marcy Av","platforms":["M16N","M16S"],"northLabel":"Outbound","southLabel":"Manhattan"}},{"type":"Feature","geometry":{"type":"Point","coordinates":[-73.953431,40.70687]},"properties":{"stopId":"M14","name":"Hewes St","platforms":["M14N","M14S"],"northLabel":"Outbound","southLabel":"Manhattan"}},{"type":"Feature","geometry":{"type":"Point","coordinates":[-73.947408,40.703869]},"properties":{"stopId":"M13","name":"Lorimer St","platforms":["M13N","M13S"],"northLabel":"Outbound","southLabel":"Manhattan"}},{"type":"Feature","geometry":{"type":"Point","coordinates":[-73.941126,40.70026]},"properties":{"stopId":"M12","name":"Flushing Av","platforms":["M12N","M12S"],"northLabel":"Outbound","southLabel":"Manhattan"}},{"type":"Feature","geometry":{"type":"Point","coordinates":[-73.935657,40.697207]},"properties":{"stopId":"M11","name":"Myrtle Av","platforms":["M11N","M11S"],"northLabel":"Outbound","southLabel":"Manhattan"}},{"type":"Feature","geometry":{"type":"Point","coordinates":[-73.928814,40.693342]},"properties":{"stopId":"J31","name":"Kosciuszko St","platforms":["J31N","J31S"],"northLabel":"Outbound","southLabel":"Manhattan"}},{"type":"Feature","geometry":{"type":"Point","coordinates":[-73.92227,40.68963]},"properties":{"stopId":"J30","name":"Gates Av","platforms":["J30N","J30S"],"northLabel":"Outbound","southLabel":"Manhattan"}},{"type":"Feature","geometry":{"type":"Point","coordinates":[-73.916559,40.68637]},"properties":{"stopId":"J29","name":"Halsey St","platforms":["J29N","J29S"],"northLabel":"Outbound","southLabel":"Manhattan"}},{"type":"Feature","geometry":{"type":"Point","coordinates":[-73.910456,40.682893]},"properties":{"stopId":"J28","name":"Chauncey St","platforms":["J28N","J28S"],"northLabel":"Outbound","southLabel":"Manhattan"}},{"type":"Feature","geometry":{"type":"Point","coordinates":[-73.904512,40.679498]},"properties":{"stopId":"J27","name":"Broadway Junction","platforms":["J27N","J27S"],"northLabel":"Outbound","southLabel":"Manhattan"}},{"type":"Feature","geometry":{"type":"Point","coordinates":[-73.898654,40.676992]},"properties":{"stopId":"J24","name":"Alabama Av","platforms":["J24N","J24S"],"northLabel":"Outbound","southLabel":"Manhattan"}},{"type":"Feature","geometry":{"type":"Point","coordinates":[-73.891688,40.678024]},"properties":{"stopId":"J23","name":"Van Siclen Av","platforms":["J23N","J23S"],"northLabel":"Outbound","southLabel":"Manhattan"}},{"type":"Feature","geometry":{"type":"Point","coordinates":[-73.884639,40.679947]},"properties":{"stopId":"J22","name":"Cleveland St","platforms":["J22N","J22S"],"northLabel":"Outbound","southLabel":"Manhattan"}},{"type":"Feature","geometry":{"type":"Point","coordinates":[-73.880039,40.68141]},"properties":{"stopId":"J21","name":"Norwood Av","platforms":["J21N","J21S"],"northLabel":"Outbound","southLabel":"Manhattan"}},{"type":"Feature","geometry":{"type":"Point","coordinates":[-73.873785,40.683194]},"properties":{"stopId":"J20","name":"Crescent St","platforms":["J20N","J20S"],"northLabel":"Outbound","southLabel":"Manhattan"}},{"type":"Feature","geometry":{"type":"Point","coordinates":[-73.87255,40.689941]},"properties":{"stopId":"J19","name":"Cypress Hills","platforms":["J19N","J19S"],"northLabel":"Queens","southLabel":"Manhattan"}},{"type":"Feature","geometry":{"type":"Point","coordinates":[-73.867139,40.691324]},"properties":{"stopId":"J17","name":"75 St-Elderts Ln","platforms":["J17N","J17S"],"northLabel":"Jamaica","southLabel":"Manhattan"}},{"type":"Feature","geometry":{"type":"Point","coordinates":[-73.86001,40.692435]},"properties":{"stopId":"J16","name":"85 St-Forest Pkwy","platforms":["J16N","J16S"],"northLabel":"Jamaica","southLabel":"Manhattan"}},{"type":"Feature","geometry":{"type":"Point","coordinates":[-73.851576,40.693879]},"properties":{"stopId":"J15","name":"Woodhaven Blvd","platforms":["J15N","J15S"],"northLabel":"Jamaica","southLabel":"Manhattan"}},{"type":"Feature","geometry":{"type":"Point","coordinates":[-73.84433,40.695178]},"properties":{"stopId":"J14","name":"104 St","platforms":["J14N","J14S"],"northLabel":"Jamaica","southLabel":"Manhattan"}},{"type":"Feature","geometry":{"type":"Point","coordinates":[-73.836345,40.697418]},"properties":{"stopId":"J13","name":"111 St","platforms":["J13N","J13S"],"northLabel":"Jamaica","southLabel":"Manhattan"}},{"type":"Feature","geometry":{"type":"Point","coordinates":[-73.828294,40.700492]},"properties":{"stopId":"J12","name":"121 St","platforms":["J12N","J12S"],"northLabel":"Jamaica","southLabel":"Manhattan"}},{"type":"Feature","geometry":{"type":"Point","coordinates":[-73.90185,40.646654]},"properties":{"stopId":"L29","name":"Canarsie-Rockaway Pkwy","platforms":["L29N","L29S"],"northLabel":"Manhattan","southLabel":"Last Stop"}},{"type":"Feature","geometry":{"type":"Point","coordinates":[-73.899485,40.650573]},"properties":{"stopId":"L28","name":"East 105 St","platforms":["L28N","L28S"],"northLabel":"Manhattan","southLabel":"Canarsie"}},{"type":"Feature","geometry":{"type":"Point","coordinates":[-73.899232,40.658733]},"properties":{"stopId":"L27","name":"New Lots Av","platforms":["L27N","L27S"],"northLabel":"Manhattan","southLabel":"Canarsie"}},{"type":"Feature","geometry":{"type":"Point","coordinates":[-73.900571,40.664038]},"properties":{"stopId":"L26","name":"Livonia Av","platforms":["L26N","L26S"],"northLabel":"Manhattan","southLabel":"Canarsie"}},{"type":"Feature","geometry":{"type":"Point","coordinates":[-73.901975,40.669367]},"properties":{"stopId":"L25","name":"Sutter Av","platforms":["L25N","L25S"],"northLabel":"Manhattan","southLabel":"Canarsie"}},{"type":"Feature","geometry":{"type":"Point","coordinates":[-73.903097,40.675345]},"properties":{"stopId":"L24","name":"Atlantic Av","platforms":["L24N","L24S"],"northLabel":"Manhattan","southLabel":"Canarsie"}},{"type":"Feature","geometry":{"type":"Point","coordinates":[-73.90324,40.678856]},"properties":{"stopId":"L22","name":"Broadway Junction","platforms":["L22N","L22S"],"northLabel":"Manhattan","southLabel":"Outbound"}},{"type":"Feature","geometry":{"type":"Point","coordinates":[-73.905249,40.682829]},"properties":{"stopId":"L21","name":"Bushwick Av-Aberdeen St","platforms":["L21N","L21S"],"northLabel":"Manhattan","southLabel":"Outbound"}},{"type":"Feature","geometry":{"type":"Point","coordinates":[-73.904046,40.688764]},"properties":{"stopId":"L20","name":"Wilson Av","platforms":["L20N","L20S"],"northLabel":"Manhattan","southLabel":"Outbound"}},{"type":"Feature","geometry":{"type":"Point","coordinates":[-73.904084,40.695602]},"properties":{"stopId":"L19","name":"Halsey St","platforms":["L19N","L19S"],"northLabel":"Manhattan","southLabel":"Outbound"}},{"type":"Feature","geometry":{"type":"Point","coordinates":[-73.911586,40.699814]},"properties":{"stopId":"L17","name":"Myrtle-Wyckoff Avs","platforms":["L17N","L17S"],"northLabel":"Manhattan","southLabel":"Outbound"}},{"type":"Feature","geometry":{"type":"Point","coordinates":[-73.918425,40.703811]},"properties":{"stopId":"L16","name":"DeKalb Av","platforms":["L16N","L16S"],"northLabel":"Manhattan","southLabel":"Outbound"}},{"type":"Feature","geometry":{"type":"Point","coordinates":[-73.922913,40.706607]},"properties":{"stopId":"L15","name":"Jefferson St","platforms":["L15N","L15S"],"northLabel":"Manhattan","southLabel":"Outbound"}},{"type":"Feature","geometry":{"type":"Point","coordinates":[-73.933147,40.706152]},"properties":{"stopId":"L14","name":"Morgan Av","platforms":["L14N","L14S"],"northLabel":"Manhattan","southLabel":"Outbound"}},{"type":"Feature","geometry":{"type":"Point","coordinates":[-73.93985,40.707739]},"properties":{"stopId":"L13","name":"Montrose Av","platforms":["L13N","L13S"],"northLabel":"Manhattan","southLabel":"Outbound"}},{"type":"Feature","geometry":{"type":"Point","coordinates":[-73.94067,40.711926]},"properties":{"stopId":"L12","name":"Grand St","platforms":["L12N","L12S"],"northLabel":"Manhattan","southLabel":"Outbound"}},{"type":"Feature","geometry":{"type":"Point","coordinates":[-73.944053,40.714565]},"properties":{"stopId":"L11","name":"Graham Av","platforms":["L11N","L11S"],"northLabel":"Manhattan","southLabel":"Outbound"}},{"type":"Feature","geometry":{"type":"Point","coordinates":[-73.950275,40.714063]},"properties":{"stopId":"L10","name":"Lorimer St","platforms":["L10N","L10S"],"northLabel":"Manhattan","southLabel":"Outbound"}},{"type":"Feature","geometry":{"type":"Point","coordinates":[-73.956872,40.717304]},"properties":{"stopId":"L08","name":"Bedford Av","platforms":["L08N","L08S"],"northLabel":"Manhattan","southLabel":"Outbound"}},{"type":"Feature","geometry":{"type":"Point","coordinates":[-73.981628,40.730953]},"properties":{"stopId":"L06","name":"1 Av","platforms":["L06N","L06S"],"northLabel":"West Side","southLabel":"Brooklyn"}},{"type":"Feature","geometry":{"type":"Point","coordinates":[-73.986122,40.732849]},"properties":{"stopId":"L05","name":"3 Av","platforms":["L05N","L05S"],"northLabel":"West Side","southLabel":"Brooklyn"}},{"type":"Feature","geometry":{"type":"Point","coordinates":[-73.99073,40.734789]},"properties":{"stopId":"L03","name":"14 St-Union Sq","platforms":["L03N","L03S"],"northLabel":"West Side","southLabel":"Brooklyn"}},{"type":"Feature","geometry":{"type":"Point","coordinates":[-73.996786,40.737335]},"properties":{"stopId":"L02","name":"6 Av","platforms":["L02N","L02S"],"northLabel":"West Side","southLabel":"Brooklyn"}},{"type":"Feature","geometry":{"type":"Point","coordinates":[-74.002578,40.739777]},"properties":{"stopId":"L01","name":"8 Av","platforms":["L01N","L01S"],"northLabel":"Last Stop","southLabel":"Brooklyn"}},{"type":"Feature","geometry":{"type":"Point","coordinates":[-73.889601,40.711396]},"properties":{"stopId":"M01","name":"Middle Village-Metropolitan Av","platforms":["M01N","M01S"],"northLabel":"Inbound","southLabel":"Last Stop"}},{"type":"Feature","geometry":{"type":"Point","coordinates":[-73.895877,40.706186]},"properties":{"stopId":"M04","name":"Fresh Pond Rd","platforms":["M04N","M04S"],"northLabel":"Inbound","southLabel":"Middle Village"}},{"type":"Feature","geometry":{"type":"Point","coordinates":[-73.903077,40.704423]},"properties":{"stopId":"M05","name":"Forest Av","platforms":["M05N","M05S"],"northLabel":"Inbound","southLabel":"Middle Village"}},{"type":"Feature","geometry":{"type":"Point","coordinates":[-73.90774,40.702762]},"properties":{"stopId":"M06","name":"Seneca Av","platforms":["M06N","M06S"],"northLabel":"Inbound","southLabel":"Middle Village"}},{"type":"Feature","geometry":{"type":"Point","coordinates":[-73.912385,40.69943]},"properties":{"stopId":"M08","name":"Myrtle-Wyckoff Avs","platforms":["M08N","M08S"],"northLabel":"Inbound","southLabel":"Middle Village"}},{"type":"Feature","geometry":{"type":"Point","coordinates":[-73.919711,40.698664]},"properties":{"stopId":"M09","name":"Knickerbocker Av","platforms":["M09N","M09S"],"northLabel":"Inbound","southLabel":"Middle Village"}},{"type":"Feature","geometry":{"type":"Point","coordinates":[-73.927397,40.697857]},"properties":{"stopId":"M10","name":"Central Av","platforms":["M10N","M10S"],"northLabel":"Inbound","southLabel":"Middle Village"}},{"type":"Feature","geometry":{"type":"Point","coordinates":[-73.97823,40.592721]},"properties":{"stopId":"N10","name":"86 St","platforms":["N10N","N10S"],"northLabel":"Manhattan","southLabel":"Coney Island"}},{"type":"Feature","geometry":{"type":"Point","coordinates":[-73.979137,40.597473]},"properties":{"stopId":"N09","name":"Avenue U","platforms":["N09N","N09S"],"northLabel":"Manhattan","southLabel":"Coney Island"}},{"type":"Feature","geometry":{"type":"Point","coordinates":[-73.980353,40.603923]},"properties":{"stopId":"N08","name":"Kings Hwy","platforms":["N08N","N08S"],"northLabel":"Manhattan","southLabel":"Coney Island"}},{"type":"Feature","geometry":{"type":"Point","coordinates":[-73.981848,40.611815]},"properties":{"stopId":"N07","name":"Bay Pkwy","platforms":["N07N","N07S"],"northLabel":"Manhattan","southLabel":"Coney Island"}},{"type":"Feature","geometry":{"type":"Point","coordinates":[-73.985026,40.61741]},"properties":{"stopId":"N06","name":"20 Av","platforms":["N06N","N06S"],"northLabel":"Manhattan","southLabel":"Coney Island"}},{"type":"Feature","geometry":{"type":"Point","coordinates":[-73.990414,40.620671]},"properties":{"stopId":"N05","name":"18 Av","platforms":["N05N","N05S"],"northLabel":"Manhattan","southLabel":"Coney Island"}},{"type":"Feature","geometry":{"type":"Point","coordinates":[-73.996353,40.624842]},"properties":{"stopId":"N04","name":"New Utrecht Av","platforms":["N04N","N04S"],"northLabel":"Manhattan","southLabel":"Coney Island"}},{"type":"Feature","geometry":{"type":"Point","coordinates":[-74.005351,40.631386]},"properties":{"stopId":"N03","name":"Fort Hamilton Pkwy","platforms":["N03N","N03S"],"northLabel":"Manhattan","southLabel":"Coney Island"}},{"type":"Feature","geometry":{"type":"Point","coordinates":[-74.011719,40.635064]},"properties":{"stopId":"N02","name":"8 Av","platforms":["N02N","N02S"],"northLabel":"Manhattan","southLabel":"Coney Island"}},{"type":"Feature","geometry":{"type":"Point","coordinates":[-74.017881,40.641362]},"properties":{"stopId":"R41","name":"59 St","platforms":["R41N","R41S"],"northLabel":"Manhattan","southLabel":"Southbound"}},{"type":"Feature","geometry":{"type":"Point","coordinates":[-74.014034,40.645069]},"properties":{"stopId":"R40","name":"53 St","platforms":["R40N","R40S"],"northLabel":"Manhattan","southLabel":"Southbound"}},{"type":"Feature","geometry":{"type":"Point","coordinates":[-74.010006,40.648939]},"properties":{"stopId":"R39","name":"45 St","platforms":["R39N","R39S"],"northLabel":"Manhattan","southLabel":"Southbound"}},{"type":"Feature","geometry":{"type":"Point","coordinates":[-73.985942,40.69218]},"properties":{"stopId":"R29","name":"Jay St-MetroTech","platforms":["R29N","R29S"],"northLabel":"Manhattan","southLabel":"Southbound"}},{"type":"Feature","geometry":{"type":"Point","coordinates":[-73.991777,40.6941]},"properties":{"stopId":"R28","name":"Court St","platforms":["R28N","R28S"],"northLabel":"Manhattan","southLabel":"Southbound"}},{"type":"Feature","geometry":{"type":"Point","coordinates":[-74.012994,40.703087]},"properties":{"stopId":"R27","name":"Whitehall St-South Ferry","platforms":["R27N","R27S"],"northLabel":"Uptown & Queens","southLabel":"Downtown & Brooklyn"}},{"type":"Feature","geometry":{"type":"Point","coordinates":[-74.013342,40.70722]},"properties":{"stopId":"R26","name":"Rector St","platforms":["R26N","R26S"],"northLabel":"Uptown & Queens","southLabel":"Downtown & Brooklyn"}},{"type":"Feature","geometry":{"type":"Point","coordinates":[-74.011029,40.710668]},"properties":{"stopId":"R25","name":"Cortlandt St","platforms":["R25N","R25S"],"northLabel":"Uptown & Queens","southLabel":"Downtown & Brooklyn"}},{"type":"Feature","geometry":{"type":"Point","coordinates":[-74.006978,40.713282]},"properties":{"stopId":"R24","name":"City Hall","platforms":["R24N","R24S"],"northLabel":"Uptown & Queens","southLabel":"Downtown & Brooklyn"}},{"type":"Feature","geometry":{"type":"Point","coordinates":[-74.001775,40.719527]},"properties":{"stopId":"R23","name":"Canal St","platforms":["R23N","R23S"],"northLabel":"Uptown & Queens","southLabel":"Downtown & Brooklyn"}},{"type":"Feature","geometry":{"type":"Point","coordinates":[-73.997702,40.724329]},"properties":{"stopId":"R22","name":"Prince St","platforms":["R22N","R22S"],"northLabel":"Uptown & Queens","southLabel":"Downtown & Brooklyn"}},{"type":"Feature","geometry":{"type":"Point","coordinates":[-73.992629,40.730328]},"properties":{"stopId":"R21","name":"8 St-NYU","platforms":["R21N","R21S"],"northLabel":"Uptown & Queens","southLabel":"Downtown & Brooklyn"}},{"type":"Feature","geometry":{"type":"Point","coordinates":[-73.990568,40.735736]},"properties":{"stopId":"R20","name":"14 St-Union Sq","platforms":["R20N","R20S"],"northLabel":"Uptown & Queens","southLabel":"Downtown & Brooklyn"}},{"type":"Feature","geometry":{"type":"Point","coordinates":[-73.989344,40.741303]},"properties":{"stopId":"R19","name":"23 St","platforms":["R19N","R19S"],"northLabel":"Uptown & Queens","southLabel":"Downtown & Brooklyn"}},{"type":"Feature","geometry":{"type":"Point","coordinates":[-73.988691,40.745494]},"properties":{"stopId":"R18","name":"28 St","platforms":["R18N","R18S"],"northLabel":"Uptown & Queens","southLabel":"Downtown & Brooklyn"}},{"type":"Feature","geometry":{"type":"Point","coordinates":[-73.98795,40.749567]},"properties":{"stopId":"R17","name":"34 St-Herald Sq","platforms":["R17N","R17S"],"northLabel":"Uptown & Queens","southLabel":"Downtown & Brooklyn"}},{"type":"Feature","geometry":{"type":"Point","coordinates":[-73.986754,40.754672]},"properties":{"stopId":"R16","name":"Times Sq-42 St","platforms":["R16N","R16S"],"northLabel":"Uptown & Queens","southLabel":"Downtown & Brooklyn"}},{"type":"Feature","geometry":{"type":"Point","coordinates":[-73.984139,40.759901]},"properties":{"stopId":"R15","name":"49 St","platforms":["R15N","R15S"],"northLabel":"Uptown & Queens","southLabel":"Downtown & Brooklyn"}},{"type":"Feature","geometry":{"type":"Point","coordinates":[-73.980658,40.764664]},"properties":{"stopId":"R14","name":"57 St-7 Av","platforms":["R14N","R14S"],"northLabel":"Uptown & Queens","southLabel":"Downtown & Brooklyn"}},{"type":"Feature","geometry":{"type":"Point","coordinates":[-73.973347,40.764811]},"properties":{"stopId":"R13","name":"5 Av/59 St","platforms":["R13N","R13S"],"northLabel":"Queens","southLabel":"Downtown & Brooklyn"}},{"type":"Feature","geometry":{"type":"Point","coordinates":[-73.967258,40.76266]},"properties":{"stopId":"R11","name":"Lexington Av/59 St","platforms":["R11N","R11S"],"northLabel":"Queens","southLabel":"Downtown & Brooklyn"}},{"type":"Feature","geometry":{"type":"Point","coordinates":[-73.940202,40.750582]},"properties":{"stopId":"R09","name":"Queensboro Plaza","platforms":["R09N","R09S"],"northLabel":"Astoria","southLabel":"Manhattan"}},{"type":"Feature","geometry":{"type":"Point","coordinates":[-73.932755,40.752882]},"properties":{"stopId":"R08","name":"39 Av-Dutch Kills","platforms":["R08N","R08S"],"northLabel":"Astoria","southLabel":"Manhattan"}},{"type":"Feature","geometry":{"type":"Point","coordinates":[-73.929575,40.756804]},"properties":{"stopId":"R06","name":"36 Av","platforms":["R06N","R06S"],"northLabel":"Astoria","southLabel":"Manhattan"}},{"type":"Feature","geometry":{"type":"Point","coordinates":[-73.925508,40.76182]},"properties":{"stopId":"R05","name":"Broadway","platforms":["R05N","R05S"],"northLabel":"Astoria","southLabel":"Manhattan"}},{"type":"Feature","geometry":{"type":"Point","coordinates":[-73.921479,40.766779]},"properties":{"stopId":"R04","name":"30 Av","platforms":["R04N","R04S"],"northLabel":"Astoria","southLabel":"Manhattan"}},{"type":"Feature","geometry":{"type":"Point","coordinates":[-73.917843,40.770258]},"properties":{"stopId":"R03","name":"Astoria Blvd","platforms":["R03N","R03S"],"northLabel":"Astoria","southLabel":"Manhattan"}},{"type":"Feature","geometry":{"type":"Point","coordinates":[-73.912034,40.775036]},"properties":{"stopId":"R01","name":"Astoria-Ditmars Blvd","platforms":["R01N","R01S"],"northLabel":"Last Stop","southLabel":"Manhattan"}},{"type":"Feature","geometry":{"type":"Point","coordinates":[-74.00046,40.718383]},"properties":{"stopId":"Q01","name":"Canal St","platforms":["Q01N","Q01S"],"northLabel":"Uptown & Queens","southLabel":"Downtown & Brooklyn"}},{"type":"Feature","geometry":{"type":"Point","coordinates":[-73.968501,40.576312]},"properties":{"stopId":"D41","name":"Ocean Pkwy","platforms":["D41N","D41S"],"northLabel":"Manhattan","southLabel":"Coney Island"}},{"type":"Feature","geometry":{"type":"Point","coordinates":[-73.955161,40.595246]},"properties":{"stopId":"D38","name":"Neck Rd","platforms":["D38N","D38S"],"northLabel":"Manhattan","southLabel":"Southbound"}},{"type":"Feature","geometry":{"type":"Point","coordinates":[-73.955929,40.5993]},"properties":{"stopId":"D37","name":"Avenue U","platforms":["D37N","D37S"],"northLabel":"Manhattan","southLabel":"Southbound"}},{"type":"Feature","geometry":{"type":"Point","coordinates":[-73.959399,40.617618]},"properties":{"stopId":"D34","name":"Avenue M","platforms":["D34N","D34S"],"northLabel":"Manhattan","southLabel":"Southbound"}},{"type":"Feature","geometry":{"type":"Point","coordinates":[-73.960803,40.625039]},"properties":{"stopId":"D33","name":"Avenue J","platforms":["D33N","D33S"],"northLabel":"Manhattan","southLabel":"Southbound"}},{"type":"Feature","geometry":{"type":"Point","coordinates":[-73.961639,40.62927]},"properties":{"stopId":"D32","name":"Avenue H","platforms":["D32N","D32S"],"northLabel":"Manhattan","southLabel":"Southbound"}},{"type":"Feature","geometry":{"type":"Point","coordinates":[-73.963891,40.640927]},"properties":{"stopId":"D30","name":"Cortelyou Rd","platforms":["D30N","D30S"],"northLabel":"Manhattan","southLabel":"Southbound"}},{"type":"Feature","geometry":{"type":"Point","coordinates":[-73.964492,40.644031]},"properties":{"stopId":"D29","name":"Beverley Rd","platforms":["D29N","D29S"],"northLabel":"Manhattan","southLabel":"Southbound"}},{"type":"Feature","geometry":{"type":"Point","coordinates":[-73.961495,40.655292]},"properties":{"stopId":"D27","name":"Parkside Av","platforms":["D27N","D27S"],"northLabel":"Manhattan","southLabel":"Southbound"}},{"type":"Feature","geometry":{"type":"Point","coordinates":[-73.958424,40.768799]},"properties":{"stopId":"Q03","name":"72 St","platforms":["Q03N","Q03S"],"northLabel":"Uptown","southLabel":"Downtown & Brooklyn"}},{"type":"Feature","geometry":{"type":"Point","coordinates":[-73.951787,40.777891]},"properties":{"stopId":"Q04","name":"86 St","platforms":["Q04N","Q04S"],"northLabel":"Uptown","southLabel":"Downtown & Brooklyn"}},{"type":"Feature","geometry":{"type":"Point","coordinates":[-73.947152,40.784318]},"properties":{"stopId":"Q05","name":"96 St","platforms":["Q05N","Q05S"],"northLabel":"Last Stop","southLabel":"Downtown & Brooklyn"}},{"type":"Feature","geometry":{"type":"Point","coordinates":[-74.030876,40.616622]},"properties":{"stopId":"R45","name":"Bay Ridge-95 St","platforms":["R45N","R45S"],"northLabel":"Manhattan","southLabel":"Last Stop"}},{"type":"Feature","geometry":{"type":"Point","coordinates":[-74.028398,40.622687]},"properties":{"stopId":"R44","name":"86 St","platforms":["R44N","R44S"],"northLabel":"Manhattan","southLabel":"Bay Ridge"}},{"type":"Feature","geometry":{"type":"Point","coordinates":[-74.02551,40.629742]},"properties":{"stopId":"R43","name":"77 St","platforms":["R43N","R43S"],"northLabel":"Manhattan","southLabel":"Bay Ridge"}},{"type":"Feature","geometry":{"type":"Point","coordinates":[-74.023377,40.634967]},"properties":{"stopId":"R42","name":"Bay Ridge Av","platforms":["R42N","R42S"],"northLabel":"Manhattan","southLabel":"Bay Ridge"}},{"type":"Feature","geometry":{"type":"Point","coordinates":[-74.251961,40.512764]},"properties":{"stopId":"S09","name":"Tottenville","platforms":["S09N","S09S"],"northLabel":"Ferry","southLabel":"Last Stop"}},{"type":"Feature","geometry":{"type":"Point","coordinates":[-74.242096,40.516578]},"properties":{"stopId":"S11","name":"Arthur Kill","platforms":["S11N","S11S"],"northLabel":"Ferry","southLabel":"Tottenville"}},{"type":"Feature","geometry":{"type":"Point","coordinates":[-74.229141,40.519631]},"properties":{"stopId":"S13","name":"Richmond Valley","platforms":["S13N","S13S"],"northLabel":"Ferry","southLabel":"Tottenville"}},{"type":"Feature","geometry":{"type":"Point","coordinates":[-74.217847,40.52241]},"properties":{"stopId":"S14","name":"Pleasant Plains","platforms":["S14N","S14S"],"northLabel":"Ferry","southLabel":"South Shore"}},{"type":"Feature","geometry":{"type":"Point","coordinates":[-74.200064,40.525507]},"properties":{"stopId":"S15","name":"Prince's Bay","platforms":["S15N","S15S"],"northLabel":"Ferry","southLabel":"South Shore"}},{"type":"Feature","geometry":{"type":"Point","coordinates":[-74.191794,40.533674]},"properties":{"stopId":"S16","name":"Huguenot","platforms":["S16N","S16S"],"northLabel":"Ferry","southLabel":"South Shore"}},{"type":"Feature","geometry":{"type":"Point","coordinates":[-74.178217,40.54046]},"properties":{"stopId":"S17","name":"Annadale","platforms":["S17N","S17S"],"northLabel":"Ferry","southLabel":"South Shore"}},{"type":"Feature","geometry":{"type":"Point","coordinates":[-74.16457,40.544601]},"properties":{"stopId":"S18","name":"Eltingville","platforms":["S18N","S18S"],"northLabel":"Ferry","southLabel":"South Shore"}},{"type":"Feature","geometry":{"type":"Point","coordinates":[-74.151399,40.551231]},"properties":{"stopId":"S19","name":"Great Kills","platforms":["S19N","S19S"],"northLabel":"Ferry","southLabel":"South Shore"}},{"type":"Feature","geometry":{"type":"Point","coordinates":[-74.136907,40.5564]},"properties":{"stopId":"S20","name":"Bay Terrace","platforms":["S20N","S20S"],"northLabel":"Ferry","southLabel":"South Shore"}},{"type":"Feature","geometry":{"type":"Point","coordinates":[-74.12632,40.56511]},"properties":{"stopId":"S21","name":"Oakwood Heights","platforms":["S21N","S21S"],"northLabel":"Ferry","southLabel":"South Shore"}},{"type":"Feature","geometry":{"type":"Point","coordinates":[-74.11721,40.57348]},"properties":{"stopId":"S22","name":"New Dorp","platforms":["S22N","S22S"],"northLabel":"Ferry","southLabel":"South Shore"}},{"type":"Feature","geometry":{"type":"Point","coordinates":[-74.109704,40.578965]},"properties":{"stopId":"S23","name":"Grant City","platforms":["S23N","S23S"],"northLabel":"Ferry","southLabel":"South Shore"}},{"type":"Feature","geometry":{"type":"Point","coordinates":[-74.103338,40.583591]},"properties":{"stopId":"S24","name":"Jefferson Av","platforms":["S24N","S24S"],"northLabel":"Ferry","southLabel":"South Shore"}},{"type":"Feature","geometry":{"type":"Point","coordinates":[-74.09609,40.588849]},"properties":{"stopId":"S25","name":"Dongan Hills","platforms":["S25N","S25S"],"northLabel":"Ferry","southLabel":"South Shore"}},{"type":"Feature","geometry":{"type":"Point","coordinates":[-74.087368,40.596612]},"properties":{"stopId":"S26","name":"Old Town","platforms":["S26N","S26S"],"northLabel":"Ferry","southLabel":"South Shore"}},{"type":"Feature","geometry":{"type":"Point","coordinates":[-74.084087,40.603117]},"properties":{"stopId":"S27","name":"Grasmere","platforms":["S27N","S27S"],"northLabel":"Ferry","southLabel":"South Shore"}},{"type":"Feature","geometry":{"type":"Point","coordinates":[-74.071402,40.621319]},"properties":{"stopId":"S28","name":"Clifton","platforms":["S28N","S28S"],"northLabel":"Ferry","southLabel":"South Shore"}},{"type":"Feature","geometry":{"type":"Point","coordinates":[-74.075162,40.627915]},"properties":{"stopId":"S29","name":"Stapleton","platforms":["S29N","S29S"],"northLabel":"Ferry","southLabel":"South Shore"}},{"type":"Feature","geometry":{"type":"Point","coordinates":[-74.074835,40.636949]},"properties":{"stopId":"S30","name":"Tompkinsville","platforms":["S30N","S30S"],"northLabel":"Ferry","southLabel":"South Shore"}},{"type":"Feature","geometry":{"type":"Point","coordinates":[-74.073643,40.643748]},"properties":{"stopId":"S31","name":"St George","platforms":["S31N","S31S"],"northLabel":"Last Stop","southLabel":"South Shore"}}]}